year,site,Species,date,month_day,count,daily_count,cumulative_count,count_type,source_file,source_sheet,source_cell,source_year_header,source_marker
1973,Anvik,Pink,1973-07-03,07/03,2,,2,cumulative,Anvik_PinkCounts.xlsx,Sheet1,C21,1973,
1973,Anvik,Pink,1973-07-04,07/04,6,4,6,cumulative,Anvik_PinkCounts.xlsx,Sheet1,C22,1973,
1973,Anvik,Pink,1973-07-05,07/05,8,2,8,cumulative,Anvik_PinkCounts.xlsx,Sheet1,C23,1973,
1973,Anvik,Pink,1973-07-06,07/06,14,6,14,cumulative,Anvik_PinkCounts.xlsx,Sheet1,C24,1973,
1973,Anvik,Pink,1973-07-07,07/07,15,1,15,cumulative,Anvik_PinkCounts.xlsx,Sheet1,C25,1973,
1973,Anvik,Pink,1973-07-08,07/08,29,14,29,cumulative,Anvik_PinkCounts.xlsx,Sheet1,C26,1973,
1973,Anvik,Pink,1973-07-09,07/09,49,20,49,cumulative,Anvik_PinkCounts.xlsx,Sheet1,C27,1973,
1973,Anvik,Pink,1973-07-10,07/10,75,26,75,cumulative,Anvik_PinkCounts.xlsx,Sheet1,C28,1973,
1973,Anvik,Pink,1973-07-11,07/11,124,49,124,cumulative,Anvik_PinkCounts.xlsx,Sheet1,C29,1973,
1973,Anvik,Pink,1973-07-12,07/12,154,30,154,cumulative,Anvik_PinkCounts.xlsx,Sheet1,C30,1973,
1973,Anvik,Pink,1973-07-13,07/13,189,35,189,cumulative,Anvik_PinkCounts.xlsx,Sheet1,C31,1973,
1973,Anvik,Pink,1973-07-14,07/14,203,14,203,cumulative,Anvik_PinkCounts.xlsx,Sheet1,C32,1973,
1973,Anvik,Pink,1973-07-15,07/15,220,17,220,cumulative,Anvik_PinkCounts.xlsx,Sheet1,C33,1973,
1973,Anvik,Pink,1973-07-16,07/16,237,17,237,cumulative,Anvik_PinkCounts.xlsx,Sheet1,C34,1973,
1973,Anvik,Pink,1973-07-17,07/17,255,18,255,cumulative,Anvik_PinkCounts.xlsx,Sheet1,C35,1973,
1973,Anvik,Pink,1973-07-18,07/18,261,6,261,cumulative,Anvik_PinkCounts.xlsx,Sheet1,C36,1973,
1973,Anvik,Pink,1973-07-19,07/19,269,8,269,cumulative,Anvik_PinkCounts.xlsx,Sheet1,C37,1973,
1973,Anvik,Pink,1973-07-20,07/20,268,-1,268,cumulative,Anvik_PinkCounts.xlsx,Sheet1,C38,1973,
1973,Anvik,Pink,1973-07-21,07/21,278,10,278,cumulative,Anvik_PinkCounts.xlsx,Sheet1,C39,1973,
1973,Anvik,Pink,1973-07-22,07/22,278,0,278,cumulative,Anvik_PinkCounts.xlsx,Sheet1,C40,1973,
1973,Anvik,Pink,1973-07-23,07/23,284,6,284,cumulative,Anvik_PinkCounts.xlsx,Sheet1,C41,1973,
1973,Anvik,Pink,1973-07-24,07/24,281,-3,281,cumulative,Anvik_PinkCounts.xlsx,Sheet1,C42,1973,
1973,Anvik,Pink,1973-07-25,07/25,281,0,281,cumulative,Anvik_PinkCounts.xlsx,Sheet1,C43,1973,
1973,Anvik,Pink,1973-07-26,07/26,281,0,281,cumulative,Anvik_PinkCounts.xlsx,Sheet1,C44,1973,
1973,Anvik,Pink,1973-07-27,07/27,281,0,281,cumulative,Anvik_PinkCounts.xlsx,Sheet1,C45,1973,
1973,Anvik,Pink,1973-07-28,07/28,281,0,281,cumulative,Anvik_PinkCounts.xlsx,Sheet1,C46,1973,
1973,Anvik,Pink,1973-07-29,07/29,281,0,281,cumulative,Anvik_PinkCounts.xlsx,Sheet1,C47,1973,
1973,Anvik,Pink,1973-07-30,07/30,281,0,281,cumulative,Anvik_PinkCounts.xlsx,Sheet1,C48,1973,
1973,Anvik,Pink,1973-07-31,07/31,286,5,286,cumulative,Anvik_PinkCounts.xlsx,Sheet1,C49,1973,
1975,Anvik,Pink,1975-07-06,07/06,0,,0,cumulative,Anvik_PinkCounts.xlsx,Sheet1,E24,1975,
1975,Anvik,Pink,1975-07-07,07/07,0,0,0,cumulative,Anvik_PinkCounts.xlsx,Sheet1,E25,1975,
1975,Anvik,Pink,1975-07-08,07/08,0,0,0,cumulative,Anvik_PinkCounts.xlsx,Sheet1,E26,1975,
1975,Anvik,Pink,1975-07-09,07/09,0,0,0,cumulative,Anvik_PinkCounts.xlsx,Sheet1,E27,1975,
1975,Anvik,Pink,1975-07-10,07/10,0,0,0,cumulative,Anvik_PinkCounts.xlsx,Sheet1,E28,1975,
1975,Anvik,Pink,1975-07-11,07/11,5,5,5,cumulative,Anvik_PinkCounts.xlsx,Sheet1,E29,1975,
1975,Anvik,Pink,1975-07-12,07/12,41,36,41,cumulative,Anvik_PinkCounts.xlsx,Sheet1,E30,1975,
1975,Anvik,Pink,1975-07-13,07/13,158,117,158,cumulative,Anvik_PinkCounts.xlsx,Sheet1,E31,1975,
1975,Anvik,Pink,1975-07-14,07/14,294,136,294,cumulative,Anvik_PinkCounts.xlsx,Sheet1,E32,1975,
1975,Anvik,Pink,1975-07-15,07/15,413,119,413,cumulative,Anvik_PinkCounts.xlsx,Sheet1,E33,1975,
1975,Anvik,Pink,1975-07-16,07/16,532,119,532,cumulative,Anvik_PinkCounts.xlsx,Sheet1,E34,1975,
1975,Anvik,Pink,1975-07-17,07/17,633,101,633,cumulative,Anvik_PinkCounts.xlsx,Sheet1,E35,1975,
1975,Anvik,Pink,1975-07-18,07/18,736,103,736,cumulative,Anvik_PinkCounts.xlsx,Sheet1,E36,1975,
1975,Anvik,Pink,1975-07-19,07/19,913,177,913,cumulative,Anvik_PinkCounts.xlsx,Sheet1,E37,1975,
1975,Anvik,Pink,1975-07-20,07/20,1046,133,1046,cumulative,Anvik_PinkCounts.xlsx,Sheet1,E38,1975,
1975,Anvik,Pink,1975-07-21,07/21,1108,62,1108,cumulative,Anvik_PinkCounts.xlsx,Sheet1,E39,1975,
1975,Anvik,Pink,1975-07-22,07/22,1186,78,1186,cumulative,Anvik_PinkCounts.xlsx,Sheet1,E40,1975,
1975,Anvik,Pink,1975-07-23,07/23,1243,57,1243,cumulative,Anvik_PinkCounts.xlsx,Sheet1,E41,1975,
1975,Anvik,Pink,1975-07-24,07/24,1302,59,1302,cumulative,Anvik_PinkCounts.xlsx,Sheet1,E42,1975,
1975,Anvik,Pink,1975-07-25,07/25,1321,19,1321,cumulative,Anvik_PinkCounts.xlsx,Sheet1,E43,1975,
1975,Anvik,Pink,1975-07-26,07/26,1360,39,1360,cumulative,Anvik_PinkCounts.xlsx,Sheet1,E44,1975,
1975,Anvik,Pink,1975-07-27,07/27,1366,6,1366,cumulative,Anvik_PinkCounts.xlsx,Sheet1,E45,1975,
1975,Anvik,Pink,1975-07-28,07/28,1366,0,1366,cumulative,Anvik_PinkCounts.xlsx,Sheet1,E46,1975,
1975,Anvik,Pink,1975-07-29,07/29,1366,0,1366,cumulative,Anvik_PinkCounts.xlsx,Sheet1,E47,1975,
1976,Anvik,Pink,1976-06-30,06/30,0,,0,cumulative,Anvik_PinkCounts.xlsx,Sheet1,F18,1976,
1976,Anvik,Pink,1976-07-01,07/01,0,0,0,cumulative,Anvik_PinkCounts.xlsx,Sheet1,F19,1976,
1976,Anvik,Pink,1976-07-02,07/02,0,0,0,cumulative,Anvik_PinkCounts.xlsx,Sheet1,F20,1976,
1976,Anvik,Pink,1976-07-03,07/03,0,0,0,cumulative,Anvik_PinkCounts.xlsx,Sheet1,F21,1976,
1976,Anvik,Pink,1976-07-04,07/04,0,0,0,cumulative,Anvik_PinkCounts.xlsx,Sheet1,F22,1976,
1976,Anvik,Pink,1976-07-05,07/05,5,5,5,cumulative,Anvik_PinkCounts.xlsx,Sheet1,F23,1976,
1976,Anvik,Pink,1976-07-06,07/06,10,5,10,cumulative,Anvik_PinkCounts.xlsx,Sheet1,F24,1976,
1976,Anvik,Pink,1976-07-07,07/07,32,22,32,cumulative,Anvik_PinkCounts.xlsx,Sheet1,F25,1976,
1976,Anvik,Pink,1976-07-08,07/08,45,13,45,cumulative,Anvik_PinkCounts.xlsx,Sheet1,F26,1976,
1976,Anvik,Pink,1976-07-09,07/09,63,18,63,cumulative,Anvik_PinkCounts.xlsx,Sheet1,F27,1976,
1976,Anvik,Pink,1976-07-10,07/10,96,33,96,cumulative,Anvik_PinkCounts.xlsx,Sheet1,F28,1976,
1976,Anvik,Pink,1976-07-11,07/11,131,35,131,cumulative,Anvik_PinkCounts.xlsx,Sheet1,F29,1976,
1976,Anvik,Pink,1976-07-12,07/12,154,23,154,cumulative,Anvik_PinkCounts.xlsx,Sheet1,F30,1976,
1976,Anvik,Pink,1976-07-13,07/13,254,100,254,cumulative,Anvik_PinkCounts.xlsx,Sheet1,F31,1976,
1976,Anvik,Pink,1976-07-14,07/14,293,39,293,cumulative,Anvik_PinkCounts.xlsx,Sheet1,F32,1976,
1976,Anvik,Pink,1976-07-15,07/15,315,22,315,cumulative,Anvik_PinkCounts.xlsx,Sheet1,F33,1976,
1976,Anvik,Pink,1976-07-16,07/16,343,28,343,cumulative,Anvik_PinkCounts.xlsx,Sheet1,F34,1976,
1976,Anvik,Pink,1976-07-17,07/17,387,44,387,cumulative,Anvik_PinkCounts.xlsx,Sheet1,F35,1976,
1976,Anvik,Pink,1976-07-18,07/18,405,18,405,cumulative,Anvik_PinkCounts.xlsx,Sheet1,F36,1976,
1976,Anvik,Pink,1976-07-19,07/19,421,16,421,cumulative,Anvik_PinkCounts.xlsx,Sheet1,F37,1976,
1976,Anvik,Pink,1976-07-20,07/20,454,33,454,cumulative,Anvik_PinkCounts.xlsx,Sheet1,F38,1976,
1976,Anvik,Pink,1976-07-21,07/21,466,12,466,cumulative,Anvik_PinkCounts.xlsx,Sheet1,F39,1976,
1976,Anvik,Pink,1976-07-22,07/22,489,23,489,cumulative,Anvik_PinkCounts.xlsx,Sheet1,F40,1976,
1976,Anvik,Pink,1976-07-23,07/23,500,11,500,cumulative,Anvik_PinkCounts.xlsx,Sheet1,F41,1976,
1976,Anvik,Pink,1976-07-24,07/24,503,3,503,cumulative,Anvik_PinkCounts.xlsx,Sheet1,F42,1976,
1976,Anvik,Pink,1976-07-25,07/25,507,4,507,cumulative,Anvik_PinkCounts.xlsx,Sheet1,F43,1976,
1976,Anvik,Pink,1976-07-26,07/26,516,9,516,cumulative,Anvik_PinkCounts.xlsx,Sheet1,F44,1976,
1976,Anvik,Pink,1976-07-27,07/27,519,3,519,cumulative,Anvik_PinkCounts.xlsx,Sheet1,F45,1976,
1976,Anvik,Pink,1976-07-28,07/28,519,0,519,cumulative,Anvik_PinkCounts.xlsx,Sheet1,F46,1976,
1986,EF_Andreafsky,Pink,1986-06-25,06/25,0,,0,cumulative,EF_Andreafsky_PinkCounts.xlsx,Sheet1,G13,1986,
1986,EF_Andreafsky,Pink,1986-06-26,06/26,0,0,0,cumulative,EF_Andreafsky_PinkCounts.xlsx,Sheet1,G14,1986,
1986,EF_Andreafsky,Pink,1986-06-27,06/27,7,7,7,cumulative,EF_Andreafsky_PinkCounts.xlsx,Sheet1,G15,1986,
1986,EF_Andreafsky,Pink,1986-06-28,06/28,43,36,43,cumulative,EF_Andreafsky_PinkCounts.xlsx,Sheet1,G16,1986,
1986,EF_Andreafsky,Pink,1986-06-29,06/29,115,72,115,cumulative,EF_Andreafsky_PinkCounts.xlsx,Sheet1,G17,1986,
1986,EF_Andreafsky,Pink,1986-06-30,06/30,269,154,269,cumulative,EF_Andreafsky_PinkCounts.xlsx,Sheet1,G18,1986,
1986,EF_Andreafsky,Pink,1986-07-01,07/01,1076,807,1076,cumulative,EF_Andreafsky_PinkCounts.xlsx,Sheet1,G19,1986,
1986,EF_Andreafsky,Pink,1986-07-02,07/02,2536,1460,2536,cumulative,EF_Andreafsky_PinkCounts.xlsx,Sheet1,G20,1986,
1986,EF_Andreafsky,Pink,1986-07-03,07/03,4680,2144,4680,cumulative,EF_Andreafsky_PinkCounts.xlsx,Sheet1,G21,1986,
1986,EF_Andreafsky,Pink,1986-07-04,07/04,13295,8615,13295,cumulative,EF_Andreafsky_PinkCounts.xlsx,Sheet1,G22,1986,
1986,EF_Andreafsky,Pink,1986-07-05,07/05,20711,7416,20711,cumulative,EF_Andreafsky_PinkCounts.xlsx,Sheet1,G23,1986,
1986,EF_Andreafsky,Pink,1986-07-06,07/06,24961,4250,24961,cumulative,EF_Andreafsky_PinkCounts.xlsx,Sheet1,G24,1986,
1986,EF_Andreafsky,Pink,1986-07-07,07/07,26417,1456,26417,cumulative,EF_Andreafsky_PinkCounts.xlsx,Sheet1,G25,1986,
1986,EF_Andreafsky,Pink,1986-07-08,07/08,37517,11100,37517,cumulative,EF_Andreafsky_PinkCounts.xlsx,Sheet1,G26,1986,
1986,EF_Andreafsky,Pink,1986-07-09,07/09,44760,7243,44760,cumulative,EF_Andreafsky_PinkCounts.xlsx,Sheet1,G27,1986,
1986,EF_Andreafsky,Pink,1986-07-10,07/10,59264,14504,59264,cumulative,EF_Andreafsky_PinkCounts.xlsx,Sheet1,G28,1986,
1986,EF_Andreafsky,Pink,1986-07-11,07/11,66546,7282,66546,cumulative,EF_Andreafsky_PinkCounts.xlsx,Sheet1,G29,1986,
1986,EF_Andreafsky,Pink,1986-07-12,07/12,78477,11931,78477,cumulative,EF_Andreafsky_PinkCounts.xlsx,Sheet1,G30,1986,
1986,EF_Andreafsky,Pink,1986-07-13,07/13,86135,7658,86135,cumulative,EF_Andreafsky_PinkCounts.xlsx,Sheet1,G31,1986,
1986,EF_Andreafsky,Pink,1986-07-14,07/14,111148,25013,111148,cumulative,EF_Andreafsky_PinkCounts.xlsx,Sheet1,G32,1986,
1987,EF_Andreafsky,Pink,1987-06-25,06/25,0,,0,cumulative,EF_Andreafsky_PinkCounts.xlsx,Sheet1,H13,1987,
1987,EF_Andreafsky,Pink,1987-06-26,06/26,3,3,3,cumulative,EF_Andreafsky_PinkCounts.xlsx,Sheet1,H14,1987,
1987,EF_Andreafsky,Pink,1987-06-27,06/27,6,3,6,cumulative,EF_Andreafsky_PinkCounts.xlsx,Sheet1,H15,1987,
1987,EF_Andreafsky,Pink,1987-06-28,06/28,9,3,9,cumulative,EF_Andreafsky_PinkCounts.xlsx,Sheet1,H16,1987,
1987,EF_Andreafsky,Pink,1987-06-29,06/29,12,3,12,cumulative,EF_Andreafsky_PinkCounts.xlsx,Sheet1,H17,1987,
1987,EF_Andreafsky,Pink,1987-06-30,06/30,15,3,15,cumulative,EF_Andreafsky_PinkCounts.xlsx,Sheet1,H18,1987,
1987,EF_Andreafsky,Pink,1987-07-01,07/01,18,3,18,cumulative,EF_Andreafsky_PinkCounts.xlsx,Sheet1,H19,1987,
1987,EF_Andreafsky,Pink,1987-07-02,07/02,21,3,21,cumulative,EF_Andreafsky_PinkCounts.xlsx,Sheet1,H20,1987,
1987,EF_Andreafsky,Pink,1987-07-03,07/03,24,3,24,cumulative,EF_Andreafsky_PinkCounts.xlsx,Sheet1,H21,1987,
1987,EF_Andreafsky,Pink,1987-07-04,07/04,30,6,30,cumulative,EF_Andreafsky_PinkCounts.xlsx,Sheet1,H22,1987,
1987,EF_Andreafsky,Pink,1987-07-05,07/05,33,3,33,cumulative,EF_Andreafsky_PinkCounts.xlsx,Sheet1,H23,1987,
1987,EF_Andreafsky,Pink,1987-07-06,07/06,33,0,33,cumulative,EF_Andreafsky_PinkCounts.xlsx,Sheet1,H24,1987,
1987,EF_Andreafsky,Pink,1987-07-07,07/07,33,0,33,cumulative,EF_Andreafsky_PinkCounts.xlsx,Sheet1,H25,1987,
1987,EF_Andreafsky,Pink,1987-07-08,07/08,36,3,36,cumulative,EF_Andreafsky_PinkCounts.xlsx,Sheet1,H26,1987,
1987,EF_Andreafsky,Pink,1987-07-09,07/09,39,3,39,cumulative,EF_Andreafsky_PinkCounts.xlsx,Sheet1,H27,1987,
1987,EF_Andreafsky,Pink,1987-07-10,07/10,49,10,49,cumulative,EF_Andreafsky_PinkCounts.xlsx,Sheet1,H28,1987,
1987,EF_Andreafsky,Pink,1987-07-11,07/11,55,6,55,cumulative,EF_Andreafsky_PinkCounts.xlsx,Sheet1,H29,1987,
1987,EF_Andreafsky,Pink,1987-07-12,07/12,61,6,61,cumulative,EF_Andreafsky_PinkCounts.xlsx,Sheet1,H30,1987,
1987,EF_Andreafsky,Pink,1987-07-13,07/13,80,19,80,cumulative,EF_Andreafsky_PinkCounts.xlsx,Sheet1,H31,1987,
1987,EF_Andreafsky,Pink,1987-07-14,07/14,119,39,119,cumulative,EF_Andreafsky_PinkCounts.xlsx,Sheet1,H32,1987,
1987,EF_Andreafsky,Pink,1987-07-15,07/15,158,39,158,cumulative,EF_Andreafsky_PinkCounts.xlsx,Sheet1,H33,1987,
1987,EF_Andreafsky,Pink,1987-07-16,07/16,258,100,258,cumulative,EF_Andreafsky_PinkCounts.xlsx,Sheet1,H34,1987,
1987,EF_Andreafsky,Pink,1987-07-17,07/17,371,113,371,cumulative,EF_Andreafsky_PinkCounts.xlsx,Sheet1,H35,1987,
1987,EF_Andreafsky,Pink,1987-07-18,07/18,455,84,455,cumulative,EF_Andreafsky_PinkCounts.xlsx,Sheet1,H36,1987,
1987,EF_Andreafsky,Pink,1987-07-19,07/19,510,55,510,cumulative,EF_Andreafsky_PinkCounts.xlsx,Sheet1,H37,1987,
1987,EF_Andreafsky,Pink,1987-07-20,07/20,536,26,536,cumulative,EF_Andreafsky_PinkCounts.xlsx,Sheet1,H38,1987,
1987,EF_Andreafsky,Pink,1987-07-21,07/21,568,32,568,cumulative,EF_Andreafsky_PinkCounts.xlsx,Sheet1,H39,1987,
1987,EF_Andreafsky,Pink,1987-07-22,07/22,594,26,594,cumulative,EF_Andreafsky_PinkCounts.xlsx,Sheet1,H40,1987,
1987,EF_Andreafsky,Pink,1987-07-23,07/23,610,16,610,cumulative,EF_Andreafsky_PinkCounts.xlsx,Sheet1,H41,1987,
1987,EF_Andreafsky,Pink,1987-07-24,07/24,665,55,665,cumulative,EF_Andreafsky_PinkCounts.xlsx,Sheet1,H42,1987,
1987,EF_Andreafsky,Pink,1987-07-25,07/25,694,29,694,cumulative,EF_Andreafsky_PinkCounts.xlsx,Sheet1,H43,1987,
1988,EF_Andreafsky,Pink,1988-06-21,06/21,21,,21,cumulative,EF_Andreafsky_PinkCounts.xlsx,Sheet1,I9,1988,
1988,EF_Andreafsky,Pink,1988-06-22,06/22,44,23,44,cumulative,EF_Andreafsky_PinkCounts.xlsx,Sheet1,I10,1988,
1988,EF_Andreafsky,Pink,1988-06-23,06/23,59,15,59,cumulative,EF_Andreafsky_PinkCounts.xlsx,Sheet1,I11,1988,
1988,EF_Andreafsky,Pink,1988-06-24,06/24,84,25,84,cumulative,EF_Andreafsky_PinkCounts.xlsx,Sheet1,I12,1988,
1988,EF_Andreafsky,Pink,1988-06-25,06/25,639,555,639,cumulative,EF_Andreafsky_PinkCounts.xlsx,Sheet1,I13,1988,
1988,EF_Andreafsky,Pink,1988-06-26,06/26,748,109,748,cumulative,EF_Andreafsky_PinkCounts.xlsx,Sheet1,I14,1988,
1988,EF_Andreafsky,Pink,1988-06-27,06/27,976,228,976,cumulative,EF_Andreafsky_PinkCounts.xlsx,Sheet1,I15,1988,
1988,EF_Andreafsky,Pink,1988-06-28,06/28,1645,669,1645,cumulative,EF_Andreafsky_PinkCounts.xlsx,Sheet1,I16,1988,
1988,EF_Andreafsky,Pink,1988-06-29,06/29,2600,955,2600,cumulative,EF_Andreafsky_PinkCounts.xlsx,Sheet1,I17,1988,
1988,EF_Andreafsky,Pink,1988-06-30,06/30,4368,1768,4368,cumulative,EF_Andreafsky_PinkCounts.xlsx,Sheet1,I18,1988,
1988,EF_Andreafsky,Pink,1988-07-01,07/01,6957,2589,6957,cumulative,EF_Andreafsky_PinkCounts.xlsx,Sheet1,I19,1988,
1988,EF_Andreafsky,Pink,1988-07-02,07/02,11172,4215,11172,cumulative,EF_Andreafsky_PinkCounts.xlsx,Sheet1,I20,1988,
1988,EF_Andreafsky,Pink,1988-07-03,07/03,13804,2632,13804,cumulative,EF_Andreafsky_PinkCounts.xlsx,Sheet1,I21,1988,
1988,EF_Andreafsky,Pink,1988-07-04,07/04,17986,4182,17986,cumulative,EF_Andreafsky_PinkCounts.xlsx,Sheet1,I22,1988,
1988,EF_Andreafsky,Pink,1988-07-05,07/05,21380,3394,21380,cumulative,EF_Andreafsky_PinkCounts.xlsx,Sheet1,I23,1988,
1988,EF_Andreafsky,Pink,1988-07-06,07/06,32012,10632,32012,cumulative,EF_Andreafsky_PinkCounts.xlsx,Sheet1,I24,1988,
1988,EF_Andreafsky,Pink,1988-07-07,07/07,40043,8031,40043,cumulative,EF_Andreafsky_PinkCounts.xlsx,Sheet1,I25,1988,
1988,EF_Andreafsky,Pink,1988-07-08,07/08,60886,20843,60886,cumulative,EF_Andreafsky_PinkCounts.xlsx,Sheet1,I26,1988,
1988,EF_Andreafsky,Pink,1988-07-09,07/09,81826,20940,81826,cumulative,EF_Andreafsky_PinkCounts.xlsx,Sheet1,I27,1988,
1988,EF_Andreafsky,Pink,1988-07-10,07/10,100396,18570,100396,cumulative,EF_Andreafsky_PinkCounts.xlsx,Sheet1,I28,1988,
1988,EF_Andreafsky,Pink,1988-07-11,07/11,123839,23443,123839,cumulative,EF_Andreafsky_PinkCounts.xlsx,Sheet1,I29,1988,
1988,EF_Andreafsky,Pink,1988-07-12,07/12,166922,43083,166922,cumulative,EF_Andreafsky_PinkCounts.xlsx,Sheet1,I30,1988,
1988,EF_Andreafsky,Pink,1988-07-13,07/13,174088,7166,174088,cumulative,EF_Andreafsky_PinkCounts.xlsx,Sheet1,I31,1988,
1988,EF_Andreafsky,Pink,1988-07-14,07/14,199027,24939,199027,cumulative,EF_Andreafsky_PinkCounts.xlsx,Sheet1,I32,1988,
1988,EF_Andreafsky,Pink,1988-07-15,07/15,231421,32394,231421,cumulative,EF_Andreafsky_PinkCounts.xlsx,Sheet1,I33,1988,
1988,EF_Andreafsky,Pink,1988-07-16,07/16,255379,23958,255379,cumulative,EF_Andreafsky_PinkCounts.xlsx,Sheet1,I34,1988,
1988,EF_Andreafsky,Pink,1988-07-17,07/17,275482,20103,275482,cumulative,EF_Andreafsky_PinkCounts.xlsx,Sheet1,I35,1988,
1988,EF_Andreafsky,Pink,1988-07-18,07/18,283602,8120,283602,cumulative,EF_Andreafsky_PinkCounts.xlsx,Sheet1,I36,1988,
1988,EF_Andreafsky,Pink,1988-07-19,07/19,287070,3468,287070,cumulative,EF_Andreafsky_PinkCounts.xlsx,Sheet1,I37,1988,
1988,EF_Andreafsky,Pink,1988-07-20,07/20,289812,2742,289812,cumulative,EF_Andreafsky_PinkCounts.xlsx,Sheet1,I38,1988,
1988,EF_Andreafsky,Pink,1988-07-21,07/21,291456,1644,291456,cumulative,EF_Andreafsky_PinkCounts.xlsx,Sheet1,I39,1988,
1988,EF_Andreafsky,Pink,1988-07-22,07/22,292965,1509,292965,cumulative,EF_Andreafsky_PinkCounts.xlsx,Sheet1,I40,1988,
1988,EF_Andreafsky,Pink,1988-07-23,07/23,293680,715,293680,cumulative,EF_Andreafsky_PinkCounts.xlsx,Sheet1,I41,1988,
1988,EF_Andreafsky,Pink,1988-07-24,07/24,295168,1488,295168,cumulative,EF_Andreafsky_PinkCounts.xlsx,Sheet1,I42,1988,
1988,EF_Andreafsky,Pink,1988-07-25,07/25,295723,555,295723,cumulative,EF_Andreafsky_PinkCounts.xlsx,Sheet1,I43,1988,
1994,Anvik,Pink,1994-06-19,06/19,0,,0,cumulative,Anvik_PinkCounts.xlsx,Sheet1,V7,1994,
1994,Anvik,Pink,1994-06-20,06/20,0,0,0,cumulative,Anvik_PinkCounts.xlsx,Sheet1,V8,1994,
1994,Anvik,Pink,1994-06-21,06/21,0,0,0,cumulative,Anvik_PinkCounts.xlsx,Sheet1,V9,1994,
1994,Anvik,Pink,1994-06-22,06/22,0,0,0,cumulative,Anvik_PinkCounts.xlsx,Sheet1,V10,1994,
1994,Anvik,Pink,1994-06-23,06/23,0,0,0,cumulative,Anvik_PinkCounts.xlsx,Sheet1,V11,1994,
1994,Anvik,Pink,1994-06-24,06/24,0,0,0,cumulative,Anvik_PinkCounts.xlsx,Sheet1,V12,1994,
1994,Anvik,Pink,1994-06-25,06/25,0,0,0,cumulative,Anvik_PinkCounts.xlsx,Sheet1,V13,1994,
1994,Anvik,Pink,1994-06-26,06/26,0,0,0,cumulative,Anvik_PinkCounts.xlsx,Sheet1,V14,1994,
1994,Anvik,Pink,1994-06-27,06/27,497,497,497,cumulative,Anvik_PinkCounts.xlsx,Sheet1,V15,1994,
1994,Anvik,Pink,1994-06-28,06/28,497,0,497,cumulative,Anvik_PinkCounts.xlsx,Sheet1,V16,1994,
1994,Anvik,Pink,1994-06-29,06/29,497,0,497,cumulative,Anvik_PinkCounts.xlsx,Sheet1,V17,1994,
1994,Anvik,Pink,1994-06-30,06/30,497,0,497,cumulative,Anvik_PinkCounts.xlsx,Sheet1,V18,1994,
1994,Anvik,Pink,1994-07-01,07/01,497,0,497,cumulative,Anvik_PinkCounts.xlsx,Sheet1,V19,1994,
1994,Anvik,Pink,1994-07-02,07/02,497,0,497,cumulative,Anvik_PinkCounts.xlsx,Sheet1,V20,1994,
1994,Anvik,Pink,1994-07-03,07/03,497,0,497,cumulative,Anvik_PinkCounts.xlsx,Sheet1,V21,1994,
1994,Anvik,Pink,1994-07-04,07/04,497,0,497,cumulative,Anvik_PinkCounts.xlsx,Sheet1,V22,1994,
1994,Anvik,Pink,1994-07-05,07/05,497,0,497,cumulative,Anvik_PinkCounts.xlsx,Sheet1,V23,1994,
1994,Anvik,Pink,1994-07-06,07/06,497,0,497,cumulative,Anvik_PinkCounts.xlsx,Sheet1,V24,1994,
1994,Anvik,Pink,1994-07-07,07/07,1085,588,1085,cumulative,Anvik_PinkCounts.xlsx,Sheet1,V25,1994,
1994,Anvik,Pink,1994-07-08,07/08,1453,368,1453,cumulative,Anvik_PinkCounts.xlsx,Sheet1,V26,1994,
1994,Anvik,Pink,1994-07-09,07/09,1895,442,1895,cumulative,Anvik_PinkCounts.xlsx,Sheet1,V27,1994,
1994,Anvik,Pink,1994-07-10,07/10,2759,864,2759,cumulative,Anvik_PinkCounts.xlsx,Sheet1,V28,1994,
1994,Anvik,Pink,1994-07-11,07/11,2759,0,2759,cumulative,Anvik_PinkCounts.xlsx,Sheet1,V29,1994,
1994,Anvik,Pink,1994-07-12,07/12,4306,1547,4306,cumulative,Anvik_PinkCounts.xlsx,Sheet1,V30,1994,
1994,Anvik,Pink,1994-07-13,07/13,9999,5693,9999,cumulative,Anvik_PinkCounts.xlsx,Sheet1,V31,1994,
1994,Anvik,Pink,1994-07-14,07/14,17307,7308,17307,cumulative,Anvik_PinkCounts.xlsx,Sheet1,V32,1994,
1994,Anvik,Pink,1994-07-15,07/15,24436,7129,24436,cumulative,Anvik_PinkCounts.xlsx,Sheet1,V33,1994,
1994,Anvik,Pink,1994-07-16,07/16,34504,10068,34504,cumulative,Anvik_PinkCounts.xlsx,Sheet1,V34,1994,
1994,Anvik,Pink,1994-07-17,07/17,56609,22105,56609,cumulative,Anvik_PinkCounts.xlsx,Sheet1,V35,1994,
1994,Anvik,Pink,1994-07-18,07/18,88170,31561,88170,cumulative,Anvik_PinkCounts.xlsx,Sheet1,V36,1994,
1994,Anvik,Pink,1994-07-19,07/19,123608,35438,123608,cumulative,Anvik_PinkCounts.xlsx,Sheet1,V37,1994,
1994,Anvik,Pink,1994-07-20,07/20,154919,31311,154919,cumulative,Anvik_PinkCounts.xlsx,Sheet1,V38,1994,
1994,Anvik,Pink,1994-07-21,07/21,171509,16590,171509,cumulative,Anvik_PinkCounts.xlsx,Sheet1,V39,1994,
1994,Anvik,Pink,1994-07-22,07/22,208755,37246,208755,cumulative,Anvik_PinkCounts.xlsx,Sheet1,V40,1994,
1994,Anvik,Pink,1994-07-23,07/23,252999,44244,252999,cumulative,Anvik_PinkCounts.xlsx,Sheet1,V41,1994,
1994,EF_Andreafsky,Pink,1994-06-29,06/29,8,,8,cumulative,EF_Andreafsky_PinkCounts.xlsx,Sheet1,J17,1994,
1994,EF_Andreafsky,Pink,1994-06-30,06/30,459,451,459,cumulative,EF_Andreafsky_PinkCounts.xlsx,Sheet1,J18,1994,
1994,EF_Andreafsky,Pink,1994-07-01,07/01,868,409,868,cumulative,EF_Andreafsky_PinkCounts.xlsx,Sheet1,J19,1994,
1994,EF_Andreafsky,Pink,1994-07-02,07/02,1062,194,1062,cumulative,EF_Andreafsky_PinkCounts.xlsx,Sheet1,J20,1994,
1994,EF_Andreafsky,Pink,1994-07-03,07/03,1367,305,1367,cumulative,EF_Andreafsky_PinkCounts.xlsx,Sheet1,J21,1994,
1994,EF_Andreafsky,Pink,1994-07-04,07/04,2147,780,2147,cumulative,EF_Andreafsky_PinkCounts.xlsx,Sheet1,J22,1994,
1994,EF_Andreafsky,Pink,1994-07-05,07/05,3174,1027,3174,cumulative,EF_Andreafsky_PinkCounts.xlsx,Sheet1,J23,1994,
1994,EF_Andreafsky,Pink,1994-07-06,07/06,3946,772,3946,cumulative,EF_Andreafsky_PinkCounts.xlsx,Sheet1,J24,1994,
1994,EF_Andreafsky,Pink,1994-07-07,07/07,7972,4026,7972,cumulative,EF_Andreafsky_PinkCounts.xlsx,Sheet1,J25,1994,
1994,EF_Andreafsky,Pink,1994-07-08,07/08,9708,1736,9708,cumulative,EF_Andreafsky_PinkCounts.xlsx,Sheet1,J26,1994,
1994,EF_Andreafsky,Pink,1994-07-09,07/09,13971,4263,13971,cumulative,EF_Andreafsky_PinkCounts.xlsx,Sheet1,J27,1994,
1994,EF_Andreafsky,Pink,1994-07-10,07/10,18715,4744,18715,cumulative,EF_Andreafsky_PinkCounts.xlsx,Sheet1,J28,1994,
1994,EF_Andreafsky,Pink,1994-07-11,07/11,22028,3313,22028,cumulative,EF_Andreafsky_PinkCounts.xlsx,Sheet1,J29,1994,
1994,EF_Andreafsky,Pink,1994-07-12,07/12,30475,8447,30475,cumulative,EF_Andreafsky_PinkCounts.xlsx,Sheet1,J30,1994,
1994,EF_Andreafsky,Pink,1994-07-13,07/13,44043,13568,44043,cumulative,EF_Andreafsky_PinkCounts.xlsx,Sheet1,J31,1994,
1994,EF_Andreafsky,Pink,1994-07-14,07/14,68885,24842,68885,cumulative,EF_Andreafsky_PinkCounts.xlsx,Sheet1,J32,1994,
1994,EF_Andreafsky,Pink,1994-07-15,07/15,91345,22460,91345,cumulative,EF_Andreafsky_PinkCounts.xlsx,Sheet1,J33,1994,
1994,EF_Andreafsky,Pink,1994-07-16,07/16,111957,20612,111957,cumulative,EF_Andreafsky_PinkCounts.xlsx,Sheet1,J34,1994,
1994,EF_Andreafsky,Pink,1994-07-17,07/17,139010,27053,139010,cumulative,EF_Andreafsky_PinkCounts.xlsx,Sheet1,J35,1994,
1994,EF_Andreafsky,Pink,1994-07-18,07/18,157287,18277,157287,cumulative,EF_Andreafsky_PinkCounts.xlsx,Sheet1,J36,1994,
1994,EF_Andreafsky,Pink,1994-07-19,07/19,178079,20792,178079,cumulative,EF_Andreafsky_PinkCounts.xlsx,Sheet1,J37,1994,
1994,EF_Andreafsky,Pink,1994-07-20,07/20,201590,23511,201590,cumulative,EF_Andreafsky_PinkCounts.xlsx,Sheet1,J38,1994,
1994,EF_Andreafsky,Pink,1994-07-21,07/21,212462,10872,212462,cumulative,EF_Andreafsky_PinkCounts.xlsx,Sheet1,J39,1994,
1994,EF_Andreafsky,Pink,1994-07-22,07/22,221437,8975,221437,cumulative,EF_Andreafsky_PinkCounts.xlsx,Sheet1,J40,1994,
1994,EF_Andreafsky,Pink,1994-07-23,07/23,239129,17692,239129,cumulative,EF_Andreafsky_PinkCounts.xlsx,Sheet1,J41,1994,
1994,EF_Andreafsky,Pink,1994-07-24,07/24,254249,15120,254249,cumulative,EF_Andreafsky_PinkCounts.xlsx,Sheet1,J42,1994,
1994,EF_Andreafsky,Pink,1994-07-25,07/25,257815,3566,257815,cumulative,EF_Andreafsky_PinkCounts.xlsx,Sheet1,J43,1994,
1994,EF_Andreafsky,Pink,1994-07-26,07/26,268040,10225,268040,cumulative,EF_Andreafsky_PinkCounts.xlsx,Sheet1,J44,1994,
1994,EF_Andreafsky,Pink,1994-07-27,07/27,281861,13821,281861,cumulative,EF_Andreafsky_PinkCounts.xlsx,Sheet1,J45,1994,
1994,EF_Andreafsky,Pink,1994-07-28,07/28,297163,15302,297163,cumulative,EF_Andreafsky_PinkCounts.xlsx,Sheet1,J46,1994,
1994,EF_Andreafsky,Pink,1994-07-29,07/29,306899,9736,306899,cumulative,EF_Andreafsky_PinkCounts.xlsx,Sheet1,J47,1994,
1994,EF_Andreafsky,Pink,1994-07-30,07/30,313058,6159,313058,cumulative,EF_Andreafsky_PinkCounts.xlsx,Sheet1,J48,1994,
1994,EF_Andreafsky,Pink,1994-07-31,07/31,315534,2476,315534,cumulative,EF_Andreafsky_PinkCounts.xlsx,Sheet1,J49,1994,
1994,EF_Andreafsky,Pink,1994-08-01,08/01,316530,996,316530,cumulative,EF_Andreafsky_PinkCounts.xlsx,Sheet1,J50,1994,
1995,EF_Andreafsky,Pink,1995-06-16,06/16,0,,0,cumulative,EF_Andreafsky_PinkCounts.xlsx,Sheet1,K4,1995,
1995,EF_Andreafsky,Pink,1995-06-17,06/17,0,0,0,cumulative,EF_Andreafsky_PinkCounts.xlsx,Sheet1,K5,1995,
1995,EF_Andreafsky,Pink,1995-06-18,06/18,0,0,0,cumulative,EF_Andreafsky_PinkCounts.xlsx,Sheet1,K6,1995,
1995,EF_Andreafsky,Pink,1995-06-19,06/19,0,0,0,cumulative,EF_Andreafsky_PinkCounts.xlsx,Sheet1,K7,1995,
1995,EF_Andreafsky,Pink,1995-06-20,06/20,0,0,0,cumulative,EF_Andreafsky_PinkCounts.xlsx,Sheet1,K8,1995,
1995,EF_Andreafsky,Pink,1995-06-21,06/21,0,0,0,cumulative,EF_Andreafsky_PinkCounts.xlsx,Sheet1,K9,1995,
1995,EF_Andreafsky,Pink,1995-06-22,06/22,0,0,0,cumulative,EF_Andreafsky_PinkCounts.xlsx,Sheet1,K10,1995,
1995,EF_Andreafsky,Pink,1995-06-23,06/23,0,0,0,cumulative,EF_Andreafsky_PinkCounts.xlsx,Sheet1,K11,1995,
1995,EF_Andreafsky,Pink,1995-06-24,06/24,0,0,0,cumulative,EF_Andreafsky_PinkCounts.xlsx,Sheet1,K12,1995,
1995,EF_Andreafsky,Pink,1995-06-25,06/25,0,0,0,cumulative,EF_Andreafsky_PinkCounts.xlsx,Sheet1,K13,1995,
1995,EF_Andreafsky,Pink,1995-06-26,06/26,0,0,0,cumulative,EF_Andreafsky_PinkCounts.xlsx,Sheet1,K14,1995,
1995,EF_Andreafsky,Pink,1995-06-27,06/27,1,1,1,cumulative,EF_Andreafsky_PinkCounts.xlsx,Sheet1,K15,1995,
1995,EF_Andreafsky,Pink,1995-06-28,06/28,1,0,1,cumulative,EF_Andreafsky_PinkCounts.xlsx,Sheet1,K16,1995,
1995,EF_Andreafsky,Pink,1995-06-29,06/29,3,2,3,cumulative,EF_Andreafsky_PinkCounts.xlsx,Sheet1,K17,1995,
1995,EF_Andreafsky,Pink,1995-06-30,06/30,6,3,6,cumulative,EF_Andreafsky_PinkCounts.xlsx,Sheet1,K18,1995,
1995,EF_Andreafsky,Pink,1995-07-01,07/01,19,13,19,cumulative,EF_Andreafsky_PinkCounts.xlsx,Sheet1,K19,1995,
1995,EF_Andreafsky,Pink,1995-07-02,07/02,23,4,23,cumulative,EF_Andreafsky_PinkCounts.xlsx,Sheet1,K20,1995,
1995,EF_Andreafsky,Pink,1995-07-03,07/03,27,4,27,cumulative,EF_Andreafsky_PinkCounts.xlsx,Sheet1,K21,1995,
1995,EF_Andreafsky,Pink,1995-07-04,07/04,32,5,32,cumulative,EF_Andreafsky_PinkCounts.xlsx,Sheet1,K22,1995,
1995,EF_Andreafsky,Pink,1995-07-05,07/05,41,9,41,cumulative,EF_Andreafsky_PinkCounts.xlsx,Sheet1,K23,1995,
1995,EF_Andreafsky,Pink,1995-07-06,07/06,139,98,139,cumulative,EF_Andreafsky_PinkCounts.xlsx,Sheet1,K24,1995,
1995,EF_Andreafsky,Pink,1995-07-07,07/07,216,77,216,cumulative,EF_Andreafsky_PinkCounts.xlsx,Sheet1,K25,1995,
1995,EF_Andreafsky,Pink,1995-07-08,07/08,220,4,220,cumulative,EF_Andreafsky_PinkCounts.xlsx,Sheet1,K26,1995,
1995,EF_Andreafsky,Pink,1995-07-09,07/09,238,18,238,cumulative,EF_Andreafsky_PinkCounts.xlsx,Sheet1,K27,1995,
1995,EF_Andreafsky,Pink,1995-07-10,07/10,271,33,271,cumulative,EF_Andreafsky_PinkCounts.xlsx,Sheet1,K28,1995,
1995,EF_Andreafsky,Pink,1995-07-11,07/11,294,23,294,cumulative,EF_Andreafsky_PinkCounts.xlsx,Sheet1,K29,1995,
1995,EF_Andreafsky,Pink,1995-07-12,07/12,394,100,394,cumulative,EF_Andreafsky_PinkCounts.xlsx,Sheet1,K30,1995,
1995,EF_Andreafsky,Pink,1995-07-13,07/13,503,109,503,cumulative,EF_Andreafsky_PinkCounts.xlsx,Sheet1,K31,1995,
1995,EF_Andreafsky,Pink,1995-07-14,07/14,597,94,597,cumulative,EF_Andreafsky_PinkCounts.xlsx,Sheet1,K32,1995,
1995,EF_Andreafsky,Pink,1995-07-15,07/15,678,81,678,cumulative,EF_Andreafsky_PinkCounts.xlsx,Sheet1,K33,1995,
1995,EF_Andreafsky,Pink,1995-07-16,07/16,742,64,742,cumulative,EF_Andreafsky_PinkCounts.xlsx,Sheet1,K34,1995,
1995,EF_Andreafsky,Pink,1995-07-17,07/17,802,60,802,cumulative,EF_Andreafsky_PinkCounts.xlsx,Sheet1,K35,1995,
1995,EF_Andreafsky,Pink,1995-07-18,07/18,833,31,833,cumulative,EF_Andreafsky_PinkCounts.xlsx,Sheet1,K36,1995,
1995,EF_Andreafsky,Pink,1995-07-19,07/19,848,15,848,cumulative,EF_Andreafsky_PinkCounts.xlsx,Sheet1,K37,1995,
1995,EF_Andreafsky,Pink,1995-07-20,07/20,878,30,878,cumulative,EF_Andreafsky_PinkCounts.xlsx,Sheet1,K38,1995,
1995,EF_Andreafsky,Pink,1995-07-21,07/21,918,40,918,cumulative,EF_Andreafsky_PinkCounts.xlsx,Sheet1,K39,1995,
1995,EF_Andreafsky,Pink,1995-07-22,07/22,966,48,966,cumulative,EF_Andreafsky_PinkCounts.xlsx,Sheet1,K40,1995,
1995,EF_Andreafsky,Pink,1995-07-23,07/23,1043,77,1043,cumulative,EF_Andreafsky_PinkCounts.xlsx,Sheet1,K41,1995,
1995,EF_Andreafsky,Pink,1995-07-24,07/24,1068,25,1068,cumulative,EF_Andreafsky_PinkCounts.xlsx,Sheet1,K42,1995,
1995,EF_Andreafsky,Pink,1995-07-25,07/25,1284,216,1284,cumulative,EF_Andreafsky_PinkCounts.xlsx,Sheet1,K43,1995,
1995,EF_Andreafsky,Pink,1995-07-26,07/26,1372,88,1372,cumulative,EF_Andreafsky_PinkCounts.xlsx,Sheet1,K44,1995,
1995,EF_Andreafsky,Pink,1995-07-27,07/27,1409,37,1409,cumulative,EF_Andreafsky_PinkCounts.xlsx,Sheet1,K45,1995,
1995,EF_Andreafsky,Pink,1995-07-28,07/28,1429,20,1429,cumulative,EF_Andreafsky_PinkCounts.xlsx,Sheet1,K46,1995,
1995,EF_Andreafsky,Pink,1995-07-29,07/29,1443,14,1443,cumulative,EF_Andreafsky_PinkCounts.xlsx,Sheet1,K47,1995,
1995,EF_Andreafsky,Pink,1995-07-30,07/30,1472,29,1472,cumulative,EF_Andreafsky_PinkCounts.xlsx,Sheet1,K48,1995,
1995,EF_Andreafsky,Pink,1995-07-31,07/31,1483,11,1483,cumulative,EF_Andreafsky_PinkCounts.xlsx,Sheet1,K49,1995,
1995,EF_Andreafsky,Pink,1995-08-01,08/01,1505,22,1505,cumulative,EF_Andreafsky_PinkCounts.xlsx,Sheet1,K50,1995,
1995,EF_Andreafsky,Pink,1995-08-02,08/02,1528,23,1528,cumulative,EF_Andreafsky_PinkCounts.xlsx,Sheet1,K51,1995,
1995,EF_Andreafsky,Pink,1995-08-03,08/03,1572,44,1572,cumulative,EF_Andreafsky_PinkCounts.xlsx,Sheet1,K52,1995,
1995,EF_Andreafsky,Pink,1995-08-04,08/04,1592,20,1592,cumulative,EF_Andreafsky_PinkCounts.xlsx,Sheet1,K53,1995,
1995,EF_Andreafsky,Pink,1995-08-05,08/05,1609,17,1609,cumulative,EF_Andreafsky_PinkCounts.xlsx,Sheet1,K54,1995,
1995,EF_Andreafsky,Pink,1995-08-06,08/06,1631,22,1631,cumulative,EF_Andreafsky_PinkCounts.xlsx,Sheet1,K55,1995,
1995,EF_Andreafsky,Pink,1995-08-07,08/07,1668,37,1668,cumulative,EF_Andreafsky_PinkCounts.xlsx,Sheet1,K56,1995,
1995,EF_Andreafsky,Pink,1995-08-08,08/08,1688,20,1688,cumulative,EF_Andreafsky_PinkCounts.xlsx,Sheet1,K57,1995,
1995,EF_Andreafsky,Pink,1995-08-09,08/09,1717,29,1717,cumulative,EF_Andreafsky_PinkCounts.xlsx,Sheet1,K58,1995,
1995,EF_Andreafsky,Pink,1995-08-10,08/10,1763,46,1763,cumulative,EF_Andreafsky_PinkCounts.xlsx,Sheet1,K59,1995,
1995,EF_Andreafsky,Pink,1995-08-11,08/11,1781,18,1781,cumulative,EF_Andreafsky_PinkCounts.xlsx,Sheet1,K60,1995,
1995,EF_Andreafsky,Pink,1995-08-12,08/12,1792,11,1792,cumulative,EF_Andreafsky_PinkCounts.xlsx,Sheet1,K61,1995,
1995,EF_Andreafsky,Pink,1995-08-13,08/13,1804,12,1804,cumulative,EF_Andreafsky_PinkCounts.xlsx,Sheet1,K62,1995,
1995,EF_Andreafsky,Pink,1995-08-14,08/14,1836,32,1836,cumulative,EF_Andreafsky_PinkCounts.xlsx,Sheet1,K63,1995,
1995,EF_Andreafsky,Pink,1995-08-15,08/15,1856,20,1856,cumulative,EF_Andreafsky_PinkCounts.xlsx,Sheet1,K64,1995,
1995,EF_Andreafsky,Pink,1995-08-16,08/16,1875,19,1875,cumulative,EF_Andreafsky_PinkCounts.xlsx,Sheet1,K65,1995,
1995,EF_Andreafsky,Pink,1995-08-17,08/17,1892,17,1892,cumulative,EF_Andreafsky_PinkCounts.xlsx,Sheet1,K66,1995,
1995,EF_Andreafsky,Pink,1995-08-18,08/18,1898,6,1898,cumulative,EF_Andreafsky_PinkCounts.xlsx,Sheet1,K67,1995,
1995,EF_Andreafsky,Pink,1995-08-19,08/19,1905,7,1905,cumulative,EF_Andreafsky_PinkCounts.xlsx,Sheet1,K68,1995,
1995,EF_Andreafsky,Pink,1995-08-20,08/20,1909,4,1909,cumulative,EF_Andreafsky_PinkCounts.xlsx,Sheet1,K69,1995,
1995,EF_Andreafsky,Pink,1995-08-21,08/21,1916,7,1916,cumulative,EF_Andreafsky_PinkCounts.xlsx,Sheet1,K70,1995,
1995,EF_Andreafsky,Pink,1995-08-22,08/22,1922,6,1922,cumulative,EF_Andreafsky_PinkCounts.xlsx,Sheet1,K71,1995,
1995,EF_Andreafsky,Pink,1995-08-23,08/23,1926,4,1926,cumulative,EF_Andreafsky_PinkCounts.xlsx,Sheet1,K72,1995,
1995,EF_Andreafsky,Pink,1995-08-24,08/24,1934,8,1934,cumulative,EF_Andreafsky_PinkCounts.xlsx,Sheet1,K73,1995,
1995,EF_Andreafsky,Pink,1995-08-25,08/25,1937,3,1937,cumulative,EF_Andreafsky_PinkCounts.xlsx,Sheet1,K74,1995,
1995,EF_Andreafsky,Pink,1995-08-26,08/26,1942,5,1942,cumulative,EF_Andreafsky_PinkCounts.xlsx,Sheet1,K75,1995,
1995,EF_Andreafsky,Pink,1995-08-27,08/27,1951,9,1951,cumulative,EF_Andreafsky_PinkCounts.xlsx,Sheet1,K76,1995,
1995,EF_Andreafsky,Pink,1995-08-28,08/28,1951,0,1951,cumulative,EF_Andreafsky_PinkCounts.xlsx,Sheet1,K77,1995,
1995,EF_Andreafsky,Pink,1995-08-29,08/29,1958,7,1958,cumulative,EF_Andreafsky_PinkCounts.xlsx,Sheet1,K78,1995,
1995,EF_Andreafsky,Pink,1995-08-30,08/30,1963,5,1963,cumulative,EF_Andreafsky_PinkCounts.xlsx,Sheet1,K79,1995,
1995,EF_Andreafsky,Pink,1995-08-31,08/31,1963,0,1963,cumulative,EF_Andreafsky_PinkCounts.xlsx,Sheet1,K80,1995,
1995,EF_Andreafsky,Pink,1995-09-01,09/01,1963,0,1963,cumulative,EF_Andreafsky_PinkCounts.xlsx,Sheet1,K81,1995,
1995,EF_Andreafsky,Pink,1995-09-02,09/02,1965,2,1965,cumulative,EF_Andreafsky_PinkCounts.xlsx,Sheet1,K82,1995,
1995,EF_Andreafsky,Pink,1995-09-03,09/03,1966,1,1966,cumulative,EF_Andreafsky_PinkCounts.xlsx,Sheet1,K83,1995,
1995,EF_Andreafsky,Pink,1995-09-04,09/04,1966,0,1966,cumulative,EF_Andreafsky_PinkCounts.xlsx,Sheet1,K84,1995,
1995,EF_Andreafsky,Pink,1995-09-05,09/05,1967,1,1967,cumulative,EF_Andreafsky_PinkCounts.xlsx,Sheet1,K85,1995,
1995,EF_Andreafsky,Pink,1995-09-06,09/06,1968,1,1968,cumulative,EF_Andreafsky_PinkCounts.xlsx,Sheet1,K86,1995,
1995,EF_Andreafsky,Pink,1995-09-07,09/07,1969,1,1969,cumulative,EF_Andreafsky_PinkCounts.xlsx,Sheet1,K87,1995,
1995,EF_Andreafsky,Pink,1995-09-08,09/08,1970,1,1970,cumulative,EF_Andreafsky_PinkCounts.xlsx,Sheet1,K88,1995,
1995,EF_Andreafsky,Pink,1995-09-09,09/09,1970,0,1970,cumulative,EF_Andreafsky_PinkCounts.xlsx,Sheet1,K89,1995,
1995,EF_Andreafsky,Pink,1995-09-10,09/10,1971,1,1971,cumulative,EF_Andreafsky_PinkCounts.xlsx,Sheet1,K90,1995,
1995,EF_Andreafsky,Pink,1995-09-11,09/11,1971,0,1971,cumulative,EF_Andreafsky_PinkCounts.xlsx,Sheet1,K91,1995,
1995,EF_Andreafsky,Pink,1995-09-12,09/12,1972,1,1972,cumulative,EF_Andreafsky_PinkCounts.xlsx,Sheet1,K92,1995,
1995,pilot,Chum,1995-07-19,07/19,31059,31059,31059,daily,PilotCounts.xlsx,AllChum,B54,1995,
1995,pilot,Chum,1995-07-20,07/20,32010,32010,63069,daily,PilotCounts.xlsx,AllChum,B55,1995,
1995,pilot,Chum,1995-07-21,07/21,39816,39816,102885,daily,PilotCounts.xlsx,AllChum,B56,1995,
1995,pilot,Chum,1995-07-22,07/22,36876,36876,139761,daily,PilotCounts.xlsx,AllChum,B57,1995,
1995,pilot,Chum,1995-07-23,07/23,23332,23332,163093,daily,PilotCounts.xlsx,AllChum,B58,1995,
1995,pilot,Chum,1995-07-24,07/24,5204,5204,168297,daily,PilotCounts.xlsx,AllChum,B59,1995,
1995,pilot,Chum,1995-07-25,07/25,15612,15612,183909,daily,PilotCounts.xlsx,AllChum,B60,1995,
1995,pilot,Chum,1995-07-26,07/26,20609,20609,204518,daily,PilotCounts.xlsx,AllChum,B61,1995,
1995,pilot,Chum,1995-07-27,07/27,38502,38502,243020,daily,PilotCounts.xlsx,AllChum,B62,1995,
1995,pilot,Chum,1995-07-28,07/28,58228,58228,301248,daily,PilotCounts.xlsx,AllChum,B63,1995,
1995,pilot,Chum,1995-07-29,07/29,65735,65735,366983,daily,PilotCounts.xlsx,AllChum,B64,1995,
1995,pilot,Chum,1995-07-30,07/30,34871,34871,401854,daily,PilotCounts.xlsx,AllChum,B65,1995,
1995,pilot,Chum,1995-07-31,07/31,13038,13038,414892,daily,PilotCounts.xlsx,AllChum,B66,1995,
1995,pilot,Chum,1995-08-01,08/01,5874,5874,420766,daily,PilotCounts.xlsx,AllChum,B67,1995,
1995,pilot,Chum,1995-08-02,08/02,2978,2978,423744,daily,PilotCounts.xlsx,AllChum,B68,1995,
1995,pilot,Chum,1995-08-03,08/03,5750,5750,429494,daily,PilotCounts.xlsx,AllChum,B69,1995,
1995,pilot,Chum,1995-08-04,08/04,4203,4203,433697,daily,PilotCounts.xlsx,AllChum,B70,1995,
1995,pilot,Chum,1995-08-05,08/05,1582,1582,435279,daily,PilotCounts.xlsx,AllChum,B71,1995,
1995,pilot,Chum,1995-08-06,08/06,14075,14075,449354,daily,PilotCounts.xlsx,AllChum,B72,1995,
1995,pilot,Chum,1995-08-07,08/07,72239,72239,521593,daily,PilotCounts.xlsx,AllChum,B73,1995,
1995,pilot,Chum,1995-08-08,08/08,48442,48442,570035,daily,PilotCounts.xlsx,AllChum,B74,1995,
1995,pilot,Chum,1995-08-09,08/09,15243,15243,585278,daily,PilotCounts.xlsx,AllChum,B75,1995,
1995,pilot,Chum,1995-08-10,08/10,13493,13493,598771,daily,PilotCounts.xlsx,AllChum,B76,1995,
1995,pilot,Chum,1995-08-11,08/11,9689,9689,608460,daily,PilotCounts.xlsx,AllChum,B77,1995,
1995,pilot,Chum,1995-08-12,08/12,48474,48474,656934,daily,PilotCounts.xlsx,AllChum,B78,1995,
1995,pilot,Chum,1995-08-13,08/13,23557,23557,680491,daily,PilotCounts.xlsx,AllChum,B79,1995,
1995,pilot,Chum,1995-08-14,08/14,19832,19832,700323,daily,PilotCounts.xlsx,AllChum,B80,1995,
1995,pilot,Chum,1995-08-15,08/15,26006,26006,726329,daily,PilotCounts.xlsx,AllChum,B81,1995,
1995,pilot,Chum,1995-08-16,08/16,70000,70000,796329,daily,PilotCounts.xlsx,AllChum,B82,1995,
1995,pilot,Chum,1995-08-17,08/17,64124,64124,860453,daily,PilotCounts.xlsx,AllChum,B83,1995,
1995,pilot,Chum,1995-08-18,08/18,11724,11724,872177,daily,PilotCounts.xlsx,AllChum,B84,1995,
1995,pilot,Chum,1995-08-19,08/19,10861,10861,883038,daily,PilotCounts.xlsx,AllChum,B85,1995,
1995,pilot,Chum,1995-08-20,08/20,27883,27883,910921,daily,PilotCounts.xlsx,AllChum,B86,1995,
1995,pilot,Chum,1995-08-21,08/21,54946,54946,965867,daily,PilotCounts.xlsx,AllChum,B87,1995,
1995,pilot,Chum,1995-08-22,08/22,36070,36070,1001937,daily,PilotCounts.xlsx,AllChum,B88,1995,
1995,pilot,Chum,1995-08-23,08/23,5174,5174,1007111,daily,PilotCounts.xlsx,AllChum,B89,1995,
1995,pilot,Chum,1995-08-24,08/24,31667,31667,1038778,daily,PilotCounts.xlsx,AllChum,B90,1995,
1995,pilot,Chum,1995-08-25,08/25,55755,55755,1094533,daily,PilotCounts.xlsx,AllChum,B91,1995,
1995,pilot,Chum,1995-08-26,08/26,16788,16788,1111321,daily,PilotCounts.xlsx,AllChum,B92,1995,
1995,pilot,Chum,1995-08-27,08/27,6403,6403,1117724,daily,PilotCounts.xlsx,AllChum,B93,1995,
1995,pilot,Chum,1995-08-28,08/28,2321,2321,1120045,daily,PilotCounts.xlsx,AllChum,B94,1995,
1995,pilot,Chum,1995-08-29,08/29,3066,3066,1123111,daily,PilotCounts.xlsx,AllChum,B95,1995,
1995,pilot,Chum,1995-08-30,08/30,1078,1078,1124189,daily,PilotCounts.xlsx,AllChum,B96,1995,
1995,pilot,Chum,1995-08-31,08/31,1085,1085,1125274,daily,PilotCounts.xlsx,AllChum,B97,1995,
1995,pilot,Chum,1995-09-01,09/01,7968,7968,1133242,daily,PilotCounts.xlsx,AllChum,B98,1995,
1995,pilot,Chum,1995-09-02,09/02,8839,8839,1142081,daily,PilotCounts.xlsx,AllChum,B99,1995,
1995,pilot,Chum,1995-09-03,09/03,6835,6835,1148916,daily,PilotCounts.xlsx,AllChum,B100,1995,
1995,pilot,Pink,1995-06-07,06/07,0,,0,cumulative,PilotCounts.xlsx,Pink,B12,1995,
1995,pilot,Pink,1995-06-08,06/08,0,0,0,cumulative,PilotCounts.xlsx,Pink,B13,1995,
1995,pilot,Pink,1995-06-09,06/09,0,0,0,cumulative,PilotCounts.xlsx,Pink,B14,1995,
1995,pilot,Pink,1995-06-10,06/10,0,0,0,cumulative,PilotCounts.xlsx,Pink,B15,1995,
1995,pilot,Pink,1995-06-11,06/11,0,0,0,cumulative,PilotCounts.xlsx,Pink,B16,1995,
1995,pilot,Pink,1995-06-12,06/12,0,0,0,cumulative,PilotCounts.xlsx,Pink,B17,1995,
1995,pilot,Pink,1995-06-13,06/13,0,0,0,cumulative,PilotCounts.xlsx,Pink,B18,1995,
1995,pilot,Pink,1995-06-14,06/14,0,0,0,cumulative,PilotCounts.xlsx,Pink,B19,1995,
1995,pilot,Pink,1995-06-15,06/15,0,0,0,cumulative,PilotCounts.xlsx,Pink,B20,1995,
1995,pilot,Pink,1995-06-16,06/16,0,0,0,cumulative,PilotCounts.xlsx,Pink,B21,1995,
1995,pilot,Pink,1995-06-17,06/17,0,0,0,cumulative,PilotCounts.xlsx,Pink,B22,1995,
1995,pilot,Pink,1995-06-18,06/18,0,0,0,cumulative,PilotCounts.xlsx,Pink,B23,1995,
1995,pilot,Pink,1995-06-19,06/19,0,0,0,cumulative,PilotCounts.xlsx,Pink,B24,1995,
1995,pilot,Pink,1995-06-20,06/20,0,0,0,cumulative,PilotCounts.xlsx,Pink,B25,1995,
1995,pilot,Pink,1995-06-21,06/21,0,0,0,cumulative,PilotCounts.xlsx,Pink,B26,1995,
1995,pilot,Pink,1995-06-22,06/22,0,0,0,cumulative,PilotCounts.xlsx,Pink,B27,1995,
1995,pilot,Pink,1995-06-23,06/23,0,0,0,cumulative,PilotCounts.xlsx,Pink,B28,1995,
1995,pilot,Pink,1995-06-24,06/24,0,0,0,cumulative,PilotCounts.xlsx,Pink,B29,1995,
1995,pilot,Pink,1995-06-25,06/25,0,0,0,cumulative,PilotCounts.xlsx,Pink,B30,1995,
1995,pilot,Pink,1995-06-26,06/26,0,0,0,cumulative,PilotCounts.xlsx,Pink,B31,1995,
1995,pilot,Pink,1995-06-27,06/27,916,916,916,cumulative,PilotCounts.xlsx,Pink,B32,1995,
1995,pilot,Pink,1995-06-28,06/28,1941,1025,1941,cumulative,PilotCounts.xlsx,Pink,B33,1995,
1995,pilot,Pink,1995-06-29,06/29,1941,0,1941,cumulative,PilotCounts.xlsx,Pink,B34,1995,
1995,pilot,Pink,1995-06-30,06/30,1941,0,1941,cumulative,PilotCounts.xlsx,Pink,B35,1995,
1995,pilot,Pink,1995-07-01,07/01,1941,0,1941,cumulative,PilotCounts.xlsx,Pink,B36,1995,
1995,pilot,Pink,1995-07-02,07/02,1941,0,1941,cumulative,PilotCounts.xlsx,Pink,B37,1995,
1995,pilot,Pink,1995-07-03,07/03,1941,0,1941,cumulative,PilotCounts.xlsx,Pink,B38,1995,
1995,pilot,Pink,1995-07-04,07/04,1941,0,1941,cumulative,PilotCounts.xlsx,Pink,B39,1995,
1995,pilot,Pink,1995-07-05,07/05,1941,0,1941,cumulative,PilotCounts.xlsx,Pink,B40,1995,
1995,pilot,Pink,1995-07-06,07/06,3114,1173,3114,cumulative,PilotCounts.xlsx,Pink,B41,1995,
1995,pilot,Pink,1995-07-07,07/07,3976,862,3976,cumulative,PilotCounts.xlsx,Pink,B42,1995,
1995,pilot,Pink,1995-07-08,07/08,3976,0,3976,cumulative,PilotCounts.xlsx,Pink,B43,1995,
1995,pilot,Pink,1995-07-09,07/09,4584,608,4584,cumulative,PilotCounts.xlsx,Pink,B44,1995,
1995,pilot,Pink,1995-07-10,07/10,5414,830,5414,cumulative,PilotCounts.xlsx,Pink,B45,1995,
1995,pilot,Pink,1995-07-11,07/11,6811,1397,6811,cumulative,PilotCounts.xlsx,Pink,B46,1995,
1995,pilot,Pink,1995-07-12,07/12,8737,1926,8737,cumulative,PilotCounts.xlsx,Pink,B47,1995,
1995,pilot,Pink,1995-07-13,07/13,10708,1971,10708,cumulative,PilotCounts.xlsx,Pink,B48,1995,
1995,pilot,Pink,1995-07-14,07/14,12717,2009,12717,cumulative,PilotCounts.xlsx,Pink,B49,1995,
1995,pilot,Pink,1995-07-15,07/15,15019,2302,15019,cumulative,PilotCounts.xlsx,Pink,B50,1995,
1995,pilot,Pink,1995-07-16,07/16,17527,2508,17527,cumulative,PilotCounts.xlsx,Pink,B51,1995,
1995,pilot,Pink,1995-07-17,07/17,17527,0,17527,cumulative,PilotCounts.xlsx,Pink,B52,1995,
1995,pilot,Pink,1995-07-18,07/18,17527,0,17527,cumulative,PilotCounts.xlsx,Pink,B53,1995,
1995,pilot,Pink,1995-07-19,07/19,17849,322,17849,cumulative,PilotCounts.xlsx,Pink,B54,1995,
1995,pilot,Pink,1995-07-20,07/20,17849,0,17849,cumulative,PilotCounts.xlsx,Pink,B55,1995,
1995,pilot,Pink,1995-07-21,07/21,18813,964,18813,cumulative,PilotCounts.xlsx,Pink,B56,1995,
1995,pilot,Pink,1995-07-22,07/22,22239,3426,22239,cumulative,PilotCounts.xlsx,Pink,B57,1995,
1995,pilot,Pink,1995-07-23,07/23,23098,859,23098,cumulative,PilotCounts.xlsx,Pink,B58,1995,
1995,pilot,Pink,1995-07-24,07/24,24285,1187,24285,cumulative,PilotCounts.xlsx,Pink,B59,1995,
1995,pilot,Pink,1995-07-25,07/25,25343,1058,25343,cumulative,PilotCounts.xlsx,Pink,B60,1995,
1995,pilot,Pink,1995-07-26,07/26,26608,1265,26608,cumulative,PilotCounts.xlsx,Pink,B61,1995,
1995,pilot,Pink,1995-07-27,07/27,33562,6954,33562,cumulative,PilotCounts.xlsx,Pink,B62,1995,
1995,pilot,Pink,1995-07-28,07/28,38993,5431,38993,cumulative,PilotCounts.xlsx,Pink,B63,1995,
1995,pilot,Pink,1995-07-29,07/29,41416,2423,41416,cumulative,PilotCounts.xlsx,Pink,B64,1995,
1995,pilot,Pink,1995-07-30,07/30,44725,3309,44725,cumulative,PilotCounts.xlsx,Pink,B65,1995,
1995,pilot,Pink,1995-07-31,07/31,46099,1374,46099,cumulative,PilotCounts.xlsx,Pink,B66,1995,
1995,pilot,Pink,1995-08-01,08/01,46099,0,46099,cumulative,PilotCounts.xlsx,Pink,B67,1995,
1995,pilot,Pink,1995-08-02,08/02,47103,1004,47103,cumulative,PilotCounts.xlsx,Pink,B68,1995,
1995,pilot,Pink,1995-08-03,08/03,48359,1256,48359,cumulative,PilotCounts.xlsx,Pink,B69,1995,
1995,pilot,Pink,1995-08-04,08/04,49325,966,49325,cumulative,PilotCounts.xlsx,Pink,B70,1995,
1995,pilot,Pink,1995-08-05,08/05,49325,0,49325,cumulative,PilotCounts.xlsx,Pink,B71,1995,
1995,pilot,Pink,1995-08-06,08/06,49586,261,49586,cumulative,PilotCounts.xlsx,Pink,B72,1995,
1995,pilot,Pink,1995-08-07,08/07,49586,0,49586,cumulative,PilotCounts.xlsx,Pink,B73,1995,
1995,pilot,Pink,1995-08-08,08/08,50871,1285,50871,cumulative,PilotCounts.xlsx,Pink,B74,1995,
1995,pilot,Pink,1995-08-09,08/09,50871,0,50871,cumulative,PilotCounts.xlsx,Pink,B75,1995,
1995,pilot,Pink,1995-08-10,08/10,50871,0,50871,cumulative,PilotCounts.xlsx,Pink,B76,1995,
1995,pilot,Pink,1995-08-11,08/11,52465,1594,52465,cumulative,PilotCounts.xlsx,Pink,B77,1995,
1995,pilot,Pink,1995-08-12,08/12,52465,0,52465,cumulative,PilotCounts.xlsx,Pink,B78,1995,
1995,pilot,Pink,1995-08-13,08/13,52465,0,52465,cumulative,PilotCounts.xlsx,Pink,B79,1995,
1995,pilot,Pink,1995-08-14,08/14,52465,0,52465,cumulative,PilotCounts.xlsx,Pink,B80,1995,
1995,pilot,Pink,1995-08-15,08/15,52465,0,52465,cumulative,PilotCounts.xlsx,Pink,B81,1995,
1995,pilot,Pink,1995-08-16,08/16,52465,0,52465,cumulative,PilotCounts.xlsx,Pink,B82,1995,
1995,pilot,Pink,1995-08-17,08/17,52465,0,52465,cumulative,PilotCounts.xlsx,Pink,B83,1995,
1995,pilot,Pink,1995-08-18,08/18,52465,0,52465,cumulative,PilotCounts.xlsx,Pink,B84,1995,
1995,pilot,Pink,1995-08-19,08/19,53060,595,53060,cumulative,PilotCounts.xlsx,Pink,B85,1995,
1995,pilot,Pink,1995-08-20,08/20,53060,0,53060,cumulative,PilotCounts.xlsx,Pink,B86,1995,
1995,pilot,Pink,1995-08-21,08/21,53060,0,53060,cumulative,PilotCounts.xlsx,Pink,B87,1995,
1995,pilot,Pink,1995-08-22,08/22,53060,0,53060,cumulative,PilotCounts.xlsx,Pink,B88,1995,
1995,pilot,Pink,1995-08-23,08/23,53060,0,53060,cumulative,PilotCounts.xlsx,Pink,B89,1995,
1995,pilot,Pink,1995-08-24,08/24,53060,0,53060,cumulative,PilotCounts.xlsx,Pink,B90,1995,
1995,pilot,Pink,1995-08-25,08/25,53060,0,53060,cumulative,PilotCounts.xlsx,Pink,B91,1995,
1995,pilot,Pink,1995-08-26,08/26,53060,0,53060,cumulative,PilotCounts.xlsx,Pink,B92,1995,
1995,pilot,Pink,1995-08-27,08/27,53060,0,53060,cumulative,PilotCounts.xlsx,Pink,B93,1995,
1995,pilot,Pink,1995-08-28,08/28,53060,0,53060,cumulative,PilotCounts.xlsx,Pink,B94,1995,
1995,pilot,Pink,1995-08-29,08/29,53165,105,53165,cumulative,PilotCounts.xlsx,Pink,B95,1995,
1995,pilot,Pink,1995-08-30,08/30,53165,0,53165,cumulative,PilotCounts.xlsx,Pink,B96,1995,
1995,pilot,Pink,1995-08-31,08/31,53165,0,53165,cumulative,PilotCounts.xlsx,Pink,B97,1995,
1995,pilot,Pink,1995-09-01,09/01,53165,0,53165,cumulative,PilotCounts.xlsx,Pink,B98,1995,
1995,pilot,Pink,1995-09-02,09/02,53165,0,53165,cumulative,PilotCounts.xlsx,Pink,B99,1995,
1995,pilot,Pink,1995-09-03,09/03,53165,0,53165,cumulative,PilotCounts.xlsx,Pink,B100,1995,
1996,EF_Andreafsky,Pink,1996-06-19,06/19,12,,12,cumulative,EF_Andreafsky_PinkCounts.xlsx,Sheet1,L7,1996,
1996,EF_Andreafsky,Pink,1996-06-20,06/20,16,4,16,cumulative,EF_Andreafsky_PinkCounts.xlsx,Sheet1,L8,1996,
1996,EF_Andreafsky,Pink,1996-06-21,06/21,56,40,56,cumulative,EF_Andreafsky_PinkCounts.xlsx,Sheet1,L9,1996,
1996,EF_Andreafsky,Pink,1996-06-22,06/22,98,42,98,cumulative,EF_Andreafsky_PinkCounts.xlsx,Sheet1,L10,1996,
1996,EF_Andreafsky,Pink,1996-06-23,06/23,255,157,255,cumulative,EF_Andreafsky_PinkCounts.xlsx,Sheet1,L11,1996,
1996,EF_Andreafsky,Pink,1996-06-24,06/24,322,67,322,cumulative,EF_Andreafsky_PinkCounts.xlsx,Sheet1,L12,1996,
1996,EF_Andreafsky,Pink,1996-06-25,06/25,346,24,346,cumulative,EF_Andreafsky_PinkCounts.xlsx,Sheet1,L13,1996,
1996,EF_Andreafsky,Pink,1996-06-26,06/26,499,153,499,cumulative,EF_Andreafsky_PinkCounts.xlsx,Sheet1,L14,1996,
1996,EF_Andreafsky,Pink,1996-06-27,06/27,717,218,717,cumulative,EF_Andreafsky_PinkCounts.xlsx,Sheet1,L15,1996,
1996,EF_Andreafsky,Pink,1996-06-28,06/28,797,80,797,cumulative,EF_Andreafsky_PinkCounts.xlsx,Sheet1,L16,1996,
1996,EF_Andreafsky,Pink,1996-06-29,06/29,875,78,875,cumulative,EF_Andreafsky_PinkCounts.xlsx,Sheet1,L17,1996,
1996,EF_Andreafsky,Pink,1996-06-30,06/30,916,41,916,cumulative,EF_Andreafsky_PinkCounts.xlsx,Sheet1,L18,1996,
1996,EF_Andreafsky,Pink,1996-07-01,07/01,1100,184,1100,cumulative,EF_Andreafsky_PinkCounts.xlsx,Sheet1,L19,1996,
1996,EF_Andreafsky,Pink,1996-07-02,07/02,1207,107,1207,cumulative,EF_Andreafsky_PinkCounts.xlsx,Sheet1,L20,1996,
1996,EF_Andreafsky,Pink,1996-07-03,07/03,1554,347,1554,cumulative,EF_Andreafsky_PinkCounts.xlsx,Sheet1,L21,1996,
1996,EF_Andreafsky,Pink,1996-07-04,07/04,2808,1254,2808,cumulative,EF_Andreafsky_PinkCounts.xlsx,Sheet1,L22,1996,
1996,EF_Andreafsky,Pink,1996-07-05,07/05,9486,6678,9486,cumulative,EF_Andreafsky_PinkCounts.xlsx,Sheet1,L23,1996,
1996,EF_Andreafsky,Pink,1996-07-06,07/06,14162,4676,14162,cumulative,EF_Andreafsky_PinkCounts.xlsx,Sheet1,L24,1996,
1996,EF_Andreafsky,Pink,1996-07-07,07/07,17996,3834,17996,cumulative,EF_Andreafsky_PinkCounts.xlsx,Sheet1,L25,1996,
1996,EF_Andreafsky,Pink,1996-07-08,07/08,25468,7472,25468,cumulative,EF_Andreafsky_PinkCounts.xlsx,Sheet1,L26,1996,
1996,EF_Andreafsky,Pink,1996-07-09,07/09,34373,8905,34373,cumulative,EF_Andreafsky_PinkCounts.xlsx,Sheet1,L27,1996,
1996,EF_Andreafsky,Pink,1996-07-10,07/10,44663,10290,44663,cumulative,EF_Andreafsky_PinkCounts.xlsx,Sheet1,L28,1996,
1996,EF_Andreafsky,Pink,1996-07-11,07/11,50485,5822,50485,cumulative,EF_Andreafsky_PinkCounts.xlsx,Sheet1,L29,1996,
1996,EF_Andreafsky,Pink,1996-07-12,07/12,55147,4662,55147,cumulative,EF_Andreafsky_PinkCounts.xlsx,Sheet1,L30,1996,
1996,EF_Andreafsky,Pink,1996-07-13,07/13,64631,9484,64631,cumulative,EF_Andreafsky_PinkCounts.xlsx,Sheet1,L31,1996,
1996,EF_Andreafsky,Pink,1996-07-14,07/14,76391,11760,76391,cumulative,EF_Andreafsky_PinkCounts.xlsx,Sheet1,L32,1996,
1996,EF_Andreafsky,Pink,1996-07-15,07/15,86145,9754,86145,cumulative,EF_Andreafsky_PinkCounts.xlsx,Sheet1,L33,1996,
1996,EF_Andreafsky,Pink,1996-07-16,07/16,99621,13476,99621,cumulative,EF_Andreafsky_PinkCounts.xlsx,Sheet1,L34,1996,
1996,EF_Andreafsky,Pink,1996-07-17,07/17,111843,12222,111843,cumulative,EF_Andreafsky_PinkCounts.xlsx,Sheet1,L35,1996,
1996,EF_Andreafsky,Pink,1996-07-18,07/18,124525,12682,124525,cumulative,EF_Andreafsky_PinkCounts.xlsx,Sheet1,L36,1996,
1996,EF_Andreafsky,Pink,1996-07-19,07/19,138807,14282,138807,cumulative,EF_Andreafsky_PinkCounts.xlsx,Sheet1,L37,1996,
1996,EF_Andreafsky,Pink,1996-07-20,07/20,156284,17477,156284,cumulative,EF_Andreafsky_PinkCounts.xlsx,Sheet1,L38,1996,
1996,EF_Andreafsky,Pink,1996-07-21,07/21,175064,18780,175064,cumulative,EF_Andreafsky_PinkCounts.xlsx,Sheet1,L39,1996,
1996,EF_Andreafsky,Pink,1996-07-22,07/22,188082,13018,188082,cumulative,EF_Andreafsky_PinkCounts.xlsx,Sheet1,L40,1996,
1996,EF_Andreafsky,Pink,1996-07-23,07/23,192826,4744,192826,cumulative,EF_Andreafsky_PinkCounts.xlsx,Sheet1,L41,1996,
1996,EF_Andreafsky,Pink,1996-07-24,07/24,196604,3778,196604,cumulative,EF_Andreafsky_PinkCounts.xlsx,Sheet1,L42,1996,
1996,EF_Andreafsky,Pink,1996-07-25,07/25,199077,2473,199077,cumulative,EF_Andreafsky_PinkCounts.xlsx,Sheet1,L43,1996,
1996,EF_Andreafsky,Pink,1996-07-26,07/26,202442,3365,202442,cumulative,EF_Andreafsky_PinkCounts.xlsx,Sheet1,L44,1996,
1996,EF_Andreafsky,Pink,1996-07-27,07/27,206210,3768,206210,cumulative,EF_Andreafsky_PinkCounts.xlsx,Sheet1,L45,1996,
1996,EF_Andreafsky,Pink,1996-07-28,07/28,211246,5036,211246,cumulative,EF_Andreafsky_PinkCounts.xlsx,Sheet1,L46,1996,
1996,EF_Andreafsky,Pink,1996-07-29,07/29,212281,1035,212281,cumulative,EF_Andreafsky_PinkCounts.xlsx,Sheet1,L47,1996,
1996,EF_Andreafsky,Pink,1996-07-30,07/30,212486,205,212486,cumulative,EF_Andreafsky_PinkCounts.xlsx,Sheet1,L48,1996,
1996,EF_Andreafsky,Pink,1996-07-31,07/31,213192,706,213192,cumulative,EF_Andreafsky_PinkCounts.xlsx,Sheet1,L49,1996,
1996,EF_Andreafsky,Pink,1996-08-01,08/01,213361,169,213361,cumulative,EF_Andreafsky_PinkCounts.xlsx,Sheet1,L50,1996,
1996,EF_Andreafsky,Pink,1996-08-02,08/02,213468,107,213468,cumulative,EF_Andreafsky_PinkCounts.xlsx,Sheet1,L51,1996,
1996,EF_Andreafsky,Pink,1996-08-03,08/03,213595,127,213595,cumulative,EF_Andreafsky_PinkCounts.xlsx,Sheet1,L52,1996,
1996,EF_Andreafsky,Pink,1996-08-04,08/04,213895,300,213895,cumulative,EF_Andreafsky_PinkCounts.xlsx,Sheet1,L53,1996,
1996,EF_Andreafsky,Pink,1996-08-05,08/05,214132,237,214132,cumulative,EF_Andreafsky_PinkCounts.xlsx,Sheet1,L54,1996,
1996,EF_Andreafsky,Pink,1996-08-06,08/06,214193,61,214193,cumulative,EF_Andreafsky_PinkCounts.xlsx,Sheet1,L55,1996,
1996,EF_Andreafsky,Pink,1996-08-07,08/07,214302,109,214302,cumulative,EF_Andreafsky_PinkCounts.xlsx,Sheet1,L56,1996,
1996,EF_Andreafsky,Pink,1996-08-08,08/08,214363,61,214363,cumulative,EF_Andreafsky_PinkCounts.xlsx,Sheet1,L57,1996,
1996,EF_Andreafsky,Pink,1996-08-09,08/09,214418,55,214418,cumulative,EF_Andreafsky_PinkCounts.xlsx,Sheet1,L58,1996,
1996,EF_Andreafsky,Pink,1996-08-10,08/10,214495,77,214495,cumulative,EF_Andreafsky_PinkCounts.xlsx,Sheet1,L59,1996,
1996,EF_Andreafsky,Pink,1996-08-11,08/11,214539,44,214539,cumulative,EF_Andreafsky_PinkCounts.xlsx,Sheet1,L60,1996,
1996,EF_Andreafsky,Pink,1996-08-12,08/12,214590,51,214590,cumulative,EF_Andreafsky_PinkCounts.xlsx,Sheet1,L61,1996,
1996,EF_Andreafsky,Pink,1996-08-13,08/13,214615,25,214615,cumulative,EF_Andreafsky_PinkCounts.xlsx,Sheet1,L62,1996,
1996,EF_Andreafsky,Pink,1996-08-14,08/14,214631,16,214631,cumulative,EF_Andreafsky_PinkCounts.xlsx,Sheet1,L63,1996,
1996,EF_Andreafsky,Pink,1996-08-15,08/15,214638,7,214638,cumulative,EF_Andreafsky_PinkCounts.xlsx,Sheet1,L64,1996,
1996,EF_Andreafsky,Pink,1996-08-16,08/16,214663,25,214663,cumulative,EF_Andreafsky_PinkCounts.xlsx,Sheet1,L65,1996,
1996,EF_Andreafsky,Pink,1996-08-17,08/17,214671,8,214671,cumulative,EF_Andreafsky_PinkCounts.xlsx,Sheet1,L66,1996,
1996,EF_Andreafsky,Pink,1996-08-18,08/18,214688,17,214688,cumulative,EF_Andreafsky_PinkCounts.xlsx,Sheet1,L67,1996,
1996,EF_Andreafsky,Pink,1996-08-19,08/19,214728,40,214728,cumulative,EF_Andreafsky_PinkCounts.xlsx,Sheet1,L68,1996,
1996,EF_Andreafsky,Pink,1996-08-20,08/20,214732,4,214732,cumulative,EF_Andreafsky_PinkCounts.xlsx,Sheet1,L69,1996,
1996,EF_Andreafsky,Pink,1996-08-21,08/21,214734,2,214734,cumulative,EF_Andreafsky_PinkCounts.xlsx,Sheet1,L70,1996,
1996,EF_Andreafsky,Pink,1996-08-22,08/22,214737,3,214737,cumulative,EF_Andreafsky_PinkCounts.xlsx,Sheet1,L71,1996,
1996,EF_Andreafsky,Pink,1996-08-23,08/23,214745,8,214745,cumulative,EF_Andreafsky_PinkCounts.xlsx,Sheet1,L72,1996,
1996,EF_Andreafsky,Pink,1996-08-24,08/24,214752,7,214752,cumulative,EF_Andreafsky_PinkCounts.xlsx,Sheet1,L73,1996,
1996,EF_Andreafsky,Pink,1996-08-25,08/25,214768,16,214768,cumulative,EF_Andreafsky_PinkCounts.xlsx,Sheet1,L74,1996,
1996,EF_Andreafsky,Pink,1996-08-26,08/26,214796,28,214796,cumulative,EF_Andreafsky_PinkCounts.xlsx,Sheet1,L75,1996,
1996,EF_Andreafsky,Pink,1996-08-27,08/27,214797,1,214797,cumulative,EF_Andreafsky_PinkCounts.xlsx,Sheet1,L76,1996,
1996,EF_Andreafsky,Pink,1996-08-28,08/28,214798,1,214798,cumulative,EF_Andreafsky_PinkCounts.xlsx,Sheet1,L77,1996,
1996,EF_Andreafsky,Pink,1996-08-29,08/29,214799,1,214799,cumulative,EF_Andreafsky_PinkCounts.xlsx,Sheet1,L78,1996,
1996,EF_Andreafsky,Pink,1996-08-30,08/30,214805,6,214805,cumulative,EF_Andreafsky_PinkCounts.xlsx,Sheet1,L79,1996,
1996,EF_Andreafsky,Pink,1996-08-31,08/31,214809,4,214809,cumulative,EF_Andreafsky_PinkCounts.xlsx,Sheet1,L80,1996,
1996,EF_Andreafsky,Pink,1996-09-01,09/01,214816,7,214816,cumulative,EF_Andreafsky_PinkCounts.xlsx,Sheet1,L81,1996,
1996,EF_Andreafsky,Pink,1996-09-02,09/02,214820,4,214820,cumulative,EF_Andreafsky_PinkCounts.xlsx,Sheet1,L82,1996,
1996,EF_Andreafsky,Pink,1996-09-03,09/03,214827,7,214827,cumulative,EF_Andreafsky_PinkCounts.xlsx,Sheet1,L83,1996,
1996,EF_Andreafsky,Pink,1996-09-04,09/04,214828,1,214828,cumulative,EF_Andreafsky_PinkCounts.xlsx,Sheet1,L84,1996,
1996,EF_Andreafsky,Pink,1996-09-05,09/05,214831,3,214831,cumulative,EF_Andreafsky_PinkCounts.xlsx,Sheet1,L85,1996,
1996,EF_Andreafsky,Pink,1996-09-06,09/06,214831,0,214831,cumulative,EF_Andreafsky_PinkCounts.xlsx,Sheet1,L86,1996,
1996,EF_Andreafsky,Pink,1996-09-07,09/07,214832,1,214832,cumulative,EF_Andreafsky_PinkCounts.xlsx,Sheet1,L87,1996,
1996,EF_Andreafsky,Pink,1996-09-08,09/08,214832,0,214832,cumulative,EF_Andreafsky_PinkCounts.xlsx,Sheet1,L88,1996,
1996,EF_Andreafsky,Pink,1996-09-09,09/09,214833,1,214833,cumulative,EF_Andreafsky_PinkCounts.xlsx,Sheet1,L89,1996,
1996,EF_Andreafsky,Pink,1996-09-10,09/10,214833,0,214833,cumulative,EF_Andreafsky_PinkCounts.xlsx,Sheet1,L90,1996,
1996,EF_Andreafsky,Pink,1996-09-11,09/11,214833,0,214833,cumulative,EF_Andreafsky_PinkCounts.xlsx,Sheet1,L91,1996,
1996,EF_Andreafsky,Pink,1996-09-12,09/12,214833,0,214833,cumulative,EF_Andreafsky_PinkCounts.xlsx,Sheet1,L92,1996,
1996,EF_Andreafsky,Pink,1996-09-13,09/13,214836,3,214836,cumulative,EF_Andreafsky_PinkCounts.xlsx,Sheet1,L93,1996,
1996,EF_Andreafsky,Pink,1996-09-14,09/14,214836,0,214836,cumulative,EF_Andreafsky_PinkCounts.xlsx,Sheet1,L94,1996,
1996,EF_Andreafsky,Pink,1996-09-15,09/15,214836,0,214836,cumulative,EF_Andreafsky_PinkCounts.xlsx,Sheet1,L95,1996,
1996,EF_Andreafsky,Pink,1996-09-16,09/16,214837,1,214837,cumulative,EF_Andreafsky_PinkCounts.xlsx,Sheet1,L96,1996,
1997,EF_Andreafsky,Pink,1997-06-16,06/16,0,,0,cumulative,EF_Andreafsky_PinkCounts.xlsx,Sheet1,M4,1997,
1997,EF_Andreafsky,Pink,1997-06-17,06/17,0,0,0,cumulative,EF_Andreafsky_PinkCounts.xlsx,Sheet1,M5,1997,
1997,EF_Andreafsky,Pink,1997-06-18,06/18,0,0,0,cumulative,EF_Andreafsky_PinkCounts.xlsx,Sheet1,M6,1997,
1997,EF_Andreafsky,Pink,1997-06-19,06/19,0,0,0,cumulative,EF_Andreafsky_PinkCounts.xlsx,Sheet1,M7,1997,
1997,EF_Andreafsky,Pink,1997-06-20,06/20,0,0,0,cumulative,EF_Andreafsky_PinkCounts.xlsx,Sheet1,M8,1997,
1997,EF_Andreafsky,Pink,1997-06-21,06/21,0,0,0,cumulative,EF_Andreafsky_PinkCounts.xlsx,Sheet1,M9,1997,
1997,EF_Andreafsky,Pink,1997-06-22,06/22,0,0,0,cumulative,EF_Andreafsky_PinkCounts.xlsx,Sheet1,M10,1997,
1997,EF_Andreafsky,Pink,1997-06-23,06/23,0,0,0,cumulative,EF_Andreafsky_PinkCounts.xlsx,Sheet1,M11,1997,
1997,EF_Andreafsky,Pink,1997-06-24,06/24,0,0,0,cumulative,EF_Andreafsky_PinkCounts.xlsx,Sheet1,M12,1997,
1997,EF_Andreafsky,Pink,1997-06-25,06/25,0,0,0,cumulative,EF_Andreafsky_PinkCounts.xlsx,Sheet1,M13,1997,
1997,EF_Andreafsky,Pink,1997-06-26,06/26,0,0,0,cumulative,EF_Andreafsky_PinkCounts.xlsx,Sheet1,M14,1997,
1997,EF_Andreafsky,Pink,1997-06-27,06/27,1,1,1,cumulative,EF_Andreafsky_PinkCounts.xlsx,Sheet1,M15,1997,
1997,EF_Andreafsky,Pink,1997-06-28,06/28,1,0,1,cumulative,EF_Andreafsky_PinkCounts.xlsx,Sheet1,M16,1997,
1997,EF_Andreafsky,Pink,1997-06-29,06/29,1,0,1,cumulative,EF_Andreafsky_PinkCounts.xlsx,Sheet1,M17,1997,
1997,EF_Andreafsky,Pink,1997-06-30,06/30,1,0,1,cumulative,EF_Andreafsky_PinkCounts.xlsx,Sheet1,M18,1997,
1997,EF_Andreafsky,Pink,1997-07-01,07/01,3,2,3,cumulative,EF_Andreafsky_PinkCounts.xlsx,Sheet1,M19,1997,
1997,EF_Andreafsky,Pink,1997-07-02,07/02,3,0,3,cumulative,EF_Andreafsky_PinkCounts.xlsx,Sheet1,M20,1997,
1997,EF_Andreafsky,Pink,1997-07-03,07/03,3,0,3,cumulative,EF_Andreafsky_PinkCounts.xlsx,Sheet1,M21,1997,
1997,EF_Andreafsky,Pink,1997-07-04,07/04,4,1,4,cumulative,EF_Andreafsky_PinkCounts.xlsx,Sheet1,M22,1997,
1997,EF_Andreafsky,Pink,1997-07-05,07/05,4,0,4,cumulative,EF_Andreafsky_PinkCounts.xlsx,Sheet1,M23,1997,
1997,EF_Andreafsky,Pink,1997-07-06,07/06,6,2,6,cumulative,EF_Andreafsky_PinkCounts.xlsx,Sheet1,M24,1997,
1997,EF_Andreafsky,Pink,1997-07-07,07/07,6,0,6,cumulative,EF_Andreafsky_PinkCounts.xlsx,Sheet1,M25,1997,
1997,EF_Andreafsky,Pink,1997-07-08,07/08,7,1,7,cumulative,EF_Andreafsky_PinkCounts.xlsx,Sheet1,M26,1997,
1997,EF_Andreafsky,Pink,1997-07-09,07/09,9,2,9,cumulative,EF_Andreafsky_PinkCounts.xlsx,Sheet1,M27,1997,
1997,EF_Andreafsky,Pink,1997-07-10,07/10,10,1,10,cumulative,EF_Andreafsky_PinkCounts.xlsx,Sheet1,M28,1997,
1997,EF_Andreafsky,Pink,1997-07-11,07/11,12,2,12,cumulative,EF_Andreafsky_PinkCounts.xlsx,Sheet1,M29,1997,
1997,EF_Andreafsky,Pink,1997-07-12,07/12,16,4,16,cumulative,EF_Andreafsky_PinkCounts.xlsx,Sheet1,M30,1997,
1997,EF_Andreafsky,Pink,1997-07-13,07/13,22,6,22,cumulative,EF_Andreafsky_PinkCounts.xlsx,Sheet1,M31,1997,
1997,EF_Andreafsky,Pink,1997-07-14,07/14,23,1,23,cumulative,EF_Andreafsky_PinkCounts.xlsx,Sheet1,M32,1997,
1997,EF_Andreafsky,Pink,1997-07-15,07/15,58,35,58,cumulative,EF_Andreafsky_PinkCounts.xlsx,Sheet1,M33,1997,
1997,EF_Andreafsky,Pink,1997-07-16,07/16,89,31,89,cumulative,EF_Andreafsky_PinkCounts.xlsx,Sheet1,M34,1997,
1997,EF_Andreafsky,Pink,1997-07-17,07/17,102,13,102,cumulative,EF_Andreafsky_PinkCounts.xlsx,Sheet1,M35,1997,
1997,EF_Andreafsky,Pink,1997-07-18,07/18,107,5,107,cumulative,EF_Andreafsky_PinkCounts.xlsx,Sheet1,M36,1997,
1997,EF_Andreafsky,Pink,1997-07-19,07/19,113,6,113,cumulative,EF_Andreafsky_PinkCounts.xlsx,Sheet1,M37,1997,
1997,EF_Andreafsky,Pink,1997-07-20,07/20,117,4,117,cumulative,EF_Andreafsky_PinkCounts.xlsx,Sheet1,M38,1997,
1997,EF_Andreafsky,Pink,1997-07-21,07/21,121,4,121,cumulative,EF_Andreafsky_PinkCounts.xlsx,Sheet1,M39,1997,
1997,EF_Andreafsky,Pink,1997-07-22,07/22,125,4,125,cumulative,EF_Andreafsky_PinkCounts.xlsx,Sheet1,M40,1997,
1997,EF_Andreafsky,Pink,1997-07-23,07/23,130,5,130,cumulative,EF_Andreafsky_PinkCounts.xlsx,Sheet1,M41,1997,
1997,EF_Andreafsky,Pink,1997-07-24,07/24,132,2,132,cumulative,EF_Andreafsky_PinkCounts.xlsx,Sheet1,M42,1997,
1997,EF_Andreafsky,Pink,1997-07-25,07/25,132,0,132,cumulative,EF_Andreafsky_PinkCounts.xlsx,Sheet1,M43,1997,
1997,EF_Andreafsky,Pink,1997-07-26,07/26,138,6,138,cumulative,EF_Andreafsky_PinkCounts.xlsx,Sheet1,M44,1997,
1997,EF_Andreafsky,Pink,1997-07-27,07/27,151,13,151,cumulative,EF_Andreafsky_PinkCounts.xlsx,Sheet1,M45,1997,
1997,EF_Andreafsky,Pink,1997-07-28,07/28,160,9,160,cumulative,EF_Andreafsky_PinkCounts.xlsx,Sheet1,M46,1997,
1997,EF_Andreafsky,Pink,1997-07-29,07/29,180,20,180,cumulative,EF_Andreafsky_PinkCounts.xlsx,Sheet1,M47,1997,
1997,EF_Andreafsky,Pink,1997-07-30,07/30,206,26,206,cumulative,EF_Andreafsky_PinkCounts.xlsx,Sheet1,M48,1997,
1997,EF_Andreafsky,Pink,1997-07-31,07/31,208,2,208,cumulative,EF_Andreafsky_PinkCounts.xlsx,Sheet1,M49,1997,
1997,EF_Andreafsky,Pink,1997-08-01,08/01,215,7,215,cumulative,EF_Andreafsky_PinkCounts.xlsx,Sheet1,M50,1997,
1997,EF_Andreafsky,Pink,1997-08-02,08/02,217,2,217,cumulative,EF_Andreafsky_PinkCounts.xlsx,Sheet1,M51,1997,
1997,EF_Andreafsky,Pink,1997-08-03,08/03,225,8,225,cumulative,EF_Andreafsky_PinkCounts.xlsx,Sheet1,M52,1997,
1997,EF_Andreafsky,Pink,1997-08-04,08/04,228,3,228,cumulative,EF_Andreafsky_PinkCounts.xlsx,Sheet1,M53,1997,
1997,EF_Andreafsky,Pink,1997-08-05,08/05,231,3,231,cumulative,EF_Andreafsky_PinkCounts.xlsx,Sheet1,M54,1997,
1997,EF_Andreafsky,Pink,1997-08-06,08/06,232,1,232,cumulative,EF_Andreafsky_PinkCounts.xlsx,Sheet1,M55,1997,
1997,EF_Andreafsky,Pink,1997-08-07,08/07,233,1,233,cumulative,EF_Andreafsky_PinkCounts.xlsx,Sheet1,M56,1997,
1997,EF_Andreafsky,Pink,1997-08-08,08/08,238,5,238,cumulative,EF_Andreafsky_PinkCounts.xlsx,Sheet1,M57,1997,
1997,EF_Andreafsky,Pink,1997-08-09,08/09,239,1,239,cumulative,EF_Andreafsky_PinkCounts.xlsx,Sheet1,M58,1997,
1997,EF_Andreafsky,Pink,1997-08-10,08/10,243,4,243,cumulative,EF_Andreafsky_PinkCounts.xlsx,Sheet1,M59,1997,
1997,EF_Andreafsky,Pink,1997-08-11,08/11,250,7,250,cumulative,EF_Andreafsky_PinkCounts.xlsx,Sheet1,M60,1997,
1997,EF_Andreafsky,Pink,1997-08-12,08/12,256,6,256,cumulative,EF_Andreafsky_PinkCounts.xlsx,Sheet1,M61,1997,
1997,EF_Andreafsky,Pink,1997-08-13,08/13,260,4,260,cumulative,EF_Andreafsky_PinkCounts.xlsx,Sheet1,M62,1997,
1997,EF_Andreafsky,Pink,1997-08-14,08/14,263,3,263,cumulative,EF_Andreafsky_PinkCounts.xlsx,Sheet1,M63,1997,
1997,EF_Andreafsky,Pink,1997-08-15,08/15,263,0,263,cumulative,EF_Andreafsky_PinkCounts.xlsx,Sheet1,M64,1997,
1997,EF_Andreafsky,Pink,1997-08-16,08/16,266,3,266,cumulative,EF_Andreafsky_PinkCounts.xlsx,Sheet1,M65,1997,
1997,EF_Andreafsky,Pink,1997-08-17,08/17,271,5,271,cumulative,EF_Andreafsky_PinkCounts.xlsx,Sheet1,M66,1997,
1997,EF_Andreafsky,Pink,1997-08-18,08/18,275,4,275,cumulative,EF_Andreafsky_PinkCounts.xlsx,Sheet1,M67,1997,
1997,EF_Andreafsky,Pink,1997-08-19,08/19,277,2,277,cumulative,EF_Andreafsky_PinkCounts.xlsx,Sheet1,M68,1997,
1997,EF_Andreafsky,Pink,1997-08-20,08/20,281,4,281,cumulative,EF_Andreafsky_PinkCounts.xlsx,Sheet1,M69,1997,
1997,EF_Andreafsky,Pink,1997-08-21,08/21,282,1,282,cumulative,EF_Andreafsky_PinkCounts.xlsx,Sheet1,M70,1997,
1997,EF_Andreafsky,Pink,1997-08-22,08/22,284,2,284,cumulative,EF_Andreafsky_PinkCounts.xlsx,Sheet1,M71,1997,
1997,EF_Andreafsky,Pink,1997-08-23,08/23,286,2,286,cumulative,EF_Andreafsky_PinkCounts.xlsx,Sheet1,M72,1997,
1997,EF_Andreafsky,Pink,1997-08-24,08/24,294,8,294,cumulative,EF_Andreafsky_PinkCounts.xlsx,Sheet1,M73,1997,
1997,EF_Andreafsky,Pink,1997-08-25,08/25,304,10,304,cumulative,EF_Andreafsky_PinkCounts.xlsx,Sheet1,M74,1997,
1997,EF_Andreafsky,Pink,1997-08-26,08/26,307,3,307,cumulative,EF_Andreafsky_PinkCounts.xlsx,Sheet1,M75,1997,
1997,EF_Andreafsky,Pink,1997-08-27,08/27,308,1,308,cumulative,EF_Andreafsky_PinkCounts.xlsx,Sheet1,M76,1997,
1997,EF_Andreafsky,Pink,1997-08-28,08/28,317,9,317,cumulative,EF_Andreafsky_PinkCounts.xlsx,Sheet1,M77,1997,
1997,EF_Andreafsky,Pink,1997-08-29,08/29,332,15,332,cumulative,EF_Andreafsky_PinkCounts.xlsx,Sheet1,M78,1997,
1997,EF_Andreafsky,Pink,1997-08-30,08/30,348,16,348,cumulative,EF_Andreafsky_PinkCounts.xlsx,Sheet1,M79,1997,
1997,EF_Andreafsky,Pink,1997-08-31,08/31,349,1,349,cumulative,EF_Andreafsky_PinkCounts.xlsx,Sheet1,M80,1997,
1997,EF_Andreafsky,Pink,1997-09-01,09/01,350,1,350,cumulative,EF_Andreafsky_PinkCounts.xlsx,Sheet1,M81,1997,
1997,EF_Andreafsky,Pink,1997-09-02,09/02,350,0,350,cumulative,EF_Andreafsky_PinkCounts.xlsx,Sheet1,M82,1997,
1997,EF_Andreafsky,Pink,1997-09-03,09/03,370,20,370,cumulative,EF_Andreafsky_PinkCounts.xlsx,Sheet1,M83,1997,
1997,EF_Andreafsky,Pink,1997-09-04,09/04,383,13,383,cumulative,EF_Andreafsky_PinkCounts.xlsx,Sheet1,M84,1997,
1997,EF_Andreafsky,Pink,1997-09-05,09/05,388,5,388,cumulative,EF_Andreafsky_PinkCounts.xlsx,Sheet1,M85,1997,
1997,EF_Andreafsky,Pink,1997-09-06,09/06,390,2,390,cumulative,EF_Andreafsky_PinkCounts.xlsx,Sheet1,M86,1997,
1997,EF_Andreafsky,Pink,1997-09-07,09/07,393,3,393,cumulative,EF_Andreafsky_PinkCounts.xlsx,Sheet1,M87,1997,
1997,EF_Andreafsky,Pink,1997-09-08,09/08,396,3,396,cumulative,EF_Andreafsky_PinkCounts.xlsx,Sheet1,M88,1997,
1997,EF_Andreafsky,Pink,1997-09-09,09/09,401,5,401,cumulative,EF_Andreafsky_PinkCounts.xlsx,Sheet1,M89,1997,
1997,EF_Andreafsky,Pink,1997-09-10,09/10,405,4,405,cumulative,EF_Andreafsky_PinkCounts.xlsx,Sheet1,M90,1997,
1997,EF_Andreafsky,Pink,1997-09-11,09/11,417,12,417,cumulative,EF_Andreafsky_PinkCounts.xlsx,Sheet1,M91,1997,
1997,EF_Andreafsky,Pink,1997-09-12,09/12,423,6,423,cumulative,EF_Andreafsky_PinkCounts.xlsx,Sheet1,M92,1997,
1997,EF_Andreafsky,Pink,1997-09-13,09/13,429,6,429,cumulative,EF_Andreafsky_PinkCounts.xlsx,Sheet1,M93,1997,
1997,pilot,Chinook,1997-06-06,06/06,172,172,172,daily,PilotCounts.xlsx,AllChinook,B11,1997,
1997,pilot,Chinook,1997-06-07,06/07,180,180,352,daily,PilotCounts.xlsx,AllChinook,B12,1997,
1997,pilot,Chinook,1997-06-08,06/08,169,169,521,daily,PilotCounts.xlsx,AllChinook,B13,1997,
1997,pilot,Chinook,1997-06-09,06/09,1964,1964,2485,daily,PilotCounts.xlsx,AllChinook,B14,1997,
1997,pilot,Chinook,1997-06-10,06/10,2134,2134,4619,daily,PilotCounts.xlsx,AllChinook,B15,1997,
1997,pilot,Chinook,1997-06-11,06/11,32239,32239,36858,daily,PilotCounts.xlsx,AllChinook,B16,1997,
1997,pilot,Chinook,1997-06-12,06/12,18017,18017,54875,daily,PilotCounts.xlsx,AllChinook,B17,1997,
1997,pilot,Chinook,1997-06-13,06/13,11932,11932,66807,daily,PilotCounts.xlsx,AllChinook,B18,1997,
1997,pilot,Chinook,1997-06-14,06/14,7778,7778,74585,daily,PilotCounts.xlsx,AllChinook,B19,1997,
1997,pilot,Chinook,1997-06-15,06/15,1891,1891,76476,daily,PilotCounts.xlsx,AllChinook,B20,1997,
1997,pilot,Chinook,1997-06-16,06/16,5638,5638,82114,daily,PilotCounts.xlsx,AllChinook,B21,1997,
1997,pilot,Chinook,1997-06-17,06/17,7884,7884,89998,daily,PilotCounts.xlsx,AllChinook,B22,1997,
1997,pilot,Chinook,1997-06-18,06/18,2953,2953,92951,daily,PilotCounts.xlsx,AllChinook,B23,1997,
1997,pilot,Chinook,1997-06-19,06/19,8934,8934,101885,daily,PilotCounts.xlsx,AllChinook,B24,1997,
1997,pilot,Chinook,1997-06-20,06/20,25363,25363,127248,daily,PilotCounts.xlsx,AllChinook,B25,1997,
1997,pilot,Chinook,1997-06-21,06/21,6684,6684,133932,daily,PilotCounts.xlsx,AllChinook,B26,1997,
1997,pilot,Chinook,1997-06-22,06/22,11052,11052,144984,daily,PilotCounts.xlsx,AllChinook,B27,1997,
1997,pilot,Chinook,1997-06-23,06/23,10828,10828,155812,daily,PilotCounts.xlsx,AllChinook,B28,1997,
1997,pilot,Chinook,1997-06-24,06/24,5833,5833,161645,daily,PilotCounts.xlsx,AllChinook,B29,1997,
1997,pilot,Chinook,1997-06-25,06/25,12194,12194,173839,daily,PilotCounts.xlsx,AllChinook,B30,1997,
1997,pilot,Chinook,1997-06-26,06/26,833,833,174672,daily,PilotCounts.xlsx,AllChinook,B31,1997,
1997,pilot,Chinook,1997-06-27,06/27,2768,2768,177440,daily,PilotCounts.xlsx,AllChinook,B32,1997,
1997,pilot,Chinook,1997-06-28,06/28,,,,daily,PilotCounts.xlsx,AllChinook,B33,1997,-
1997,pilot,Chinook,1997-06-29,06/29,,,,daily,PilotCounts.xlsx,AllChinook,B34,1997,-
1997,pilot,Chinook,1997-06-30,06/30,,,,daily,PilotCounts.xlsx,AllChinook,B35,1997,-
1997,pilot,Chinook,1997-07-01,07/01,1133,1133,,daily,PilotCounts.xlsx,AllChinook,B36,1997,
1997,pilot,Chinook,1997-07-02,07/02,1064,1064,,daily,PilotCounts.xlsx,AllChinook,B37,1997,
1997,pilot,Chinook,1997-07-03,07/03,754,754,,daily,PilotCounts.xlsx,AllChinook,B38,1997,
1997,pilot,Chinook,1997-07-04,07/04,1181,1181,,daily,PilotCounts.xlsx,AllChinook,B39,1997,
1997,pilot,Chinook,1997-07-05,07/05,760,760,,daily,PilotCounts.xlsx,AllChinook,B40,1997,
1997,pilot,Chinook,1997-07-06,07/06,437,437,,daily,PilotCounts.xlsx,AllChinook,B41,1997,
1997,pilot,Chinook,1997-07-07,07/07,1316,1316,,daily,PilotCounts.xlsx,AllChinook,B42,1997,
1997,pilot,Chinook,1997-07-08,07/08,1847,1847,,daily,PilotCounts.xlsx,AllChinook,B43,1997,
1997,pilot,Chinook,1997-07-09,07/09,933,933,,daily,PilotCounts.xlsx,AllChinook,B44,1997,
1997,pilot,Chinook,1997-07-10,07/10,1549,1549,,daily,PilotCounts.xlsx,AllChinook,B45,1997,
1997,pilot,Chinook,1997-07-11,07/11,1766,1766,,daily,PilotCounts.xlsx,AllChinook,B46,1997,
1997,pilot,Chinook,1997-07-12,07/12,1565,1565,,daily,PilotCounts.xlsx,AllChinook,B47,1997,
1997,pilot,Chinook,1997-07-13,07/13,1687,1687,,daily,PilotCounts.xlsx,AllChinook,B48,1997,
1997,pilot,Chinook,1997-07-14,07/14,1318,1318,,daily,PilotCounts.xlsx,AllChinook,B49,1997,
1997,pilot,Chinook,1997-07-15,07/15,404,404,,daily,PilotCounts.xlsx,AllChinook,B50,1997,
1997,pilot,Chinook,1997-07-16,07/16,249,249,,daily,PilotCounts.xlsx,AllChinook,B51,1997,
1997,pilot,Chinook,1997-07-17,07/17,1041,1041,,daily,PilotCounts.xlsx,AllChinook,B52,1997,
1997,pilot,Chinook,1997-07-18,07/18,0,0,,daily,PilotCounts.xlsx,AllChinook,B53,1997,
1997,pilot,Chinook,1997-07-19,07/19,700,700,,daily,PilotCounts.xlsx,AllChinook,B54,1997,
1997,pilot,Chinook,1997-07-20,07/20,708,708,,daily,PilotCounts.xlsx,AllChinook,B55,1997,
1997,pilot,Chinook,1997-07-21,07/21,405,405,,daily,PilotCounts.xlsx,AllChinook,B56,1997,
1997,pilot,Chinook,1997-07-22,07/22,680,680,,daily,PilotCounts.xlsx,AllChinook,B57,1997,
1997,pilot,Chinook,1997-07-23,07/23,111,111,,daily,PilotCounts.xlsx,AllChinook,B58,1997,
1997,pilot,Chinook,1997-07-24,07/24,0,0,,daily,PilotCounts.xlsx,AllChinook,B59,1997,
1997,pilot,Chinook,1997-07-25,07/25,0,0,,daily,PilotCounts.xlsx,AllChinook,B60,1997,
1997,pilot,Chinook,1997-07-26,07/26,48,48,,daily,PilotCounts.xlsx,AllChinook,B61,1997,
1997,pilot,Chinook,1997-07-27,07/27,0,0,,daily,PilotCounts.xlsx,AllChinook,B62,1997,
1997,pilot,Chinook,1997-07-28,07/28,0,0,,daily,PilotCounts.xlsx,AllChinook,B63,1997,
1997,pilot,Chinook,1997-07-29,07/29,0,0,,daily,PilotCounts.xlsx,AllChinook,B64,1997,
1997,pilot,Chinook,1997-07-30,07/30,0,0,,daily,PilotCounts.xlsx,AllChinook,B65,1997,
1997,pilot,Chinook,1997-07-31,07/31,107,107,,daily,PilotCounts.xlsx,AllChinook,B66,1997,
1997,pilot,Chinook,1997-08-01,08/01,89,89,,daily,PilotCounts.xlsx,AllChinook,B67,1997,
1997,pilot,Chinook,1997-08-02,08/02,0,0,,daily,PilotCounts.xlsx,AllChinook,B68,1997,
1997,pilot,Chinook,1997-08-03,08/03,0,0,,daily,PilotCounts.xlsx,AllChinook,B69,1997,
1997,pilot,Chinook,1997-08-04,08/04,0,0,,daily,PilotCounts.xlsx,AllChinook,B70,1997,
1997,pilot,Chinook,1997-08-05,08/05,0,0,,daily,PilotCounts.xlsx,AllChinook,B71,1997,
1997,pilot,Chinook,1997-08-06,08/06,0,0,,daily,PilotCounts.xlsx,AllChinook,B72,1997,
1997,pilot,Chinook,1997-08-07,08/07,0,0,,daily,PilotCounts.xlsx,AllChinook,B73,1997,
1997,pilot,Chinook,1997-08-08,08/08,0,0,,daily,PilotCounts.xlsx,AllChinook,B74,1997,
1997,pilot,Chinook,1997-08-09,08/09,0,0,,daily,PilotCounts.xlsx,AllChinook,B75,1997,
1997,pilot,Chinook,1997-08-10,08/10,0,0,,daily,PilotCounts.xlsx,AllChinook,B76,1997,
1997,pilot,Chinook,1997-08-11,08/11,0,0,,daily,PilotCounts.xlsx,AllChinook,B77,1997,
1997,pilot,Chinook,1997-08-12,08/12,0,0,,daily,PilotCounts.xlsx,AllChinook,B78,1997,
1997,pilot,Chinook,1997-08-13,08/13,0,0,,daily,PilotCounts.xlsx,AllChinook,B79,1997,
1997,pilot,Chinook,1997-08-14,08/14,0,0,,daily,PilotCounts.xlsx,AllChinook,B80,1997,
1997,pilot,Chinook,1997-08-15,08/15,0,0,,daily,PilotCounts.xlsx,AllChinook,B81,1997,
1997,pilot,Chinook,1997-08-16,08/16,0,0,,daily,PilotCounts.xlsx,AllChinook,B82,1997,
1997,pilot,Chinook,1997-08-17,08/17,0,0,,daily,PilotCounts.xlsx,AllChinook,B83,1997,
1997,pilot,Chinook,1997-08-18,08/18,0,0,,daily,PilotCounts.xlsx,AllChinook,B84,1997,
1997,pilot,Chinook,1997-08-19,08/19,0,0,,daily,PilotCounts.xlsx,AllChinook,B85,1997,
1997,pilot,Chinook,1997-08-20,08/20,471,471,,daily,PilotCounts.xlsx,AllChinook,B86,1997,
1997,pilot,Chum,1997-06-06,06/06,2258,2258,2258,daily,PilotCounts.xlsx,AllChum,C11,1997,
1997,pilot,Chum,1997-06-07,06/07,2876,2876,5134,daily,PilotCounts.xlsx,AllChum,C12,1997,
1997,pilot,Chum,1997-06-08,06/08,1404,1404,6538,daily,PilotCounts.xlsx,AllChum,C13,1997,
1997,pilot,Chum,1997-06-09,06/09,1098,1098,7636,daily,PilotCounts.xlsx,AllChum,C14,1997,
1997,pilot,Chum,1997-06-10,06/10,4006,4006,11642,daily,PilotCounts.xlsx,AllChum,C15,1997,
1997,pilot,Chum,1997-06-11,06/11,36536,36536,48178,daily,PilotCounts.xlsx,AllChum,C16,1997,
1997,pilot,Chum,1997-06-12,06/12,51778,51778,99956,daily,PilotCounts.xlsx,AllChum,C17,1997,
1997,pilot,Chum,1997-06-13,06/13,36940,36940,136896,daily,PilotCounts.xlsx,AllChum,C18,1997,
1997,pilot,Chum,1997-06-14,06/14,33608,33608,170504,daily,PilotCounts.xlsx,AllChum,C19,1997,
1997,pilot,Chum,1997-06-15,06/15,16976,16976,187480,daily,PilotCounts.xlsx,AllChum,C20,1997,
1997,pilot,Chum,1997-06-16,06/16,23617,23617,211097,daily,PilotCounts.xlsx,AllChum,C21,1997,
1997,pilot,Chum,1997-06-17,06/17,24224,24224,235321,daily,PilotCounts.xlsx,AllChum,C22,1997,
1997,pilot,Chum,1997-06-18,06/18,17650,17650,252971,daily,PilotCounts.xlsx,AllChum,C23,1997,
1997,pilot,Chum,1997-06-19,06/19,50245,50245,303216,daily,PilotCounts.xlsx,AllChum,C24,1997,
1997,pilot,Chum,1997-06-20,06/20,178820,178820,482036,daily,PilotCounts.xlsx,AllChum,C25,1997,
1997,pilot,Chum,1997-06-21,06/21,111026,111026,593062,daily,PilotCounts.xlsx,AllChum,C26,1997,
1997,pilot,Chum,1997-06-22,06/22,54877,54877,647939,daily,PilotCounts.xlsx,AllChum,C27,1997,
1997,pilot,Chum,1997-06-23,06/23,59014,59014,706953,daily,PilotCounts.xlsx,AllChum,C28,1997,
1997,pilot,Chum,1997-06-24,06/24,128927,128927,835880,daily,PilotCounts.xlsx,AllChum,C29,1997,
1997,pilot,Chum,1997-06-25,06/25,50032,50032,885912,daily,PilotCounts.xlsx,AllChum,C30,1997,
1997,pilot,Chum,1997-06-26,06/26,23568,23568,909480,daily,PilotCounts.xlsx,AllChum,C31,1997,
1997,pilot,Chum,1997-06-27,06/27,45663,45663,955143,daily,PilotCounts.xlsx,AllChum,C32,1997,
1997,pilot,Chum,1997-07-01,07/01,19052,19052,,daily,PilotCounts.xlsx,AllChum,C36,1997,
1997,pilot,Chum,1997-07-02,07/02,14551,14551,,daily,PilotCounts.xlsx,AllChum,C37,1997,
1997,pilot,Chum,1997-07-03,07/03,9094,9094,,daily,PilotCounts.xlsx,AllChum,C38,1997,
1997,pilot,Chum,1997-07-04,07/04,10839,10839,,daily,PilotCounts.xlsx,AllChum,C39,1997,
1997,pilot,Chum,1997-07-05,07/05,17838,17838,,daily,PilotCounts.xlsx,AllChum,C40,1997,
1997,pilot,Chum,1997-07-06,07/06,25898,25898,,daily,PilotCounts.xlsx,AllChum,C41,1997,
1997,pilot,Chum,1997-07-07,07/07,41316,41316,,daily,PilotCounts.xlsx,AllChum,C42,1997,
1997,pilot,Chum,1997-07-08,07/08,42935,42935,,daily,PilotCounts.xlsx,AllChum,C43,1997,
1997,pilot,Chum,1997-07-09,07/09,51006,51006,,daily,PilotCounts.xlsx,AllChum,C44,1997,
1997,pilot,Chum,1997-07-10,07/10,32279,32279,,daily,PilotCounts.xlsx,AllChum,C45,1997,
1997,pilot,Chum,1997-07-11,07/11,22726,22726,,daily,PilotCounts.xlsx,AllChum,C46,1997,
1997,pilot,Chum,1997-07-12,07/12,21385,21385,,daily,PilotCounts.xlsx,AllChum,C47,1997,
1997,pilot,Chum,1997-07-13,07/13,28098,28098,,daily,PilotCounts.xlsx,AllChum,C48,1997,
1997,pilot,Chum,1997-07-14,07/14,23045,23045,,daily,PilotCounts.xlsx,AllChum,C49,1997,
1997,pilot,Chum,1997-07-15,07/15,16338,16338,,daily,PilotCounts.xlsx,AllChum,C50,1997,
1997,pilot,Chum,1997-07-16,07/16,11581,11581,,daily,PilotCounts.xlsx,AllChum,C51,1997,
1997,pilot,Chum,1997-07-17,07/17,8422,8422,,daily,PilotCounts.xlsx,AllChum,C52,1997,
1997,pilot,Chum,1997-07-18,07/18,7571,7571,,daily,PilotCounts.xlsx,AllChum,C53,1997,
1997,pilot,Chum,1997-07-19,07/19,8619,8619,,daily,PilotCounts.xlsx,AllChum,C54,1997,
1997,pilot,Chum,1997-07-20,07/20,8846,8846,,daily,PilotCounts.xlsx,AllChum,C55,1997,
1997,pilot,Chum,1997-07-21,07/21,5175,5175,,daily,PilotCounts.xlsx,AllChum,C56,1997,
1997,pilot,Chum,1997-07-22,07/22,4554,4554,,daily,PilotCounts.xlsx,AllChum,C57,1997,
1997,pilot,Chum,1997-07-23,07/23,7708,7708,,daily,PilotCounts.xlsx,AllChum,C58,1997,
1997,pilot,Chum,1997-07-24,07/24,3555,3555,,daily,PilotCounts.xlsx,AllChum,C59,1997,
1997,pilot,Chum,1997-07-25,07/25,7149,7149,,daily,PilotCounts.xlsx,AllChum,C60,1997,
1997,pilot,Chum,1997-07-26,07/26,13573,13573,,daily,PilotCounts.xlsx,AllChum,C61,1997,
1997,pilot,Chum,1997-07-27,07/27,55438,55438,,daily,PilotCounts.xlsx,AllChum,C62,1997,
1997,pilot,Chum,1997-07-28,07/28,27040,27040,,daily,PilotCounts.xlsx,AllChum,C63,1997,
1997,pilot,Chum,1997-07-29,07/29,25452,25452,,daily,PilotCounts.xlsx,AllChum,C64,1997,
1997,pilot,Chum,1997-07-30,07/30,19097,19097,,daily,PilotCounts.xlsx,AllChum,C65,1997,
1997,pilot,Chum,1997-07-31,07/31,6958,6958,,daily,PilotCounts.xlsx,AllChum,C66,1997,
1997,pilot,Chum,1997-08-01,08/01,5531,5531,,daily,PilotCounts.xlsx,AllChum,C67,1997,
1997,pilot,Chum,1997-08-02,08/02,1980,1980,,daily,PilotCounts.xlsx,AllChum,C68,1997,
1997,pilot,Chum,1997-08-03,08/03,3178,3178,,daily,PilotCounts.xlsx,AllChum,C69,1997,
1997,pilot,Chum,1997-08-04,08/04,4299,4299,,daily,PilotCounts.xlsx,AllChum,C70,1997,
1997,pilot,Chum,1997-08-05,08/05,26955,26955,,daily,PilotCounts.xlsx,AllChum,C71,1997,
1997,pilot,Chum,1997-08-06,08/06,63640,63640,,daily,PilotCounts.xlsx,AllChum,C72,1997,
1997,pilot,Chum,1997-08-07,08/07,40114,40114,,daily,PilotCounts.xlsx,AllChum,C73,1997,
1997,pilot,Chum,1997-08-08,08/08,7327,7327,,daily,PilotCounts.xlsx,AllChum,C74,1997,
1997,pilot,Chum,1997-08-09,08/09,3410,3410,,daily,PilotCounts.xlsx,AllChum,C75,1997,
1997,pilot,Chum,1997-08-10,08/10,3620,3620,,daily,PilotCounts.xlsx,AllChum,C76,1997,
1997,pilot,Chum,1997-08-11,08/11,1794,1794,,daily,PilotCounts.xlsx,AllChum,C77,1997,
1997,pilot,Chum,1997-08-12,08/12,5528,5528,,daily,PilotCounts.xlsx,AllChum,C78,1997,
1997,pilot,Chum,1997-08-13,08/13,7821,7821,,daily,PilotCounts.xlsx,AllChum,C79,1997,
1997,pilot,Chum,1997-08-14,08/14,24285,24285,,daily,PilotCounts.xlsx,AllChum,C80,1997,
1997,pilot,Chum,1997-08-15,08/15,18039,18039,,daily,PilotCounts.xlsx,AllChum,C81,1997,
1997,pilot,Chum,1997-08-16,08/16,24156,24156,,daily,PilotCounts.xlsx,AllChum,C82,1997,
1997,pilot,Chum,1997-08-17,08/17,18842,18842,,daily,PilotCounts.xlsx,AllChum,C83,1997,
1997,pilot,Chum,1997-08-18,08/18,12889,12889,,daily,PilotCounts.xlsx,AllChum,C84,1997,
1997,pilot,Chum,1997-08-19,08/19,27965,27965,,daily,PilotCounts.xlsx,AllChum,C85,1997,
1997,pilot,Chum,1997-08-20,08/20,19010,19010,,daily,PilotCounts.xlsx,AllChum,C86,1997,
1997,pilot,Chum,1997-08-21,08/21,8895,8895,,daily,PilotCounts.xlsx,AllChum,C87,1997,
1997,pilot,Chum,1997-08-22,08/22,3532,3532,,daily,PilotCounts.xlsx,AllChum,C88,1997,
1997,pilot,Chum,1997-08-23,08/23,3898,3898,,daily,PilotCounts.xlsx,AllChum,C89,1997,
1997,pilot,Chum,1997-08-24,08/24,2805,2805,,daily,PilotCounts.xlsx,AllChum,C90,1997,
1997,pilot,Chum,1997-08-25,08/25,2139,2139,,daily,PilotCounts.xlsx,AllChum,C91,1997,
1997,pilot,Chum,1997-08-26,08/26,5689,5689,,daily,PilotCounts.xlsx,AllChum,C92,1997,
1997,pilot,Chum,1997-08-27,08/27,9023,9023,,daily,PilotCounts.xlsx,AllChum,C93,1997,
1997,pilot,Chum,1997-08-28,08/28,5758,5758,,daily,PilotCounts.xlsx,AllChum,C94,1997,
1997,pilot,Chum,1997-08-29,08/29,13523,13523,,daily,PilotCounts.xlsx,AllChum,C95,1997,
1997,pilot,Chum,1997-08-30,08/30,8384,8384,,daily,PilotCounts.xlsx,AllChum,C96,1997,
1997,pilot,Chum,1997-08-31,08/31,2574,2574,,daily,PilotCounts.xlsx,AllChum,C97,1997,
1997,pilot,Pink,1997-07-09,07/09,219,,219,cumulative,PilotCounts.xlsx,Pink,C44,1997,
1997,pilot,Pink,1997-07-19,07/19,342,,342,cumulative,PilotCounts.xlsx,Pink,C54,1997,
1997,pilot,Pink,1997-07-20,07/20,479,137,479,cumulative,PilotCounts.xlsx,Pink,C55,1997,
1997,pilot,Pink,1997-07-24,07/24,557,,557,cumulative,PilotCounts.xlsx,Pink,C59,1997,
1997,pilot,Pink,1997-07-26,07/26,640,,640,cumulative,PilotCounts.xlsx,Pink,C61,1997,
1997,pilot,Pink,1997-07-30,07/30,1328,,1328,cumulative,PilotCounts.xlsx,Pink,C65,1997,
1997,pilot,Pink,1997-08-13,08/13,2376,,2376,cumulative,PilotCounts.xlsx,Pink,C79,1997,
1997,pilot,Pink,1997-08-18,08/18,3400,,3400,cumulative,PilotCounts.xlsx,Pink,C84,1997,
1997,pilot,Pink,1997-08-28,08/28,3718,,3718,cumulative,PilotCounts.xlsx,Pink,C94,1997,
1997,pilot,Pink,1997-08-31,08/31,3872,,3872,cumulative,PilotCounts.xlsx,Pink,C97,1997,
1998,Anvik,Pink,1998-06-22,06/22,0,,0,cumulative,Anvik_PinkCounts.xlsx,Sheet1,Z10,1998,
1998,Anvik,Pink,1998-06-23,06/23,0,0,0,cumulative,Anvik_PinkCounts.xlsx,Sheet1,Z11,1998,
1998,Anvik,Pink,1998-06-24,06/24,0,0,0,cumulative,Anvik_PinkCounts.xlsx,Sheet1,Z12,1998,
1998,Anvik,Pink,1998-06-25,06/25,0,0,0,cumulative,Anvik_PinkCounts.xlsx,Sheet1,Z13,1998,
1998,Anvik,Pink,1998-06-26,06/26,0,0,0,cumulative,Anvik_PinkCounts.xlsx,Sheet1,Z14,1998,
1998,Anvik,Pink,1998-06-27,06/27,0,0,0,cumulative,Anvik_PinkCounts.xlsx,Sheet1,Z15,1998,
1998,Anvik,Pink,1998-06-28,06/28,0,0,0,cumulative,Anvik_PinkCounts.xlsx,Sheet1,Z16,1998,
1998,Anvik,Pink,1998-06-29,06/29,0,0,0,cumulative,Anvik_PinkCounts.xlsx,Sheet1,Z17,1998,
1998,Anvik,Pink,1998-06-30,06/30,0,0,0,cumulative,Anvik_PinkCounts.xlsx,Sheet1,Z18,1998,
1998,Anvik,Pink,1998-07-01,07/01,0,0,0,cumulative,Anvik_PinkCounts.xlsx,Sheet1,Z19,1998,
1998,Anvik,Pink,1998-07-02,07/02,0,0,0,cumulative,Anvik_PinkCounts.xlsx,Sheet1,Z20,1998,
1998,Anvik,Pink,1998-07-03,07/03,0,0,0,cumulative,Anvik_PinkCounts.xlsx,Sheet1,Z21,1998,
1998,Anvik,Pink,1998-07-04,07/04,0,0,0,cumulative,Anvik_PinkCounts.xlsx,Sheet1,Z22,1998,
1998,Anvik,Pink,1998-07-05,07/05,0,0,0,cumulative,Anvik_PinkCounts.xlsx,Sheet1,Z23,1998,
1998,Anvik,Pink,1998-07-06,07/06,0,0,0,cumulative,Anvik_PinkCounts.xlsx,Sheet1,Z24,1998,
1998,Anvik,Pink,1998-07-07,07/07,0,0,0,cumulative,Anvik_PinkCounts.xlsx,Sheet1,Z25,1998,
1998,Anvik,Pink,1998-07-08,07/08,0,0,0,cumulative,Anvik_PinkCounts.xlsx,Sheet1,Z26,1998,
1998,Anvik,Pink,1998-07-09,07/09,0,0,0,cumulative,Anvik_PinkCounts.xlsx,Sheet1,Z27,1998,
1998,Anvik,Pink,1998-07-10,07/10,0,0,0,cumulative,Anvik_PinkCounts.xlsx,Sheet1,Z28,1998,
1998,Anvik,Pink,1998-07-11,07/11,0,0,0,cumulative,Anvik_PinkCounts.xlsx,Sheet1,Z29,1998,
1998,Anvik,Pink,1998-07-12,07/12,2844,2844,2844,cumulative,Anvik_PinkCounts.xlsx,Sheet1,Z30,1998,
1998,Anvik,Pink,1998-07-13,07/13,7146,4302,7146,cumulative,Anvik_PinkCounts.xlsx,Sheet1,Z31,1998,
1998,Anvik,Pink,1998-07-14,07/14,9699,2553,9699,cumulative,Anvik_PinkCounts.xlsx,Sheet1,Z32,1998,
1998,Anvik,Pink,1998-07-15,07/15,19918,10219,19918,cumulative,Anvik_PinkCounts.xlsx,Sheet1,Z33,1998,
1998,Anvik,Pink,1998-07-16,07/16,32498,12580,32498,cumulative,Anvik_PinkCounts.xlsx,Sheet1,Z34,1998,
1998,Anvik,Pink,1998-07-17,07/17,45289,12791,45289,cumulative,Anvik_PinkCounts.xlsx,Sheet1,Z35,1998,
1998,Anvik,Pink,1998-07-18,07/18,55636,10347,55636,cumulative,Anvik_PinkCounts.xlsx,Sheet1,Z36,1998,
1998,Anvik,Pink,1998-07-19,07/19,71948,16312,71948,cumulative,Anvik_PinkCounts.xlsx,Sheet1,Z37,1998,
1998,Anvik,Pink,1998-07-20,07/20,93311,21363,93311,cumulative,Anvik_PinkCounts.xlsx,Sheet1,Z38,1998,
1998,Anvik,Pink,1998-07-21,07/21,105383,12072,105383,cumulative,Anvik_PinkCounts.xlsx,Sheet1,Z39,1998,
1998,Anvik,Pink,1998-07-22,07/22,125560,20177,125560,cumulative,Anvik_PinkCounts.xlsx,Sheet1,Z40,1998,
1998,Anvik,Pink,1998-07-23,07/23,140691,15131,140691,cumulative,Anvik_PinkCounts.xlsx,Sheet1,Z41,1998,
1998,Anvik,Pink,1998-07-24,07/24,146095,5404,146095,cumulative,Anvik_PinkCounts.xlsx,Sheet1,Z42,1998,
1998,EF_Andreafsky,Pink,1998-06-23,06/23,0,,0,cumulative,EF_Andreafsky_PinkCounts.xlsx,Sheet1,N11,1998,
1998,EF_Andreafsky,Pink,1998-06-24,06/24,0,0,0,cumulative,EF_Andreafsky_PinkCounts.xlsx,Sheet1,N12,1998,
1998,EF_Andreafsky,Pink,1998-06-25,06/25,8,8,8,cumulative,EF_Andreafsky_PinkCounts.xlsx,Sheet1,N13,1998,
1998,EF_Andreafsky,Pink,1998-06-26,06/26,11,3,11,cumulative,EF_Andreafsky_PinkCounts.xlsx,Sheet1,N14,1998,
1998,EF_Andreafsky,Pink,1998-06-27,06/27,33,22,33,cumulative,EF_Andreafsky_PinkCounts.xlsx,Sheet1,N15,1998,
1998,EF_Andreafsky,Pink,1998-06-28,06/28,35,2,35,cumulative,EF_Andreafsky_PinkCounts.xlsx,Sheet1,N16,1998,
1998,EF_Andreafsky,Pink,1998-06-29,06/29,147,112,147,cumulative,EF_Andreafsky_PinkCounts.xlsx,Sheet1,N17,1998,
1998,EF_Andreafsky,Pink,1998-06-30,06/30,405,258,405,cumulative,EF_Andreafsky_PinkCounts.xlsx,Sheet1,N18,1998,
1998,EF_Andreafsky,Pink,1998-07-01,07/01,1155,750,1155,cumulative,EF_Andreafsky_PinkCounts.xlsx,Sheet1,N19,1998,
1998,EF_Andreafsky,Pink,1998-07-02,07/02,1220,65,1220,cumulative,EF_Andreafsky_PinkCounts.xlsx,Sheet1,N20,1998,
1998,EF_Andreafsky,Pink,1998-07-03,07/03,1924,704,1924,cumulative,EF_Andreafsky_PinkCounts.xlsx,Sheet1,N21,1998,
1998,EF_Andreafsky,Pink,1998-07-04,07/04,2932,1008,2932,cumulative,EF_Andreafsky_PinkCounts.xlsx,Sheet1,N22,1998,
1998,EF_Andreafsky,Pink,1998-07-05,07/05,6527,3595,6527,cumulative,EF_Andreafsky_PinkCounts.xlsx,Sheet1,N23,1998,
1998,EF_Andreafsky,Pink,1998-07-06,07/06,10663,4136,10663,cumulative,EF_Andreafsky_PinkCounts.xlsx,Sheet1,N24,1998,
1998,EF_Andreafsky,Pink,1998-07-07,07/07,14955,4292,14955,cumulative,EF_Andreafsky_PinkCounts.xlsx,Sheet1,N25,1998,
1998,EF_Andreafsky,Pink,1998-07-08,07/08,17923,2968,17923,cumulative,EF_Andreafsky_PinkCounts.xlsx,Sheet1,N26,1998,
1998,EF_Andreafsky,Pink,1998-07-09,07/09,19305,1382,19305,cumulative,EF_Andreafsky_PinkCounts.xlsx,Sheet1,N27,1998,
1998,EF_Andreafsky,Pink,1998-07-10,07/10,20474,1169,20474,cumulative,EF_Andreafsky_PinkCounts.xlsx,Sheet1,N28,1998,
1998,EF_Andreafsky,Pink,1998-07-11,07/11,30346,9872,30346,cumulative,EF_Andreafsky_PinkCounts.xlsx,Sheet1,N29,1998,
1998,EF_Andreafsky,Pink,1998-07-12,07/12,51631,21285,51631,cumulative,EF_Andreafsky_PinkCounts.xlsx,Sheet1,N30,1998,
1998,EF_Andreafsky,Pink,1998-07-13,07/13,63030,11399,63030,cumulative,EF_Andreafsky_PinkCounts.xlsx,Sheet1,N31,1998,
1998,EF_Andreafsky,Pink,1998-07-14,07/14,68876,5846,68876,cumulative,EF_Andreafsky_PinkCounts.xlsx,Sheet1,N32,1998,
1998,EF_Andreafsky,Pink,1998-07-15,07/15,90661,21785,90661,cumulative,EF_Andreafsky_PinkCounts.xlsx,Sheet1,N33,1998,
1998,EF_Andreafsky,Pink,1998-07-16,07/16,101748,11087,101748,cumulative,EF_Andreafsky_PinkCounts.xlsx,Sheet1,N34,1998,
1998,EF_Andreafsky,Pink,1998-07-17,07/17,125678,23930,125678,cumulative,EF_Andreafsky_PinkCounts.xlsx,Sheet1,N35,1998,
1998,EF_Andreafsky,Pink,1998-07-18,07/18,157317,31639,157317,cumulative,EF_Andreafsky_PinkCounts.xlsx,Sheet1,N36,1998,
1998,EF_Andreafsky,Pink,1998-07-19,07/19,184331,27014,184331,cumulative,EF_Andreafsky_PinkCounts.xlsx,Sheet1,N37,1998,
1998,EF_Andreafsky,Pink,1998-07-20,07/20,191535,7204,191535,cumulative,EF_Andreafsky_PinkCounts.xlsx,Sheet1,N38,1998,
1998,EF_Andreafsky,Pink,1998-07-21,07/21,196207,4672,196207,cumulative,EF_Andreafsky_PinkCounts.xlsx,Sheet1,N39,1998,
1998,EF_Andreafsky,Pink,1998-07-22,07/22,198667,2460,198667,cumulative,EF_Andreafsky_PinkCounts.xlsx,Sheet1,N40,1998,
1998,EF_Andreafsky,Pink,1998-07-23,07/23,202179,3512,202179,cumulative,EF_Andreafsky_PinkCounts.xlsx,Sheet1,N41,1998,
1998,EF_Andreafsky,Pink,1998-07-24,07/24,209360,7181,209360,cumulative,EF_Andreafsky_PinkCounts.xlsx,Sheet1,N42,1998,
1998,EF_Andreafsky,Pink,1998-07-25,07/25,214638,5278,214638,cumulative,EF_Andreafsky_PinkCounts.xlsx,Sheet1,N43,1998,
1998,EF_Andreafsky,Pink,1998-07-26,07/26,218134,3496,218134,cumulative,EF_Andreafsky_PinkCounts.xlsx,Sheet1,N44,1998,
1998,EF_Andreafsky,Pink,1998-07-27,07/27,219320,1186,219320,cumulative,EF_Andreafsky_PinkCounts.xlsx,Sheet1,N45,1998,
1998,EF_Andreafsky,Pink,1998-07-28,07/28,220816,1496,220816,cumulative,EF_Andreafsky_PinkCounts.xlsx,Sheet1,N46,1998,
1998,EF_Andreafsky,Pink,1998-07-29,07/29,221950,1134,221950,cumulative,EF_Andreafsky_PinkCounts.xlsx,Sheet1,N47,1998,
1998,EF_Andreafsky,Pink,1998-07-30,07/30,222932,982,222932,cumulative,EF_Andreafsky_PinkCounts.xlsx,Sheet1,N48,1998,
1998,EF_Andreafsky,Pink,1998-07-31,07/31,224247,1315,224247,cumulative,EF_Andreafsky_PinkCounts.xlsx,Sheet1,N49,1998,
1998,EF_Andreafsky,Pink,1998-08-01,08/01,225209,962,225209,cumulative,EF_Andreafsky_PinkCounts.xlsx,Sheet1,N50,1998,
1998,EF_Andreafsky,Pink,1998-08-02,08/02,225683,474,225683,cumulative,EF_Andreafsky_PinkCounts.xlsx,Sheet1,N51,1998,
1998,EF_Andreafsky,Pink,1998-08-03,08/03,226123,440,226123,cumulative,EF_Andreafsky_PinkCounts.xlsx,Sheet1,N52,1998,
1998,EF_Andreafsky,Pink,1998-08-04,08/04,226426,303,226426,cumulative,EF_Andreafsky_PinkCounts.xlsx,Sheet1,N53,1998,
1998,EF_Andreafsky,Pink,1998-08-05,08/05,226553,127,226553,cumulative,EF_Andreafsky_PinkCounts.xlsx,Sheet1,N54,1998,
1998,EF_Andreafsky,Pink,1998-08-06,08/06,226626,73,226626,cumulative,EF_Andreafsky_PinkCounts.xlsx,Sheet1,N55,1998,
1998,EF_Andreafsky,Pink,1998-08-07,08/07,226730,104,226730,cumulative,EF_Andreafsky_PinkCounts.xlsx,Sheet1,N56,1998,
1998,EF_Andreafsky,Pink,1998-08-08,08/08,226870,140,226870,cumulative,EF_Andreafsky_PinkCounts.xlsx,Sheet1,N57,1998,
1998,EF_Andreafsky,Pink,1998-08-09,08/09,226938,68,226938,cumulative,EF_Andreafsky_PinkCounts.xlsx,Sheet1,N58,1998,
1998,EF_Andreafsky,Pink,1998-08-10,08/10,226974,36,226974,cumulative,EF_Andreafsky_PinkCounts.xlsx,Sheet1,N59,1998,
1998,EF_Andreafsky,Pink,1998-08-11,08/11,227014,40,227014,cumulative,EF_Andreafsky_PinkCounts.xlsx,Sheet1,N60,1998,
1998,EF_Andreafsky,Pink,1998-08-12,08/12,227057,43,227057,cumulative,EF_Andreafsky_PinkCounts.xlsx,Sheet1,N61,1998,
1998,EF_Andreafsky,Pink,1998-08-13,08/13,227109,52,227109,cumulative,EF_Andreafsky_PinkCounts.xlsx,Sheet1,N62,1998,
1998,EF_Andreafsky,Pink,1998-08-14,08/14,227149,40,227149,cumulative,EF_Andreafsky_PinkCounts.xlsx,Sheet1,N63,1998,
1998,EF_Andreafsky,Pink,1998-08-15,08/15,227160,11,227160,cumulative,EF_Andreafsky_PinkCounts.xlsx,Sheet1,N64,1998,
1998,EF_Andreafsky,Pink,1998-08-16,08/16,227178,18,227178,cumulative,EF_Andreafsky_PinkCounts.xlsx,Sheet1,N65,1998,
1998,EF_Andreafsky,Pink,1998-08-17,08/17,227178,0,227178,cumulative,EF_Andreafsky_PinkCounts.xlsx,Sheet1,N66,1998,
1998,EF_Andreafsky,Pink,1998-08-18,08/18,227178,0,227178,cumulative,EF_Andreafsky_PinkCounts.xlsx,Sheet1,N67,1998,
1998,EF_Andreafsky,Pink,1998-08-19,08/19,227180,2,227180,cumulative,EF_Andreafsky_PinkCounts.xlsx,Sheet1,N68,1998,
1998,EF_Andreafsky,Pink,1998-08-20,08/20,227180,0,227180,cumulative,EF_Andreafsky_PinkCounts.xlsx,Sheet1,N69,1998,
1998,EF_Andreafsky,Pink,1998-08-21,08/21,227180,0,227180,cumulative,EF_Andreafsky_PinkCounts.xlsx,Sheet1,N70,1998,
1998,EF_Andreafsky,Pink,1998-08-22,08/22,227180,0,227180,cumulative,EF_Andreafsky_PinkCounts.xlsx,Sheet1,N71,1998,
1998,EF_Andreafsky,Pink,1998-08-23,08/23,227180,0,227180,cumulative,EF_Andreafsky_PinkCounts.xlsx,Sheet1,N72,1998,
1998,EF_Andreafsky,Pink,1998-08-24,08/24,227180,0,227180,cumulative,EF_Andreafsky_PinkCounts.xlsx,Sheet1,N73,1998,
1998,EF_Andreafsky,Pink,1998-08-25,08/25,227180,0,227180,cumulative,EF_Andreafsky_PinkCounts.xlsx,Sheet1,N74,1998,
1998,EF_Andreafsky,Pink,1998-08-26,08/26,227180,0,227180,cumulative,EF_Andreafsky_PinkCounts.xlsx,Sheet1,N75,1998,
1998,EF_Andreafsky,Pink,1998-08-27,08/27,227180,0,227180,cumulative,EF_Andreafsky_PinkCounts.xlsx,Sheet1,N76,1998,
1998,EF_Andreafsky,Pink,1998-08-28,08/28,227180,0,227180,cumulative,EF_Andreafsky_PinkCounts.xlsx,Sheet1,N77,1998,
1998,EF_Andreafsky,Pink,1998-08-29,08/29,227182,2,227182,cumulative,EF_Andreafsky_PinkCounts.xlsx,Sheet1,N78,1998,
1998,EF_Andreafsky,Pink,1998-08-30,08/30,227183,1,227183,cumulative,EF_Andreafsky_PinkCounts.xlsx,Sheet1,N79,1998,
1998,EF_Andreafsky,Pink,1998-08-31,08/31,227185,2,227185,cumulative,EF_Andreafsky_PinkCounts.xlsx,Sheet1,N80,1998,
1998,EF_Andreafsky,Pink,1998-09-01,09/01,227187,2,227187,cumulative,EF_Andreafsky_PinkCounts.xlsx,Sheet1,N81,1998,
1998,EF_Andreafsky,Pink,1998-09-02,09/02,227187,0,227187,cumulative,EF_Andreafsky_PinkCounts.xlsx,Sheet1,N82,1998,
1998,EF_Andreafsky,Pink,1998-09-03,09/03,227191,4,227191,cumulative,EF_Andreafsky_PinkCounts.xlsx,Sheet1,N83,1998,
1998,EF_Andreafsky,Pink,1998-09-04,09/04,227196,5,227196,cumulative,EF_Andreafsky_PinkCounts.xlsx,Sheet1,N84,1998,
1998,EF_Andreafsky,Pink,1998-09-05,09/05,227196,0,227196,cumulative,EF_Andreafsky_PinkCounts.xlsx,Sheet1,N85,1998,
1998,EF_Andreafsky,Pink,1998-09-06,09/06,227198,2,227198,cumulative,EF_Andreafsky_PinkCounts.xlsx,Sheet1,N86,1998,
1998,EF_Andreafsky,Pink,1998-09-07,09/07,227201,3,227201,cumulative,EF_Andreafsky_PinkCounts.xlsx,Sheet1,N87,1998,
1998,EF_Andreafsky,Pink,1998-09-08,09/08,227201,0,227201,cumulative,EF_Andreafsky_PinkCounts.xlsx,Sheet1,N88,1998,
1998,EF_Andreafsky,Pink,1998-09-09,09/09,227203,2,227203,cumulative,EF_Andreafsky_PinkCounts.xlsx,Sheet1,N89,1998,
1998,EF_Andreafsky,Pink,1998-09-10,09/10,227205,2,227205,cumulative,EF_Andreafsky_PinkCounts.xlsx,Sheet1,N90,1998,
1998,EF_Andreafsky,Pink,1998-09-11,09/11,227206,1,227206,cumulative,EF_Andreafsky_PinkCounts.xlsx,Sheet1,N91,1998,
1998,EF_Andreafsky,Pink,1998-09-12,09/12,227208,2,227208,cumulative,EF_Andreafsky_PinkCounts.xlsx,Sheet1,N92,1998,
1998,EF_Andreafsky,Pink,1998-09-13,09/13,227208,0,227208,cumulative,EF_Andreafsky_PinkCounts.xlsx,Sheet1,N93,1998,
1998,pilot,Chinook,1998-06-06,06/06,369,369,369,daily,PilotCounts.xlsx,AllChinook,C11,1998,
1998,pilot,Chinook,1998-06-07,06/07,424,424,793,daily,PilotCounts.xlsx,AllChinook,C12,1998,
1998,pilot,Chinook,1998-06-08,06/08,349,349,1142,daily,PilotCounts.xlsx,AllChinook,C13,1998,
1998,pilot,Chinook,1998-06-09,06/09,794,794,1936,daily,PilotCounts.xlsx,AllChinook,C14,1998,
1998,pilot,Chinook,1998-06-10,06/10,609,609,2545,daily,PilotCounts.xlsx,AllChinook,C15,1998,
1998,pilot,Chinook,1998-06-11,06/11,525,525,3070,daily,PilotCounts.xlsx,AllChinook,C16,1998,
1998,pilot,Chinook,1998-06-12,06/12,562,562,3632,daily,PilotCounts.xlsx,AllChinook,C17,1998,
1998,pilot,Chinook,1998-06-13,06/13,685,685,4317,daily,PilotCounts.xlsx,AllChinook,C18,1998,
1998,pilot,Chinook,1998-06-14,06/14,394,394,4711,daily,PilotCounts.xlsx,AllChinook,C19,1998,
1998,pilot,Chinook,1998-06-15,06/15,1703,1703,6414,daily,PilotCounts.xlsx,AllChinook,C20,1998,
1998,pilot,Chinook,1998-06-16,06/16,366,366,6780,daily,PilotCounts.xlsx,AllChinook,C21,1998,
1998,pilot,Chinook,1998-06-17,06/17,242,242,7022,daily,PilotCounts.xlsx,AllChinook,C22,1998,
1998,pilot,Chinook,1998-06-18,06/18,608,608,7630,daily,PilotCounts.xlsx,AllChinook,C23,1998,
1998,pilot,Chinook,1998-06-19,06/19,972,972,8602,daily,PilotCounts.xlsx,AllChinook,C24,1998,
1998,pilot,Chinook,1998-06-20,06/20,1078,1078,9680,daily,PilotCounts.xlsx,AllChinook,C25,1998,
1998,pilot,Chinook,1998-06-21,06/21,1311,1311,10991,daily,PilotCounts.xlsx,AllChinook,C26,1998,
1998,pilot,Chinook,1998-06-22,06/22,1466,1466,12457,daily,PilotCounts.xlsx,AllChinook,C27,1998,
1998,pilot,Chinook,1998-06-23,06/23,2254,2254,14711,daily,PilotCounts.xlsx,AllChinook,C28,1998,
1998,pilot,Chinook,1998-06-24,06/24,8173,8173,22884,daily,PilotCounts.xlsx,AllChinook,C29,1998,
1998,pilot,Chinook,1998-06-25,06/25,11953,11953,34837,daily,PilotCounts.xlsx,AllChinook,C30,1998,
1998,pilot,Chinook,1998-06-26,06/26,3130,3130,37967,daily,PilotCounts.xlsx,AllChinook,C31,1998,
1998,pilot,Chinook,1998-06-27,06/27,6729,6729,44696,daily,PilotCounts.xlsx,AllChinook,C32,1998,
1998,pilot,Chinook,1998-06-28,06/28,1695,1695,46391,daily,PilotCounts.xlsx,AllChinook,C33,1998,
1998,pilot,Chinook,1998-06-29,06/29,2833,2833,49224,daily,PilotCounts.xlsx,AllChinook,C34,1998,
1998,pilot,Chinook,1998-06-30,06/30,1406,1406,50630,daily,PilotCounts.xlsx,AllChinook,C35,1998,
1998,pilot,Chinook,1998-07-01,07/01,6594,6594,57224,daily,PilotCounts.xlsx,AllChinook,C36,1998,
1998,pilot,Chinook,1998-07-02,07/02,10861,10861,68085,daily,PilotCounts.xlsx,AllChinook,C37,1998,
1998,pilot,Chinook,1998-07-03,07/03,5802,5802,73887,daily,PilotCounts.xlsx,AllChinook,C38,1998,
1998,pilot,Chinook,1998-07-04,07/04,3314,3314,77201,daily,PilotCounts.xlsx,AllChinook,C39,1998,
1998,pilot,Chinook,1998-07-05,07/05,2500,2500,79701,daily,PilotCounts.xlsx,AllChinook,C40,1998,
1998,pilot,Chinook,1998-07-06,07/06,3982,3982,83683,daily,PilotCounts.xlsx,AllChinook,C41,1998,
1998,pilot,Chinook,1998-07-07,07/07,2466,2466,86149,daily,PilotCounts.xlsx,AllChinook,C42,1998,
1998,pilot,Chinook,1998-07-08,07/08,2080,2080,88229,daily,PilotCounts.xlsx,AllChinook,C43,1998,
1998,pilot,Chinook,1998-07-09,07/09,3714,3714,91943,daily,PilotCounts.xlsx,AllChinook,C44,1998,
1998,pilot,Chinook,1998-07-10,07/10,1767,1767,93710,daily,PilotCounts.xlsx,AllChinook,C45,1998,
1998,pilot,Chinook,1998-07-11,07/11,2462,2462,96172,daily,PilotCounts.xlsx,AllChinook,C46,1998,
1998,pilot,Chinook,1998-07-12,07/12,1807,1807,97979,daily,PilotCounts.xlsx,AllChinook,C47,1998,
1998,pilot,Chinook,1998-07-13,07/13,1349,1349,99328,daily,PilotCounts.xlsx,AllChinook,C48,1998,
1998,pilot,Chinook,1998-07-14,07/14,953,953,100281,daily,PilotCounts.xlsx,AllChinook,C49,1998,
1998,pilot,Chinook,1998-07-15,07/15,1131,1131,101412,daily,PilotCounts.xlsx,AllChinook,C50,1998,
1998,pilot,Chinook,1998-07-16,07/16,737,737,102149,daily,PilotCounts.xlsx,AllChinook,C51,1998,
1998,pilot,Chinook,1998-07-17,07/17,540,540,102689,daily,PilotCounts.xlsx,AllChinook,C52,1998,
1998,pilot,Chinook,1998-07-18,07/18,549,549,103238,daily,PilotCounts.xlsx,AllChinook,C53,1998,
1998,pilot,Chinook,1998-07-19,07/19,235,235,103473,daily,PilotCounts.xlsx,AllChinook,C54,1998,
1998,pilot,Chinook,1998-07-20,07/20,221,221,103694,daily,PilotCounts.xlsx,AllChinook,C55,1998,
1998,pilot,Chinook,1998-07-21,07/21,279,279,103973,daily,PilotCounts.xlsx,AllChinook,C56,1998,
1998,pilot,Chinook,1998-07-22,07/22,358,358,104331,daily,PilotCounts.xlsx,AllChinook,C57,1998,
1998,pilot,Chinook,1998-07-23,07/23,487,487,104818,daily,PilotCounts.xlsx,AllChinook,C58,1998,
1998,pilot,Chinook,1998-07-24,07/24,445,445,105263,daily,PilotCounts.xlsx,AllChinook,C59,1998,
1998,pilot,Chinook,1998-07-25,07/25,62,62,105325,daily,PilotCounts.xlsx,AllChinook,C60,1998,
1998,pilot,Chinook,1998-07-26,07/26,41,41,105366,daily,PilotCounts.xlsx,AllChinook,C61,1998,
1998,pilot,Chinook,1998-07-27,07/27,41,41,105407,daily,PilotCounts.xlsx,AllChinook,C62,1998,
1998,pilot,Chinook,1998-07-28,07/28,90,90,105497,daily,PilotCounts.xlsx,AllChinook,C63,1998,
1998,pilot,Chinook,1998-07-29,07/29,87,87,105584,daily,PilotCounts.xlsx,AllChinook,C64,1998,
1998,pilot,Chinook,1998-07-30,07/30,94,94,105678,daily,PilotCounts.xlsx,AllChinook,C65,1998,
1998,pilot,Chinook,1998-07-31,07/31,57,57,105735,daily,PilotCounts.xlsx,AllChinook,C66,1998,
1998,pilot,Chinook,1998-08-01,08/01,82,82,105817,daily,PilotCounts.xlsx,AllChinook,C67,1998,
1998,pilot,Chinook,1998-08-02,08/02,95,95,105912,daily,PilotCounts.xlsx,AllChinook,C68,1998,
1998,pilot,Chinook,1998-08-03,08/03,102,102,106014,daily,PilotCounts.xlsx,AllChinook,C69,1998,
1998,pilot,Chinook,1998-08-04,08/04,104,104,106118,daily,PilotCounts.xlsx,AllChinook,C70,1998,
1998,pilot,Chinook,1998-08-05,08/05,433,433,106551,daily,PilotCounts.xlsx,AllChinook,C71,1998,
1998,pilot,Chinook,1998-08-06,08/06,198,198,106749,daily,PilotCounts.xlsx,AllChinook,C72,1998,
1998,pilot,Chinook,1998-08-07,08/07,136,136,106885,daily,PilotCounts.xlsx,AllChinook,C73,1998,
1998,pilot,Chinook,1998-08-08,08/08,129,129,107014,daily,PilotCounts.xlsx,AllChinook,C74,1998,
1998,pilot,Chinook,1998-08-09,08/09,217,217,107231,daily,PilotCounts.xlsx,AllChinook,C75,1998,
1998,pilot,Chinook,1998-08-10,08/10,254,254,107485,daily,PilotCounts.xlsx,AllChinook,C76,1998,
1998,pilot,Chinook,1998-08-11,08/11,229,229,107714,daily,PilotCounts.xlsx,AllChinook,C77,1998,
1998,pilot,Chinook,1998-08-12,08/12,68,68,107782,daily,PilotCounts.xlsx,AllChinook,C78,1998,
1998,pilot,Chinook,1998-08-13,08/13,54,54,107836,daily,PilotCounts.xlsx,AllChinook,C79,1998,
1998,pilot,Chinook,1998-08-14,08/14,82,82,107918,daily,PilotCounts.xlsx,AllChinook,C80,1998,
1998,pilot,Chinook,1998-08-15,08/15,45,45,107963,daily,PilotCounts.xlsx,AllChinook,C81,1998,
1998,pilot,Chinook,1998-08-16,08/16,75,75,108038,daily,PilotCounts.xlsx,AllChinook,C82,1998,
1998,pilot,Chinook,1998-08-17,08/17,0,0,108038,daily,PilotCounts.xlsx,AllChinook,C83,1998,
1998,pilot,Chinook,1998-08-18,08/18,0,0,108038,daily,PilotCounts.xlsx,AllChinook,C84,1998,
1998,pilot,Chinook,1998-08-19,08/19,0,0,108038,daily,PilotCounts.xlsx,AllChinook,C85,1998,
1998,pilot,Chinook,1998-08-20,08/20,0,0,108038,daily,PilotCounts.xlsx,AllChinook,C86,1998,
1998,pilot,Chinook,1998-08-21,08/21,0,0,108038,daily,PilotCounts.xlsx,AllChinook,C87,1998,
1998,pilot,Chinook,1998-08-22,08/22,0,0,108038,daily,PilotCounts.xlsx,AllChinook,C88,1998,
1998,pilot,Chinook,1998-08-23,08/23,0,0,108038,daily,PilotCounts.xlsx,AllChinook,C89,1998,
1998,pilot,Chinook,1998-08-24,08/24,0,0,108038,daily,PilotCounts.xlsx,AllChinook,C90,1998,
1998,pilot,Chinook,1998-08-25,08/25,0,0,108038,daily,PilotCounts.xlsx,AllChinook,C91,1998,
1998,pilot,Chinook,1998-08-26,08/26,0,0,108038,daily,PilotCounts.xlsx,AllChinook,C92,1998,
1998,pilot,Chinook,1998-08-27,08/27,0,0,108038,daily,PilotCounts.xlsx,AllChinook,C93,1998,
1998,pilot,Chinook,1998-08-28,08/28,0,0,108038,daily,PilotCounts.xlsx,AllChinook,C94,1998,
1998,pilot,Chinook,1998-08-29,08/29,0,0,108038,daily,PilotCounts.xlsx,AllChinook,C95,1998,
1998,pilot,Chinook,1998-08-30,08/30,0,0,108038,daily,PilotCounts.xlsx,AllChinook,C96,1998,
1998,pilot,Chinook,1998-08-31,08/31,0,0,108038,daily,PilotCounts.xlsx,AllChinook,C97,1998,
1998,pilot,Chinook,1998-09-01,09/01,0,0,108038,daily,PilotCounts.xlsx,AllChinook,C98,1998,
1998,pilot,Chinook,1998-09-02,09/02,0,0,108038,daily,PilotCounts.xlsx,AllChinook,C99,1998,
1998,pilot,Chinook,1998-09-03,09/03,0,0,108038,daily,PilotCounts.xlsx,AllChinook,C100,1998,
1998,pilot,Chinook,1998-09-04,09/04,0,0,108038,daily,PilotCounts.xlsx,AllChinook,C101,1998,
1998,pilot,Chinook,1998-09-05,09/05,0,0,108038,daily,PilotCounts.xlsx,AllChinook,C102,1998,
1998,pilot,Chinook,1998-09-06,09/06,0,0,108038,daily,PilotCounts.xlsx,AllChinook,C103,1998,
1998,pilot,Chinook,1998-09-07,09/07,0,0,108038,daily,PilotCounts.xlsx,AllChinook,C104,1998,
1998,pilot,Chinook,1998-09-08,09/08,0,0,108038,daily,PilotCounts.xlsx,AllChinook,C105,1998,
1998,pilot,Chum,1998-06-06,06/06,1030,1030,1030,daily,PilotCounts.xlsx,AllChum,D11,1998,
1998,pilot,Chum,1998-06-07,06/07,1134,1134,2164,daily,PilotCounts.xlsx,AllChum,D12,1998,
1998,pilot,Chum,1998-06-08,06/08,1205,1205,3369,daily,PilotCounts.xlsx,AllChum,D13,1998,
1998,pilot,Chum,1998-06-09,06/09,1763,1763,5132,daily,PilotCounts.xlsx,AllChum,D14,1998,
1998,pilot,Chum,1998-06-10,06/10,1581,1581,6713,daily,PilotCounts.xlsx,AllChum,D15,1998,
1998,pilot,Chum,1998-06-11,06/11,1582,1582,8295,daily,PilotCounts.xlsx,AllChum,D16,1998,
1998,pilot,Chum,1998-06-12,06/12,1948,1948,10243,daily,PilotCounts.xlsx,AllChum,D17,1998,
1998,pilot,Chum,1998-06-13,06/13,2932,2932,13175,daily,PilotCounts.xlsx,AllChum,D18,1998,
1998,pilot,Chum,1998-06-14,06/14,4795,4795,17970,daily,PilotCounts.xlsx,AllChum,D19,1998,
1998,pilot,Chum,1998-06-15,06/15,4108,4108,22078,daily,PilotCounts.xlsx,AllChum,D20,1998,
1998,pilot,Chum,1998-06-16,06/16,4971,4971,27049,daily,PilotCounts.xlsx,AllChum,D21,1998,
1998,pilot,Chum,1998-06-17,06/17,3320,3320,30369,daily,PilotCounts.xlsx,AllChum,D22,1998,
1998,pilot,Chum,1998-06-18,06/18,2962,2962,33331,daily,PilotCounts.xlsx,AllChum,D23,1998,
1998,pilot,Chum,1998-06-19,06/19,3915,3915,37246,daily,PilotCounts.xlsx,AllChum,D24,1998,
1998,pilot,Chum,1998-06-20,06/20,3766,3766,41012,daily,PilotCounts.xlsx,AllChum,D25,1998,
1998,pilot,Chum,1998-06-21,06/21,8652,8652,49664,daily,PilotCounts.xlsx,AllChum,D26,1998,
1998,pilot,Chum,1998-06-22,06/22,33993,33993,83657,daily,PilotCounts.xlsx,AllChum,D27,1998,
1998,pilot,Chum,1998-06-23,06/23,24119,24119,107776,daily,PilotCounts.xlsx,AllChum,D28,1998,
1998,pilot,Chum,1998-06-24,06/24,48487,48487,156263,daily,PilotCounts.xlsx,AllChum,D29,1998,
1998,pilot,Chum,1998-06-25,06/25,69912,69912,226175,daily,PilotCounts.xlsx,AllChum,D30,1998,
1998,pilot,Chum,1998-06-26,06/26,41594,41594,267769,daily,PilotCounts.xlsx,AllChum,D31,1998,
1998,pilot,Chum,1998-06-27,06/27,19587,19587,287356,daily,PilotCounts.xlsx,AllChum,D32,1998,
1998,pilot,Chum,1998-06-28,06/28,14258,14258,301614,daily,PilotCounts.xlsx,AllChum,D33,1998,
1998,pilot,Chum,1998-06-29,06/29,33571,33571,335185,daily,PilotCounts.xlsx,AllChum,D34,1998,
1998,pilot,Chum,1998-06-30,06/30,85722,85722,420907,daily,PilotCounts.xlsx,AllChum,D35,1998,
1998,pilot,Chum,1998-07-01,07/01,69444,69444,490351,daily,PilotCounts.xlsx,AllChum,D36,1998,
1998,pilot,Chum,1998-07-02,07/02,67136,67136,557487,daily,PilotCounts.xlsx,AllChum,D37,1998,
1998,pilot,Chum,1998-07-03,07/03,43044,43044,600531,daily,PilotCounts.xlsx,AllChum,D38,1998,
1998,pilot,Chum,1998-07-04,07/04,22916,22916,623447,daily,PilotCounts.xlsx,AllChum,D39,1998,
1998,pilot,Chum,1998-07-05,07/05,19480,19480,642927,daily,PilotCounts.xlsx,AllChum,D40,1998,
1998,pilot,Chum,1998-07-06,07/06,8276,8276,651203,daily,PilotCounts.xlsx,AllChum,D41,1998,
1998,pilot,Chum,1998-07-07,07/07,5563,5563,656766,daily,PilotCounts.xlsx,AllChum,D42,1998,
1998,pilot,Chum,1998-07-08,07/08,22641,22641,679407,daily,PilotCounts.xlsx,AllChum,D43,1998,
1998,pilot,Chum,1998-07-09,07/09,40015,40015,719422,daily,PilotCounts.xlsx,AllChum,D44,1998,
1998,pilot,Chum,1998-07-10,07/10,33240,33240,752662,daily,PilotCounts.xlsx,AllChum,D45,1998,
1998,pilot,Chum,1998-07-11,07/11,26145,26145,778807,daily,PilotCounts.xlsx,AllChum,D46,1998,
1998,pilot,Chum,1998-07-12,07/12,20396,20396,799203,daily,PilotCounts.xlsx,AllChum,D47,1998,
1998,pilot,Chum,1998-07-13,07/13,9809,9809,809012,daily,PilotCounts.xlsx,AllChum,D48,1998,
1998,pilot,Chum,1998-07-14,07/14,3776,3776,812788,daily,PilotCounts.xlsx,AllChum,D49,1998,
1998,pilot,Chum,1998-07-15,07/15,4703,4703,817491,daily,PilotCounts.xlsx,AllChum,D50,1998,
1998,pilot,Chum,1998-07-16,07/16,2980,2980,820471,daily,PilotCounts.xlsx,AllChum,D51,1998,
1998,pilot,Chum,1998-07-17,07/17,2156,2156,822627,daily,PilotCounts.xlsx,AllChum,D52,1998,
1998,pilot,Chum,1998-07-18,07/18,2274,2274,824901,daily,PilotCounts.xlsx,AllChum,D53,1998,
1998,pilot,Chum,1998-07-19,07/19,850,850,825751,daily,PilotCounts.xlsx,AllChum,D54,1998,
1998,pilot,Chum,1998-07-20,07/20,674,674,826425,daily,PilotCounts.xlsx,AllChum,D55,1998,
1998,pilot,Chum,1998-07-21,07/21,852,852,827277,daily,PilotCounts.xlsx,AllChum,D56,1998,
1998,pilot,Chum,1998-07-22,07/22,2585,2585,829862,daily,PilotCounts.xlsx,AllChum,D57,1998,
1998,pilot,Chum,1998-07-23,07/23,3470,3470,833332,daily,PilotCounts.xlsx,AllChum,D58,1998,
1998,pilot,Chum,1998-07-24,07/24,3436,3436,836768,daily,PilotCounts.xlsx,AllChum,D59,1998,
1998,pilot,Chum,1998-07-25,07/25,1392,1392,838160,daily,PilotCounts.xlsx,AllChum,D60,1998,
1998,pilot,Chum,1998-07-26,07/26,1224,1224,839384,daily,PilotCounts.xlsx,AllChum,D61,1998,
1998,pilot,Chum,1998-07-27,07/27,1229,1229,840613,daily,PilotCounts.xlsx,AllChum,D62,1998,
1998,pilot,Chum,1998-07-28,07/28,3729,3729,844342,daily,PilotCounts.xlsx,AllChum,D63,1998,
1998,pilot,Chum,1998-07-29,07/29,3322,3322,847664,daily,PilotCounts.xlsx,AllChum,D64,1998,
1998,pilot,Chum,1998-07-30,07/30,1015,1015,848679,daily,PilotCounts.xlsx,AllChum,D65,1998,
1998,pilot,Chum,1998-07-31,07/31,1145,1145,849824,daily,PilotCounts.xlsx,AllChum,D66,1998,
1998,pilot,Chum,1998-08-01,08/01,1412,1412,851236,daily,PilotCounts.xlsx,AllChum,D67,1998,
1998,pilot,Chum,1998-08-02,08/02,6673,6673,857909,daily,PilotCounts.xlsx,AllChum,D68,1998,
1998,pilot,Chum,1998-08-03,08/03,7167,7167,865076,daily,PilotCounts.xlsx,AllChum,D69,1998,
1998,pilot,Chum,1998-08-04,08/04,5941,5941,871017,daily,PilotCounts.xlsx,AllChum,D70,1998,
1998,pilot,Chum,1998-08-05,08/05,3267,3267,874284,daily,PilotCounts.xlsx,AllChum,D71,1998,
1998,pilot,Chum,1998-08-06,08/06,2437,2437,876721,daily,PilotCounts.xlsx,AllChum,D72,1998,
1998,pilot,Chum,1998-08-07,08/07,8076,8076,884797,daily,PilotCounts.xlsx,AllChum,D73,1998,
1998,pilot,Chum,1998-08-08,08/08,7258,7258,892055,daily,PilotCounts.xlsx,AllChum,D74,1998,
1998,pilot,Chum,1998-08-09,08/09,14006,14006,906061,daily,PilotCounts.xlsx,AllChum,D75,1998,
1998,pilot,Chum,1998-08-10,08/10,18348,18348,924409,daily,PilotCounts.xlsx,AllChum,D76,1998,
1998,pilot,Chum,1998-08-11,08/11,14502,14502,938911,daily,PilotCounts.xlsx,AllChum,D77,1998,
1998,pilot,Chum,1998-08-12,08/12,5794,5794,944705,daily,PilotCounts.xlsx,AllChum,D78,1998,
1998,pilot,Chum,1998-08-13,08/13,4482,4482,949187,daily,PilotCounts.xlsx,AllChum,D79,1998,
1998,pilot,Chum,1998-08-14,08/14,5493,5493,954680,daily,PilotCounts.xlsx,AllChum,D80,1998,
1998,pilot,Chum,1998-08-15,08/15,14119,14119,968799,daily,PilotCounts.xlsx,AllChum,D81,1998,
1998,pilot,Chum,1998-08-16,08/16,20683,20683,989482,daily,PilotCounts.xlsx,AllChum,D82,1998,
1998,pilot,Chum,1998-08-17,08/17,23256,23256,1012738,daily,PilotCounts.xlsx,AllChum,D83,1998,
1998,pilot,Chum,1998-08-18,08/18,13925,13925,1026663,daily,PilotCounts.xlsx,AllChum,D84,1998,
1998,pilot,Chum,1998-08-19,08/19,9983,9983,1036646,daily,PilotCounts.xlsx,AllChum,D85,1998,
1998,pilot,Chum,1998-08-20,08/20,7679,7679,1044325,daily,PilotCounts.xlsx,AllChum,D86,1998,
1998,pilot,Chum,1998-08-21,08/21,8521,8521,1052846,daily,PilotCounts.xlsx,AllChum,D87,1998,
1998,pilot,Chum,1998-08-22,08/22,8930,8930,1061776,daily,PilotCounts.xlsx,AllChum,D88,1998,
1998,pilot,Chum,1998-08-23,08/23,19411,19411,1081187,daily,PilotCounts.xlsx,AllChum,D89,1998,
1998,pilot,Chum,1998-08-24,08/24,16642,16642,1097829,daily,PilotCounts.xlsx,AllChum,D90,1998,
1998,pilot,Chum,1998-08-25,08/25,9169,9169,1106998,daily,PilotCounts.xlsx,AllChum,D91,1998,
1998,pilot,Chum,1998-08-26,08/26,7210,7210,1114208,daily,PilotCounts.xlsx,AllChum,D92,1998,
1998,pilot,Chum,1998-08-27,08/27,6945,6945,1121153,daily,PilotCounts.xlsx,AllChum,D93,1998,
1998,pilot,Chum,1998-08-28,08/28,4806,4806,1125959,daily,PilotCounts.xlsx,AllChum,D94,1998,
1998,pilot,Chum,1998-08-29,08/29,2921,2921,1128880,daily,PilotCounts.xlsx,AllChum,D95,1998,
1998,pilot,Chum,1998-08-30,08/30,2721,2721,1131601,daily,PilotCounts.xlsx,AllChum,D96,1998,
1998,pilot,Chum,1998-08-31,08/31,2676,2676,1134277,daily,PilotCounts.xlsx,AllChum,D97,1998,
1998,pilot,Chum,1998-09-01,09/01,2123,2123,1136400,daily,PilotCounts.xlsx,AllChum,D98,1998,
1998,pilot,Chum,1998-09-02,09/02,1921,1921,1138321,daily,PilotCounts.xlsx,AllChum,D99,1998,
1998,pilot,Chum,1998-09-03,09/03,2571,2571,1140892,daily,PilotCounts.xlsx,AllChum,D100,1998,
1998,pilot,Chum,1998-09-04,09/04,12448,12448,1153340,daily,PilotCounts.xlsx,AllChum,D101,1998,
1998,pilot,Chum,1998-09-05,09/05,19242,19242,1172582,daily,PilotCounts.xlsx,AllChum,D102,1998,
1998,pilot,Chum,1998-09-06,09/06,13365,13365,1185947,daily,PilotCounts.xlsx,AllChum,D103,1998,
1998,pilot,Chum,1998-09-07,09/07,6794,6794,1192741,daily,PilotCounts.xlsx,AllChum,D104,1998,
1998,pilot,Chum,1998-09-08,09/08,4181,4181,1196922,daily,PilotCounts.xlsx,AllChum,D105,1998,
1998,pilot,Pink,1998-06-06,06/06,0,,0,cumulative,PilotCounts.xlsx,Pink,D11,1998,
1998,pilot,Pink,1998-06-07,06/07,0,0,0,cumulative,PilotCounts.xlsx,Pink,D12,1998,
1998,pilot,Pink,1998-06-08,06/08,0,0,0,cumulative,PilotCounts.xlsx,Pink,D13,1998,
1998,pilot,Pink,1998-06-09,06/09,0,0,0,cumulative,PilotCounts.xlsx,Pink,D14,1998,
1998,pilot,Pink,1998-06-10,06/10,0,0,0,cumulative,PilotCounts.xlsx,Pink,D15,1998,
1998,pilot,Pink,1998-06-11,06/11,0,0,0,cumulative,PilotCounts.xlsx,Pink,D16,1998,
1998,pilot,Pink,1998-06-12,06/12,0,0,0,cumulative,PilotCounts.xlsx,Pink,D17,1998,
1998,pilot,Pink,1998-06-13,06/13,0,0,0,cumulative,PilotCounts.xlsx,Pink,D18,1998,
1998,pilot,Pink,1998-06-14,06/14,0,0,0,cumulative,PilotCounts.xlsx,Pink,D19,1998,
1998,pilot,Pink,1998-06-15,06/15,0,0,0,cumulative,PilotCounts.xlsx,Pink,D20,1998,
1998,pilot,Pink,1998-06-16,06/16,0,0,0,cumulative,PilotCounts.xlsx,Pink,D21,1998,
1998,pilot,Pink,1998-06-17,06/17,0,0,0,cumulative,PilotCounts.xlsx,Pink,D22,1998,
1998,pilot,Pink,1998-06-18,06/18,0,0,0,cumulative,PilotCounts.xlsx,Pink,D23,1998,
1998,pilot,Pink,1998-06-19,06/19,0,0,0,cumulative,PilotCounts.xlsx,Pink,D24,1998,
1998,pilot,Pink,1998-06-20,06/20,0,0,0,cumulative,PilotCounts.xlsx,Pink,D25,1998,
1998,pilot,Pink,1998-06-21,06/21,0,0,0,cumulative,PilotCounts.xlsx,Pink,D26,1998,
1998,pilot,Pink,1998-06-22,06/22,0,0,0,cumulative,PilotCounts.xlsx,Pink,D27,1998,
1998,pilot,Pink,1998-06-23,06/23,0,0,0,cumulative,PilotCounts.xlsx,Pink,D28,1998,
1998,pilot,Pink,1998-06-24,06/24,0,0,0,cumulative,PilotCounts.xlsx,Pink,D29,1998,
1998,pilot,Pink,1998-06-25,06/25,0,0,0,cumulative,PilotCounts.xlsx,Pink,D30,1998,
1998,pilot,Pink,1998-06-26,06/26,0,0,0,cumulative,PilotCounts.xlsx,Pink,D31,1998,
1998,pilot,Pink,1998-06-27,06/27,0,0,0,cumulative,PilotCounts.xlsx,Pink,D32,1998,
1998,pilot,Pink,1998-06-28,06/28,0,0,0,cumulative,PilotCounts.xlsx,Pink,D33,1998,
1998,pilot,Pink,1998-06-29,06/29,0,0,0,cumulative,PilotCounts.xlsx,Pink,D34,1998,
1998,pilot,Pink,1998-06-30,06/30,0,0,0,cumulative,PilotCounts.xlsx,Pink,D35,1998,
1998,pilot,Pink,1998-07-01,07/01,2810,2810,2810,cumulative,PilotCounts.xlsx,Pink,D36,1998,
1998,pilot,Pink,1998-07-02,07/02,2810,0,2810,cumulative,PilotCounts.xlsx,Pink,D37,1998,
1998,pilot,Pink,1998-07-03,07/03,5383,2573,5383,cumulative,PilotCounts.xlsx,Pink,D38,1998,
1998,pilot,Pink,1998-07-04,07/04,7919,2536,7919,cumulative,PilotCounts.xlsx,Pink,D39,1998,
1998,pilot,Pink,1998-07-05,07/05,10375,2456,10375,cumulative,PilotCounts.xlsx,Pink,D40,1998,
1998,pilot,Pink,1998-07-06,07/06,11868,1493,11868,cumulative,PilotCounts.xlsx,Pink,D41,1998,
1998,pilot,Pink,1998-07-07,07/07,13163,1295,13163,cumulative,PilotCounts.xlsx,Pink,D42,1998,
1998,pilot,Pink,1998-07-08,07/08,16700,3537,16700,cumulative,PilotCounts.xlsx,Pink,D43,1998,
1998,pilot,Pink,1998-07-09,07/09,23521,6821,23521,cumulative,PilotCounts.xlsx,Pink,D44,1998,
1998,pilot,Pink,1998-07-10,07/10,29410,5889,29410,cumulative,PilotCounts.xlsx,Pink,D45,1998,
1998,pilot,Pink,1998-07-11,07/11,36223,6813,36223,cumulative,PilotCounts.xlsx,Pink,D46,1998,
1998,pilot,Pink,1998-07-12,07/12,41379,5156,41379,cumulative,PilotCounts.xlsx,Pink,D47,1998,
1998,pilot,Pink,1998-07-13,07/13,43701,2322,43701,cumulative,PilotCounts.xlsx,Pink,D48,1998,
1998,pilot,Pink,1998-07-14,07/14,47449,3748,47449,cumulative,PilotCounts.xlsx,Pink,D49,1998,
1998,pilot,Pink,1998-07-15,07/15,51485,4036,51485,cumulative,PilotCounts.xlsx,Pink,D50,1998,
1998,pilot,Pink,1998-07-16,07/16,54260,2775,54260,cumulative,PilotCounts.xlsx,Pink,D51,1998,
1998,pilot,Pink,1998-07-17,07/17,56360,2100,56360,cumulative,PilotCounts.xlsx,Pink,D52,1998,
1998,pilot,Pink,1998-07-18,07/18,58338,1978,58338,cumulative,PilotCounts.xlsx,Pink,D53,1998,
1998,pilot,Pink,1998-07-19,07/19,60471,2133,60471,cumulative,PilotCounts.xlsx,Pink,D54,1998,
1998,pilot,Pink,1998-07-20,07/20,62375,1904,62375,cumulative,PilotCounts.xlsx,Pink,D55,1998,
1998,pilot,Pink,1998-07-21,07/21,64784,2409,64784,cumulative,PilotCounts.xlsx,Pink,D56,1998,
1998,pilot,Pink,1998-07-22,07/22,66994,2210,66994,cumulative,PilotCounts.xlsx,Pink,D57,1998,
1998,pilot,Pink,1998-07-23,07/23,69871,2877,69871,cumulative,PilotCounts.xlsx,Pink,D58,1998,
1998,pilot,Pink,1998-07-24,07/24,72818,2947,72818,cumulative,PilotCounts.xlsx,Pink,D59,1998,
1998,pilot,Pink,1998-07-25,07/25,75572,2754,75572,cumulative,PilotCounts.xlsx,Pink,D60,1998,
1998,pilot,Pink,1998-07-26,07/26,78882,3310,78882,cumulative,PilotCounts.xlsx,Pink,D61,1998,
1998,pilot,Pink,1998-07-27,07/27,83353,4471,83353,cumulative,PilotCounts.xlsx,Pink,D62,1998,
1998,pilot,Pink,1998-07-28,07/28,85541,2188,85541,cumulative,PilotCounts.xlsx,Pink,D63,1998,
1998,pilot,Pink,1998-07-29,07/29,87521,1980,87521,cumulative,PilotCounts.xlsx,Pink,D64,1998,
1998,pilot,Pink,1998-07-30,07/30,89524,2003,89524,cumulative,PilotCounts.xlsx,Pink,D65,1998,
1998,pilot,Pink,1998-07-31,07/31,91727,2203,91727,cumulative,PilotCounts.xlsx,Pink,D66,1998,
1998,pilot,Pink,1998-08-01,08/01,94424,2697,94424,cumulative,PilotCounts.xlsx,Pink,D67,1998,
1998,pilot,Pink,1998-08-02,08/02,94872,448,94872,cumulative,PilotCounts.xlsx,Pink,D68,1998,
1998,pilot,Pink,1998-08-03,08/03,95328,456,95328,cumulative,PilotCounts.xlsx,Pink,D69,1998,
1998,pilot,Pink,1998-08-04,08/04,95730,402,95730,cumulative,PilotCounts.xlsx,Pink,D70,1998,
1998,pilot,Pink,1998-08-05,08/05,97199,1469,97199,cumulative,PilotCounts.xlsx,Pink,D71,1998,
1998,pilot,Pink,1998-08-06,08/06,98343,1144,98343,cumulative,PilotCounts.xlsx,Pink,D72,1998,
1998,pilot,Pink,1998-08-07,08/07,99575,1232,99575,cumulative,PilotCounts.xlsx,Pink,D73,1998,
1998,pilot,Pink,1998-08-08,08/08,100683,1108,100683,cumulative,PilotCounts.xlsx,Pink,D74,1998,
1998,pilot,Pink,1998-08-09,08/09,101102,419,101102,cumulative,PilotCounts.xlsx,Pink,D75,1998,
1998,pilot,Pink,1998-08-10,08/10,101614,512,101614,cumulative,PilotCounts.xlsx,Pink,D76,1998,
1998,pilot,Pink,1998-08-11,08/11,102050,436,102050,cumulative,PilotCounts.xlsx,Pink,D77,1998,
1998,pilot,Pink,1998-08-12,08/12,102337,287,102337,cumulative,PilotCounts.xlsx,Pink,D78,1998,
1998,pilot,Pink,1998-08-13,08/13,102565,228,102565,cumulative,PilotCounts.xlsx,Pink,D79,1998,
1998,pilot,Pink,1998-08-14,08/14,102878,313,102878,cumulative,PilotCounts.xlsx,Pink,D80,1998,
1998,pilot,Pink,1998-08-15,08/15,102979,101,102979,cumulative,PilotCounts.xlsx,Pink,D81,1998,
1998,pilot,Pink,1998-08-16,08/16,103148,169,103148,cumulative,PilotCounts.xlsx,Pink,D82,1998,
1998,pilot,Pink,1998-08-17,08/17,103148,0,103148,cumulative,PilotCounts.xlsx,Pink,D83,1998,
1998,pilot,Pink,1998-08-18,08/18,103271,123,103271,cumulative,PilotCounts.xlsx,Pink,D84,1998,
1998,pilot,Pink,1998-08-19,08/19,103271,0,103271,cumulative,PilotCounts.xlsx,Pink,D85,1998,
1998,pilot,Pink,1998-08-20,08/20,103271,0,103271,cumulative,PilotCounts.xlsx,Pink,D86,1998,
1998,pilot,Pink,1998-08-21,08/21,103271,0,103271,cumulative,PilotCounts.xlsx,Pink,D87,1998,
1998,pilot,Pink,1998-08-22,08/22,103271,0,103271,cumulative,PilotCounts.xlsx,Pink,D88,1998,
1998,pilot,Pink,1998-08-23,08/23,103271,0,103271,cumulative,PilotCounts.xlsx,Pink,D89,1998,
1998,pilot,Pink,1998-08-24,08/24,103271,0,103271,cumulative,PilotCounts.xlsx,Pink,D90,1998,
1998,pilot,Pink,1998-08-25,08/25,103303,32,103303,cumulative,PilotCounts.xlsx,Pink,D91,1998,
1998,pilot,Pink,1998-08-26,08/26,103336,33,103336,cumulative,PilotCounts.xlsx,Pink,D92,1998,
1998,pilot,Pink,1998-08-27,08/27,103370,34,103370,cumulative,PilotCounts.xlsx,Pink,D93,1998,
1998,pilot,Pink,1998-08-28,08/28,103395,25,103395,cumulative,PilotCounts.xlsx,Pink,D94,1998,
1998,pilot,Pink,1998-08-29,08/29,103416,21,103416,cumulative,PilotCounts.xlsx,Pink,D95,1998,
1998,pilot,Pink,1998-08-30,08/30,103416,0,103416,cumulative,PilotCounts.xlsx,Pink,D96,1998,
1998,pilot,Pink,1998-08-31,08/31,103416,0,103416,cumulative,PilotCounts.xlsx,Pink,D97,1998,
1998,pilot,Pink,1998-09-01,09/01,103416,0,103416,cumulative,PilotCounts.xlsx,Pink,D98,1998,
1998,pilot,Pink,1998-09-02,09/02,103416,0,103416,cumulative,PilotCounts.xlsx,Pink,D99,1998,
1998,pilot,Pink,1998-09-03,09/03,103416,0,103416,cumulative,PilotCounts.xlsx,Pink,D100,1998,
1998,pilot,Pink,1998-09-04,09/04,103416,0,103416,cumulative,PilotCounts.xlsx,Pink,D101,1998,
1998,pilot,Pink,1998-09-05,09/05,103416,0,103416,cumulative,PilotCounts.xlsx,Pink,D102,1998,
1998,pilot,Pink,1998-09-06,09/06,103416,0,103416,cumulative,PilotCounts.xlsx,Pink,D103,1998,
1998,pilot,Pink,1998-09-07,09/07,103416,0,103416,cumulative,PilotCounts.xlsx,Pink,D104,1998,
1998,pilot,Pink,1998-09-08,09/08,103416,0,103416,cumulative,PilotCounts.xlsx,Pink,D105,1998,
1998,pilot,Pink,1998-09-09,09/09,103416,0,103416,cumulative,PilotCounts.xlsx,Pink,D106,1998,
1999,EF_Andreafsky,Pink,1999-06-17,06/17,0,,0,cumulative,EF_Andreafsky_PinkCounts.xlsx,Sheet1,O5,1999,
1999,EF_Andreafsky,Pink,1999-06-18,06/18,0,0,0,cumulative,EF_Andreafsky_PinkCounts.xlsx,Sheet1,O6,1999,
1999,EF_Andreafsky,Pink,1999-06-19,06/19,0,0,0,cumulative,EF_Andreafsky_PinkCounts.xlsx,Sheet1,O7,1999,
1999,EF_Andreafsky,Pink,1999-06-20,06/20,0,0,0,cumulative,EF_Andreafsky_PinkCounts.xlsx,Sheet1,O8,1999,
1999,EF_Andreafsky,Pink,1999-06-21,06/21,0,0,0,cumulative,EF_Andreafsky_PinkCounts.xlsx,Sheet1,O9,1999,
1999,EF_Andreafsky,Pink,1999-06-22,06/22,0,0,0,cumulative,EF_Andreafsky_PinkCounts.xlsx,Sheet1,O10,1999,
1999,EF_Andreafsky,Pink,1999-06-23,06/23,0,0,0,cumulative,EF_Andreafsky_PinkCounts.xlsx,Sheet1,O11,1999,
1999,EF_Andreafsky,Pink,1999-06-24,06/24,0,0,0,cumulative,EF_Andreafsky_PinkCounts.xlsx,Sheet1,O12,1999,
1999,EF_Andreafsky,Pink,1999-06-25,06/25,0,0,0,cumulative,EF_Andreafsky_PinkCounts.xlsx,Sheet1,O13,1999,
1999,EF_Andreafsky,Pink,1999-06-26,06/26,0,0,0,cumulative,EF_Andreafsky_PinkCounts.xlsx,Sheet1,O14,1999,
1999,EF_Andreafsky,Pink,1999-06-27,06/27,0,0,0,cumulative,EF_Andreafsky_PinkCounts.xlsx,Sheet1,O15,1999,
1999,EF_Andreafsky,Pink,1999-06-28,06/28,0,0,0,cumulative,EF_Andreafsky_PinkCounts.xlsx,Sheet1,O16,1999,
1999,EF_Andreafsky,Pink,1999-06-29,06/29,0,0,0,cumulative,EF_Andreafsky_PinkCounts.xlsx,Sheet1,O17,1999,
1999,EF_Andreafsky,Pink,1999-06-30,06/30,0,0,0,cumulative,EF_Andreafsky_PinkCounts.xlsx,Sheet1,O18,1999,
1999,EF_Andreafsky,Pink,1999-07-01,07/01,0,0,0,cumulative,EF_Andreafsky_PinkCounts.xlsx,Sheet1,O19,1999,
1999,EF_Andreafsky,Pink,1999-07-02,07/02,0,0,0,cumulative,EF_Andreafsky_PinkCounts.xlsx,Sheet1,O20,1999,
1999,EF_Andreafsky,Pink,1999-07-03,07/03,0,0,0,cumulative,EF_Andreafsky_PinkCounts.xlsx,Sheet1,O21,1999,
1999,EF_Andreafsky,Pink,1999-07-04,07/04,0,0,0,cumulative,EF_Andreafsky_PinkCounts.xlsx,Sheet1,O22,1999,
1999,EF_Andreafsky,Pink,1999-07-05,07/05,0,0,0,cumulative,EF_Andreafsky_PinkCounts.xlsx,Sheet1,O23,1999,
1999,EF_Andreafsky,Pink,1999-07-06,07/06,2,2,2,cumulative,EF_Andreafsky_PinkCounts.xlsx,Sheet1,O24,1999,
1999,EF_Andreafsky,Pink,1999-07-07,07/07,4,2,4,cumulative,EF_Andreafsky_PinkCounts.xlsx,Sheet1,O25,1999,
1999,EF_Andreafsky,Pink,1999-07-08,07/08,5,1,5,cumulative,EF_Andreafsky_PinkCounts.xlsx,Sheet1,O26,1999,
1999,EF_Andreafsky,Pink,1999-07-09,07/09,7,2,7,cumulative,EF_Andreafsky_PinkCounts.xlsx,Sheet1,O27,1999,
1999,EF_Andreafsky,Pink,1999-07-10,07/10,17,10,17,cumulative,EF_Andreafsky_PinkCounts.xlsx,Sheet1,O28,1999,
1999,EF_Andreafsky,Pink,1999-07-11,07/11,37,20,37,cumulative,EF_Andreafsky_PinkCounts.xlsx,Sheet1,O29,1999,
1999,EF_Andreafsky,Pink,1999-07-12,07/12,54,17,54,cumulative,EF_Andreafsky_PinkCounts.xlsx,Sheet1,O30,1999,
1999,EF_Andreafsky,Pink,1999-07-13,07/13,72,18,72,cumulative,EF_Andreafsky_PinkCounts.xlsx,Sheet1,O31,1999,
1999,EF_Andreafsky,Pink,1999-07-14,07/14,79,7,79,cumulative,EF_Andreafsky_PinkCounts.xlsx,Sheet1,O32,1999,
1999,EF_Andreafsky,Pink,1999-07-15,07/15,81,2,81,cumulative,EF_Andreafsky_PinkCounts.xlsx,Sheet1,O33,1999,
1999,EF_Andreafsky,Pink,1999-07-16,07/16,83,2,83,cumulative,EF_Andreafsky_PinkCounts.xlsx,Sheet1,O34,1999,
1999,EF_Andreafsky,Pink,1999-07-17,07/17,87,4,87,cumulative,EF_Andreafsky_PinkCounts.xlsx,Sheet1,O35,1999,
1999,EF_Andreafsky,Pink,1999-07-18,07/18,91,4,91,cumulative,EF_Andreafsky_PinkCounts.xlsx,Sheet1,O36,1999,
1999,EF_Andreafsky,Pink,1999-07-19,07/19,105,14,105,cumulative,EF_Andreafsky_PinkCounts.xlsx,Sheet1,O37,1999,
1999,EF_Andreafsky,Pink,1999-07-20,07/20,174,69,174,cumulative,EF_Andreafsky_PinkCounts.xlsx,Sheet1,O38,1999,
1999,EF_Andreafsky,Pink,1999-07-21,07/21,212,38,212,cumulative,EF_Andreafsky_PinkCounts.xlsx,Sheet1,O39,1999,
1999,EF_Andreafsky,Pink,1999-07-22,07/22,253,41,253,cumulative,EF_Andreafsky_PinkCounts.xlsx,Sheet1,O40,1999,
1999,EF_Andreafsky,Pink,1999-07-23,07/23,278,25,278,cumulative,EF_Andreafsky_PinkCounts.xlsx,Sheet1,O41,1999,
1999,EF_Andreafsky,Pink,1999-07-24,07/24,301,23,301,cumulative,EF_Andreafsky_PinkCounts.xlsx,Sheet1,O42,1999,
1999,EF_Andreafsky,Pink,1999-07-25,07/25,323,22,323,cumulative,EF_Andreafsky_PinkCounts.xlsx,Sheet1,O43,1999,
1999,EF_Andreafsky,Pink,1999-07-26,07/26,334,11,334,cumulative,EF_Andreafsky_PinkCounts.xlsx,Sheet1,O44,1999,
1999,EF_Andreafsky,Pink,1999-07-27,07/27,358,24,358,cumulative,EF_Andreafsky_PinkCounts.xlsx,Sheet1,O45,1999,
1999,EF_Andreafsky,Pink,1999-07-28,07/28,369,11,369,cumulative,EF_Andreafsky_PinkCounts.xlsx,Sheet1,O46,1999,
1999,EF_Andreafsky,Pink,1999-07-29,07/29,395,26,395,cumulative,EF_Andreafsky_PinkCounts.xlsx,Sheet1,O47,1999,
1999,EF_Andreafsky,Pink,1999-07-30,07/30,408,13,408,cumulative,EF_Andreafsky_PinkCounts.xlsx,Sheet1,O48,1999,
1999,EF_Andreafsky,Pink,1999-07-31,07/31,418,10,418,cumulative,EF_Andreafsky_PinkCounts.xlsx,Sheet1,O49,1999,
1999,EF_Andreafsky,Pink,1999-08-01,08/01,426,8,426,cumulative,EF_Andreafsky_PinkCounts.xlsx,Sheet1,O50,1999,
1999,EF_Andreafsky,Pink,1999-08-02,08/02,431,5,431,cumulative,EF_Andreafsky_PinkCounts.xlsx,Sheet1,O51,1999,
1999,EF_Andreafsky,Pink,1999-08-03,08/03,479,48,479,cumulative,EF_Andreafsky_PinkCounts.xlsx,Sheet1,O52,1999,
1999,EF_Andreafsky,Pink,1999-08-04,08/04,539,60,539,cumulative,EF_Andreafsky_PinkCounts.xlsx,Sheet1,O53,1999,
1999,EF_Andreafsky,Pink,1999-08-05,08/05,567,28,567,cumulative,EF_Andreafsky_PinkCounts.xlsx,Sheet1,O54,1999,
1999,EF_Andreafsky,Pink,1999-08-06,08/06,581,14,581,cumulative,EF_Andreafsky_PinkCounts.xlsx,Sheet1,O55,1999,
1999,EF_Andreafsky,Pink,1999-08-07,08/07,594,13,594,cumulative,EF_Andreafsky_PinkCounts.xlsx,Sheet1,O56,1999,
1999,EF_Andreafsky,Pink,1999-08-08,08/08,613,19,613,cumulative,EF_Andreafsky_PinkCounts.xlsx,Sheet1,O57,1999,
1999,EF_Andreafsky,Pink,1999-08-09,08/09,620,7,620,cumulative,EF_Andreafsky_PinkCounts.xlsx,Sheet1,O58,1999,
1999,EF_Andreafsky,Pink,1999-08-10,08/10,636,16,636,cumulative,EF_Andreafsky_PinkCounts.xlsx,Sheet1,O59,1999,
1999,EF_Andreafsky,Pink,1999-08-11,08/11,651,15,651,cumulative,EF_Andreafsky_PinkCounts.xlsx,Sheet1,O60,1999,
1999,EF_Andreafsky,Pink,1999-08-12,08/12,668,17,668,cumulative,EF_Andreafsky_PinkCounts.xlsx,Sheet1,O61,1999,
1999,EF_Andreafsky,Pink,1999-08-13,08/13,676,8,676,cumulative,EF_Andreafsky_PinkCounts.xlsx,Sheet1,O62,1999,
1999,EF_Andreafsky,Pink,1999-08-14,08/14,681,5,681,cumulative,EF_Andreafsky_PinkCounts.xlsx,Sheet1,O63,1999,
1999,EF_Andreafsky,Pink,1999-08-15,08/15,684,3,684,cumulative,EF_Andreafsky_PinkCounts.xlsx,Sheet1,O64,1999,
1999,EF_Andreafsky,Pink,1999-08-16,08/16,701,17,701,cumulative,EF_Andreafsky_PinkCounts.xlsx,Sheet1,O65,1999,
1999,EF_Andreafsky,Pink,1999-08-17,08/17,702,1,702,cumulative,EF_Andreafsky_PinkCounts.xlsx,Sheet1,O66,1999,
1999,EF_Andreafsky,Pink,1999-08-18,08/18,708,6,708,cumulative,EF_Andreafsky_PinkCounts.xlsx,Sheet1,O67,1999,
1999,EF_Andreafsky,Pink,1999-08-19,08/19,708,0,708,cumulative,EF_Andreafsky_PinkCounts.xlsx,Sheet1,O68,1999,
1999,EF_Andreafsky,Pink,1999-08-20,08/20,709,1,709,cumulative,EF_Andreafsky_PinkCounts.xlsx,Sheet1,O69,1999,
1999,EF_Andreafsky,Pink,1999-08-21,08/21,710,1,710,cumulative,EF_Andreafsky_PinkCounts.xlsx,Sheet1,O70,1999,
1999,EF_Andreafsky,Pink,1999-08-22,08/22,713,3,713,cumulative,EF_Andreafsky_PinkCounts.xlsx,Sheet1,O71,1999,
1999,EF_Andreafsky,Pink,1999-08-23,08/23,715,2,715,cumulative,EF_Andreafsky_PinkCounts.xlsx,Sheet1,O72,1999,
1999,EF_Andreafsky,Pink,1999-08-24,08/24,722,7,722,cumulative,EF_Andreafsky_PinkCounts.xlsx,Sheet1,O73,1999,
1999,EF_Andreafsky,Pink,1999-08-25,08/25,723,1,723,cumulative,EF_Andreafsky_PinkCounts.xlsx,Sheet1,O74,1999,
1999,EF_Andreafsky,Pink,1999-08-26,08/26,727,4,727,cumulative,EF_Andreafsky_PinkCounts.xlsx,Sheet1,O75,1999,
1999,EF_Andreafsky,Pink,1999-08-27,08/27,728,1,728,cumulative,EF_Andreafsky_PinkCounts.xlsx,Sheet1,O76,1999,
1999,EF_Andreafsky,Pink,1999-08-28,08/28,734,6,734,cumulative,EF_Andreafsky_PinkCounts.xlsx,Sheet1,O77,1999,
1999,EF_Andreafsky,Pink,1999-08-29,08/29,740,6,740,cumulative,EF_Andreafsky_PinkCounts.xlsx,Sheet1,O78,1999,
1999,EF_Andreafsky,Pink,1999-08-30,08/30,742,2,742,cumulative,EF_Andreafsky_PinkCounts.xlsx,Sheet1,O79,1999,
1999,EF_Andreafsky,Pink,1999-08-31,08/31,745,3,745,cumulative,EF_Andreafsky_PinkCounts.xlsx,Sheet1,O80,1999,
1999,EF_Andreafsky,Pink,1999-09-01,09/01,746,1,746,cumulative,EF_Andreafsky_PinkCounts.xlsx,Sheet1,O81,1999,
1999,EF_Andreafsky,Pink,1999-09-02,09/02,747,1,747,cumulative,EF_Andreafsky_PinkCounts.xlsx,Sheet1,O82,1999,
1999,EF_Andreafsky,Pink,1999-09-03,09/03,755,8,755,cumulative,EF_Andreafsky_PinkCounts.xlsx,Sheet1,O83,1999,
1999,EF_Andreafsky,Pink,1999-09-04,09/04,757,2,757,cumulative,EF_Andreafsky_PinkCounts.xlsx,Sheet1,O84,1999,
1999,EF_Andreafsky,Pink,1999-09-05,09/05,761,4,761,cumulative,EF_Andreafsky_PinkCounts.xlsx,Sheet1,O85,1999,
1999,EF_Andreafsky,Pink,1999-09-06,09/06,763,2,763,cumulative,EF_Andreafsky_PinkCounts.xlsx,Sheet1,O86,1999,
1999,EF_Andreafsky,Pink,1999-09-07,09/07,766,3,766,cumulative,EF_Andreafsky_PinkCounts.xlsx,Sheet1,O87,1999,
1999,EF_Andreafsky,Pink,1999-09-08,09/08,766,0,766,cumulative,EF_Andreafsky_PinkCounts.xlsx,Sheet1,O88,1999,
1999,EF_Andreafsky,Pink,1999-09-09,09/09,766,0,766,cumulative,EF_Andreafsky_PinkCounts.xlsx,Sheet1,O89,1999,
1999,EF_Andreafsky,Pink,1999-09-10,09/10,766,0,766,cumulative,EF_Andreafsky_PinkCounts.xlsx,Sheet1,O90,1999,
1999,EF_Andreafsky,Pink,1999-09-11,09/11,769,3,769,cumulative,EF_Andreafsky_PinkCounts.xlsx,Sheet1,O91,1999,
1999,pilot,Chinook,1999-06-12,06/12,40,40,40,daily,PilotCounts.xlsx,AllChinook,D17,1999,
1999,pilot,Chinook,1999-06-13,06/13,57,57,97,daily,PilotCounts.xlsx,AllChinook,D18,1999,
1999,pilot,Chinook,1999-06-14,06/14,48,48,145,daily,PilotCounts.xlsx,AllChinook,D19,1999,
1999,pilot,Chinook,1999-06-15,06/15,1089,1089,1234,daily,PilotCounts.xlsx,AllChinook,D20,1999,
1999,pilot,Chinook,1999-06-16,06/16,1360,1360,2594,daily,PilotCounts.xlsx,AllChinook,D21,1999,
1999,pilot,Chinook,1999-06-17,06/17,1129,1129,3723,daily,PilotCounts.xlsx,AllChinook,D22,1999,
1999,pilot,Chinook,1999-06-18,06/18,950,950,4673,daily,PilotCounts.xlsx,AllChinook,D23,1999,
1999,pilot,Chinook,1999-06-19,06/19,1705,1705,6378,daily,PilotCounts.xlsx,AllChinook,D24,1999,
1999,pilot,Chinook,1999-06-20,06/20,2571,2571,8949,daily,PilotCounts.xlsx,AllChinook,D25,1999,
1999,pilot,Chinook,1999-06-21,06/21,4955,4955,13904,daily,PilotCounts.xlsx,AllChinook,D26,1999,
1999,pilot,Chinook,1999-06-22,06/22,5548,5548,19452,daily,PilotCounts.xlsx,AllChinook,D27,1999,
1999,pilot,Chinook,1999-06-23,06/23,12731,12731,32183,daily,PilotCounts.xlsx,AllChinook,D28,1999,
1999,pilot,Chinook,1999-06-24,06/24,5329,5329,37512,daily,PilotCounts.xlsx,AllChinook,D29,1999,
1999,pilot,Chinook,1999-06-25,06/25,11037,11037,48549,daily,PilotCounts.xlsx,AllChinook,D30,1999,
1999,pilot,Chinook,1999-06-26,06/26,5918,5918,54467,daily,PilotCounts.xlsx,AllChinook,D31,1999,
1999,pilot,Chinook,1999-06-27,06/27,14653,14653,69120,daily,PilotCounts.xlsx,AllChinook,D32,1999,
1999,pilot,Chinook,1999-06-28,06/28,27935,27935,97055,daily,PilotCounts.xlsx,AllChinook,D33,1999,
1999,pilot,Chinook,1999-06-29,06/29,5710,5710,102765,daily,PilotCounts.xlsx,AllChinook,D34,1999,
1999,pilot,Chinook,1999-06-30,06/30,6958,6958,109723,daily,PilotCounts.xlsx,AllChinook,D35,1999,
1999,pilot,Chinook,1999-07-01,07/01,6904,6904,116627,daily,PilotCounts.xlsx,AllChinook,D36,1999,
1999,pilot,Chinook,1999-07-02,07/02,8981,8981,125608,daily,PilotCounts.xlsx,AllChinook,D37,1999,
1999,pilot,Chinook,1999-07-03,07/03,8813,8813,134421,daily,PilotCounts.xlsx,AllChinook,D38,1999,
1999,pilot,Chinook,1999-07-04,07/04,5902,5902,140323,daily,PilotCounts.xlsx,AllChinook,D39,1999,
1999,pilot,Chinook,1999-07-05,07/05,11469,11469,151792,daily,PilotCounts.xlsx,AllChinook,D40,1999,
1999,pilot,Chinook,1999-07-06,07/06,6969,6969,158761,daily,PilotCounts.xlsx,AllChinook,D41,1999,
1999,pilot,Chinook,1999-07-07,07/07,4259,4259,163020,daily,PilotCounts.xlsx,AllChinook,D42,1999,
1999,pilot,Chinook,1999-07-08,07/08,2509,2509,165529,daily,PilotCounts.xlsx,AllChinook,D43,1999,
1999,pilot,Chinook,1999-07-09,07/09,1091,1091,166620,daily,PilotCounts.xlsx,AllChinook,D44,1999,
1999,pilot,Chinook,1999-07-10,07/10,2755,2755,169375,daily,PilotCounts.xlsx,AllChinook,D45,1999,
1999,pilot,Chinook,1999-07-11,07/11,2346,2346,171721,daily,PilotCounts.xlsx,AllChinook,D46,1999,
1999,pilot,Chinook,1999-07-12,07/12,3259,3259,174980,daily,PilotCounts.xlsx,AllChinook,D47,1999,
1999,pilot,Chinook,1999-07-13,07/13,293,293,175273,daily,PilotCounts.xlsx,AllChinook,D48,1999,
1999,pilot,Chinook,1999-07-14,07/14,1088,1088,176361,daily,PilotCounts.xlsx,AllChinook,D49,1999,
1999,pilot,Chinook,1999-07-15,07/15,278,278,176639,daily,PilotCounts.xlsx,AllChinook,D50,1999,
1999,pilot,Chinook,1999-07-16,07/16,251,251,176890,daily,PilotCounts.xlsx,AllChinook,D51,1999,
1999,pilot,Chinook,1999-07-17,07/17,197,197,177087,daily,PilotCounts.xlsx,AllChinook,D52,1999,
1999,pilot,Chinook,1999-07-18,07/18,212,212,177299,daily,PilotCounts.xlsx,AllChinook,D53,1999,
1999,pilot,Chinook,1999-07-19,07/19,0,0,177299,daily,PilotCounts.xlsx,AllChinook,D54,1999,
1999,pilot,Chinook,1999-07-20,07/20,778,778,178077,daily,PilotCounts.xlsx,AllChinook,D55,1999,
1999,pilot,Chinook,1999-07-21,07/21,206,206,178283,daily,PilotCounts.xlsx,AllChinook,D56,1999,
1999,pilot,Chinook,1999-07-22,07/22,0,0,178283,daily,PilotCounts.xlsx,AllChinook,D57,1999,
1999,pilot,Chinook,1999-07-23,07/23,0,0,178283,daily,PilotCounts.xlsx,AllChinook,D58,1999,
1999,pilot,Chinook,1999-07-24,07/24,416,416,178699,daily,PilotCounts.xlsx,AllChinook,D59,1999,
1999,pilot,Chinook,1999-07-25,07/25,0,0,178699,daily,PilotCounts.xlsx,AllChinook,D60,1999,
1999,pilot,Chinook,1999-07-26,07/26,2833,2833,181532,daily,PilotCounts.xlsx,AllChinook,D61,1999,
1999,pilot,Chinook,1999-07-27,07/27,110,110,181642,daily,PilotCounts.xlsx,AllChinook,D62,1999,
1999,pilot,Chinook,1999-07-28,07/28,69,69,181711,daily,PilotCounts.xlsx,AllChinook,D63,1999,
1999,pilot,Chinook,1999-07-29,07/29,675,675,182386,daily,PilotCounts.xlsx,AllChinook,D64,1999,
1999,pilot,Chinook,1999-07-30,07/30,0,0,182386,daily,PilotCounts.xlsx,AllChinook,D65,1999,
1999,pilot,Chinook,1999-07-31,07/31,0,0,182386,daily,PilotCounts.xlsx,AllChinook,D66,1999,
1999,pilot,Chinook,1999-08-01,08/01,0,0,182386,daily,PilotCounts.xlsx,AllChinook,D67,1999,
1999,pilot,Chinook,1999-08-02,08/02,1710,1710,184096,daily,PilotCounts.xlsx,AllChinook,D68,1999,
1999,pilot,Chinook,1999-08-03,08/03,0,0,184096,daily,PilotCounts.xlsx,AllChinook,D69,1999,
1999,pilot,Chinook,1999-08-04,08/04,0,0,184096,daily,PilotCounts.xlsx,AllChinook,D70,1999,
1999,pilot,Chinook,1999-08-05,08/05,0,0,184096,daily,PilotCounts.xlsx,AllChinook,D71,1999,
1999,pilot,Chinook,1999-08-06,08/06,0,0,184096,daily,PilotCounts.xlsx,AllChinook,D72,1999,
1999,pilot,Chinook,1999-08-07,08/07,0,0,184096,daily,PilotCounts.xlsx,AllChinook,D73,1999,
1999,pilot,Chinook,1999-08-08,08/08,0,0,184096,daily,PilotCounts.xlsx,AllChinook,D74,1999,
1999,pilot,Chinook,1999-08-09,08/09,0,0,184096,daily,PilotCounts.xlsx,AllChinook,D75,1999,
1999,pilot,Chinook,1999-08-10,08/10,0,0,184096,daily,PilotCounts.xlsx,AllChinook,D76,1999,
1999,pilot,Chinook,1999-08-11,08/11,0,0,184096,daily,PilotCounts.xlsx,AllChinook,D77,1999,
1999,pilot,Chinook,1999-08-12,08/12,0,0,184096,daily,PilotCounts.xlsx,AllChinook,D78,1999,
1999,pilot,Chinook,1999-08-13,08/13,0,0,184096,daily,PilotCounts.xlsx,AllChinook,D79,1999,
1999,pilot,Chinook,1999-08-14,08/14,0,0,184096,daily,PilotCounts.xlsx,AllChinook,D80,1999,
1999,pilot,Chinook,1999-08-15,08/15,0,0,184096,daily,PilotCounts.xlsx,AllChinook,D81,1999,
1999,pilot,Chinook,1999-08-16,08/16,0,0,184096,daily,PilotCounts.xlsx,AllChinook,D82,1999,
1999,pilot,Chinook,1999-08-17,08/17,0,0,184096,daily,PilotCounts.xlsx,AllChinook,D83,1999,
1999,pilot,Chinook,1999-08-18,08/18,0,0,184096,daily,PilotCounts.xlsx,AllChinook,D84,1999,
1999,pilot,Chinook,1999-08-19,08/19,0,0,184096,daily,PilotCounts.xlsx,AllChinook,D85,1999,
1999,pilot,Chinook,1999-08-20,08/20,0,0,184096,daily,PilotCounts.xlsx,AllChinook,D86,1999,
1999,pilot,Chinook,1999-08-21,08/21,0,0,184096,daily,PilotCounts.xlsx,AllChinook,D87,1999,
1999,pilot,Chinook,1999-08-22,08/22,0,0,184096,daily,PilotCounts.xlsx,AllChinook,D88,1999,
1999,pilot,Chinook,1999-08-23,08/23,0,0,184096,daily,PilotCounts.xlsx,AllChinook,D89,1999,
1999,pilot,Chinook,1999-08-24,08/24,122,122,184218,daily,PilotCounts.xlsx,AllChinook,D90,1999,
1999,pilot,Chinook,1999-08-25,08/25,0,0,184218,daily,PilotCounts.xlsx,AllChinook,D91,1999,
1999,pilot,Chinook,1999-08-26,08/26,0,0,184218,daily,PilotCounts.xlsx,AllChinook,D92,1999,
1999,pilot,Chinook,1999-08-27,08/27,0,0,184218,daily,PilotCounts.xlsx,AllChinook,D93,1999,
1999,pilot,Chinook,1999-08-28,08/28,0,0,184218,daily,PilotCounts.xlsx,AllChinook,D94,1999,
1999,pilot,Chinook,1999-08-29,08/29,0,0,184218,daily,PilotCounts.xlsx,AllChinook,D95,1999,
1999,pilot,Chinook,1999-08-30,08/30,0,0,184218,daily,PilotCounts.xlsx,AllChinook,D96,1999,
1999,pilot,Chinook,1999-08-31,08/31,0,0,184218,daily,PilotCounts.xlsx,AllChinook,D97,1999,
1999,pilot,Chum,1999-06-15,06/15,1049,1049,1049,daily,PilotCounts.xlsx,AllChum,E20,1999,
1999,pilot,Chum,1999-06-16,06/16,1411,1411,2460,daily,PilotCounts.xlsx,AllChum,E21,1999,
1999,pilot,Chum,1999-06-17,06/17,1134,1134,3594,daily,PilotCounts.xlsx,AllChum,E22,1999,
1999,pilot,Chum,1999-06-18,06/18,3219,3219,6813,daily,PilotCounts.xlsx,AllChum,E23,1999,
1999,pilot,Chum,1999-06-19,06/19,5721,5721,12534,daily,PilotCounts.xlsx,AllChum,E24,1999,
1999,pilot,Chum,1999-06-20,06/20,12492,12492,25026,daily,PilotCounts.xlsx,AllChum,E25,1999,
1999,pilot,Chum,1999-06-21,06/21,29127,29127,54153,daily,PilotCounts.xlsx,AllChum,E26,1999,
1999,pilot,Chum,1999-06-22,06/22,20740,20740,74893,daily,PilotCounts.xlsx,AllChum,E27,1999,
1999,pilot,Chum,1999-06-23,06/23,21311,21311,96204,daily,PilotCounts.xlsx,AllChum,E28,1999,
1999,pilot,Chum,1999-06-24,06/24,62947,62947,159151,daily,PilotCounts.xlsx,AllChum,E29,1999,
1999,pilot,Chum,1999-06-25,06/25,95360,95360,254511,daily,PilotCounts.xlsx,AllChum,E30,1999,
1999,pilot,Chum,1999-06-26,06/26,63275,63275,317786,daily,PilotCounts.xlsx,AllChum,E31,1999,
1999,pilot,Chum,1999-06-27,06/27,47953,47953,365739,daily,PilotCounts.xlsx,AllChum,E32,1999,
1999,pilot,Chum,1999-06-28,06/28,79295,79295,445034,daily,PilotCounts.xlsx,AllChum,E33,1999,
1999,pilot,Chum,1999-06-29,06/29,61115,61115,506149,daily,PilotCounts.xlsx,AllChum,E34,1999,
1999,pilot,Chum,1999-06-30,06/30,43634,43634,549783,daily,PilotCounts.xlsx,AllChum,E35,1999,
1999,pilot,Chum,1999-07-01,07/01,52611,52611,602394,daily,PilotCounts.xlsx,AllChum,E36,1999,
1999,pilot,Chum,1999-07-02,07/02,39052,39052,641446,daily,PilotCounts.xlsx,AllChum,E37,1999,
1999,pilot,Chum,1999-07-03,07/03,36115,36115,677561,daily,PilotCounts.xlsx,AllChum,E38,1999,
1999,pilot,Chum,1999-07-04,07/04,54398,54398,731959,daily,PilotCounts.xlsx,AllChum,E39,1999,
1999,pilot,Chum,1999-07-05,07/05,37839,37839,769798,daily,PilotCounts.xlsx,AllChum,E40,1999,
1999,pilot,Chum,1999-07-06,07/06,21884,21884,791682,daily,PilotCounts.xlsx,AllChum,E41,1999,
1999,pilot,Chum,1999-07-07,07/07,9660,9660,801342,daily,PilotCounts.xlsx,AllChum,E42,1999,
1999,pilot,Chum,1999-07-08,07/08,15562,15562,816904,daily,PilotCounts.xlsx,AllChum,E43,1999,
1999,pilot,Chum,1999-07-09,07/09,39261,39261,856165,daily,PilotCounts.xlsx,AllChum,E44,1999,
1999,pilot,Chum,1999-07-10,07/10,30802,30802,886967,daily,PilotCounts.xlsx,AllChum,E45,1999,
1999,pilot,Chum,1999-07-11,07/11,20016,20016,906983,daily,PilotCounts.xlsx,AllChum,E46,1999,
1999,pilot,Chum,1999-07-12,07/12,10483,10483,917466,daily,PilotCounts.xlsx,AllChum,E47,1999,
1999,pilot,Chum,1999-07-13,07/13,16295,16295,933761,daily,PilotCounts.xlsx,AllChum,E48,1999,
1999,pilot,Chum,1999-07-14,07/14,9994,9994,943755,daily,PilotCounts.xlsx,AllChum,E49,1999,
1999,pilot,Chum,1999-07-15,07/15,9696,9696,953451,daily,PilotCounts.xlsx,AllChum,E50,1999,
1999,pilot,Chum,1999-07-16,07/16,4548,4548,957999,daily,PilotCounts.xlsx,AllChum,E51,1999,
1999,pilot,Chum,1999-07-17,07/17,3462,3462,961461,daily,PilotCounts.xlsx,AllChum,E52,1999,
1999,pilot,Chum,1999-07-18,07/18,7998,7998,969459,daily,PilotCounts.xlsx,AllChum,E53,1999,
1999,pilot,Chum,1999-07-19,07/19,10515,10515,979974,daily,PilotCounts.xlsx,AllChum,E54,1999,
1999,pilot,Chum,1999-07-20,07/20,23805,23805,1003779,daily,PilotCounts.xlsx,AllChum,E55,1999,
1999,pilot,Chum,1999-07-21,07/21,16141,16141,1019920,daily,PilotCounts.xlsx,AllChum,E56,1999,
1999,pilot,Chum,1999-07-22,07/22,7400,7400,1027320,daily,PilotCounts.xlsx,AllChum,E57,1999,
1999,pilot,Chum,1999-07-23,07/23,29522,29522,1056842,daily,PilotCounts.xlsx,AllChum,E58,1999,
1999,pilot,Chum,1999-07-24,07/24,34752,34752,1091594,daily,PilotCounts.xlsx,AllChum,E59,1999,
1999,pilot,Chum,1999-07-25,07/25,25200,25200,1116794,daily,PilotCounts.xlsx,AllChum,E60,1999,
1999,pilot,Chum,1999-07-26,07/26,6058,6058,1122852,daily,PilotCounts.xlsx,AllChum,E61,1999,
1999,pilot,Chum,1999-07-27,07/27,4397,4397,1127249,daily,PilotCounts.xlsx,AllChum,E62,1999,
1999,pilot,Chum,1999-07-28,07/28,4197,4197,1131446,daily,PilotCounts.xlsx,AllChum,E63,1999,
1999,pilot,Chum,1999-07-29,07/29,7255,7255,1138701,daily,PilotCounts.xlsx,AllChum,E64,1999,
1999,pilot,Chum,1999-07-30,07/30,6553,6553,1145254,daily,PilotCounts.xlsx,AllChum,E65,1999,
1999,pilot,Chum,1999-07-31,07/31,5487,5487,1150741,daily,PilotCounts.xlsx,AllChum,E66,1999,
1999,pilot,Chum,1999-08-01,08/01,20833,20833,1171574,daily,PilotCounts.xlsx,AllChum,E67,1999,
1999,pilot,Chum,1999-08-02,08/02,36225,36225,1207799,daily,PilotCounts.xlsx,AllChum,E68,1999,
1999,pilot,Chum,1999-08-03,08/03,18125,18125,1225924,daily,PilotCounts.xlsx,AllChum,E69,1999,
1999,pilot,Chum,1999-08-04,08/04,14274,14274,1240198,daily,PilotCounts.xlsx,AllChum,E70,1999,
1999,pilot,Chum,1999-08-05,08/05,11502,11502,1251700,daily,PilotCounts.xlsx,AllChum,E71,1999,
1999,pilot,Chum,1999-08-06,08/06,6100,6100,1257800,daily,PilotCounts.xlsx,AllChum,E72,1999,
1999,pilot,Chum,1999-08-07,08/07,6276,6276,1264076,daily,PilotCounts.xlsx,AllChum,E73,1999,
1999,pilot,Chum,1999-08-08,08/08,5654,5654,1269730,daily,PilotCounts.xlsx,AllChum,E74,1999,
1999,pilot,Chum,1999-08-09,08/09,6453,6453,1276183,daily,PilotCounts.xlsx,AllChum,E75,1999,
1999,pilot,Chum,1999-08-10,08/10,2143,2143,1278326,daily,PilotCounts.xlsx,AllChum,E76,1999,
1999,pilot,Chum,1999-08-11,08/11,1775,1775,1280101,daily,PilotCounts.xlsx,AllChum,E77,1999,
1999,pilot,Chum,1999-08-12,08/12,1661,1661,1281762,daily,PilotCounts.xlsx,AllChum,E78,1999,
1999,pilot,Chum,1999-08-13,08/13,326,326,1282088,daily,PilotCounts.xlsx,AllChum,E79,1999,
1999,pilot,Chum,1999-08-14,08/14,12082,12082,1294170,daily,PilotCounts.xlsx,AllChum,E80,1999,
1999,pilot,Chum,1999-08-15,08/15,11245,11245,1305415,daily,PilotCounts.xlsx,AllChum,E81,1999,
1999,pilot,Chum,1999-08-16,08/16,7360,7360,1312775,daily,PilotCounts.xlsx,AllChum,E82,1999,
1999,pilot,Chum,1999-08-17,08/17,6149,6149,1318924,daily,PilotCounts.xlsx,AllChum,E83,1999,
1999,pilot,Chum,1999-08-18,08/18,4166,4166,1323090,daily,PilotCounts.xlsx,AllChum,E84,1999,
1999,pilot,Chum,1999-08-19,08/19,1314,1314,1324404,daily,PilotCounts.xlsx,AllChum,E85,1999,
1999,pilot,Chum,1999-08-20,08/20,1071,1071,1325475,daily,PilotCounts.xlsx,AllChum,E86,1999,
1999,pilot,Chum,1999-08-21,08/21,4745,4745,1330220,daily,PilotCounts.xlsx,AllChum,E87,1999,
1999,pilot,Chum,1999-08-22,08/22,27703,27703,1357923,daily,PilotCounts.xlsx,AllChum,E88,1999,
1999,pilot,Chum,1999-08-23,08/23,28952,28952,1386875,daily,PilotCounts.xlsx,AllChum,E89,1999,
1999,pilot,Chum,1999-08-24,08/24,13223,13223,1400098,daily,PilotCounts.xlsx,AllChum,E90,1999,
1999,pilot,Chum,1999-08-25,08/25,6815,6815,1406913,daily,PilotCounts.xlsx,AllChum,E91,1999,
1999,pilot,Chum,1999-08-26,08/26,1750,1750,1408663,daily,PilotCounts.xlsx,AllChum,E92,1999,
1999,pilot,Chum,1999-08-27,08/27,3507,3507,1412170,daily,PilotCounts.xlsx,AllChum,E93,1999,
1999,pilot,Chum,1999-08-28,08/28,1734,1734,1413904,daily,PilotCounts.xlsx,AllChum,E94,1999,
1999,pilot,Chum,1999-08-29,08/29,2258,2258,1416162,daily,PilotCounts.xlsx,AllChum,E95,1999,
1999,pilot,Chum,1999-08-30,08/30,3656,3656,1419818,daily,PilotCounts.xlsx,AllChum,E96,1999,
1999,pilot,Chum,1999-08-31,08/31,1146,1146,1420964,daily,PilotCounts.xlsx,AllChum,E97,1999,
1999,pilot,Pink,1999-06-12,06/12,0,,0,cumulative,PilotCounts.xlsx,Pink,E17,1999,
1999,pilot,Pink,1999-06-13,06/13,0,0,0,cumulative,PilotCounts.xlsx,Pink,E18,1999,
1999,pilot,Pink,1999-06-14,06/14,0,0,0,cumulative,PilotCounts.xlsx,Pink,E19,1999,
1999,pilot,Pink,1999-06-15,06/15,0,0,0,cumulative,PilotCounts.xlsx,Pink,E20,1999,
1999,pilot,Pink,1999-06-16,06/16,0,0,0,cumulative,PilotCounts.xlsx,Pink,E21,1999,
1999,pilot,Pink,1999-06-17,06/17,0,0,0,cumulative,PilotCounts.xlsx,Pink,E22,1999,
1999,pilot,Pink,1999-06-18,06/18,0,0,0,cumulative,PilotCounts.xlsx,Pink,E23,1999,
1999,pilot,Pink,1999-06-19,06/19,0,0,0,cumulative,PilotCounts.xlsx,Pink,E24,1999,
1999,pilot,Pink,1999-06-20,06/20,0,0,0,cumulative,PilotCounts.xlsx,Pink,E25,1999,
1999,pilot,Pink,1999-06-21,06/21,0,0,0,cumulative,PilotCounts.xlsx,Pink,E26,1999,
1999,pilot,Pink,1999-06-22,06/22,0,0,0,cumulative,PilotCounts.xlsx,Pink,E27,1999,
1999,pilot,Pink,1999-06-23,06/23,0,0,0,cumulative,PilotCounts.xlsx,Pink,E28,1999,
1999,pilot,Pink,1999-06-24,06/24,0,0,0,cumulative,PilotCounts.xlsx,Pink,E29,1999,
1999,pilot,Pink,1999-06-25,06/25,0,0,0,cumulative,PilotCounts.xlsx,Pink,E30,1999,
1999,pilot,Pink,1999-06-26,06/26,0,0,0,cumulative,PilotCounts.xlsx,Pink,E31,1999,
1999,pilot,Pink,1999-06-27,06/27,0,0,0,cumulative,PilotCounts.xlsx,Pink,E32,1999,
1999,pilot,Pink,1999-06-28,06/28,0,0,0,cumulative,PilotCounts.xlsx,Pink,E33,1999,
1999,pilot,Pink,1999-06-29,06/29,0,0,0,cumulative,PilotCounts.xlsx,Pink,E34,1999,
1999,pilot,Pink,1999-06-30,06/30,0,0,0,cumulative,PilotCounts.xlsx,Pink,E35,1999,
1999,pilot,Pink,1999-07-01,07/01,0,0,0,cumulative,PilotCounts.xlsx,Pink,E36,1999,
1999,pilot,Pink,1999-07-02,07/02,0,0,0,cumulative,PilotCounts.xlsx,Pink,E37,1999,
1999,pilot,Pink,1999-07-03,07/03,0,0,0,cumulative,PilotCounts.xlsx,Pink,E38,1999,
1999,pilot,Pink,1999-07-04,07/04,0,0,0,cumulative,PilotCounts.xlsx,Pink,E39,1999,
1999,pilot,Pink,1999-07-05,07/05,0,0,0,cumulative,PilotCounts.xlsx,Pink,E40,1999,
1999,pilot,Pink,1999-07-06,07/06,0,0,0,cumulative,PilotCounts.xlsx,Pink,E41,1999,
1999,pilot,Pink,1999-07-07,07/07,0,0,0,cumulative,PilotCounts.xlsx,Pink,E42,1999,
1999,pilot,Pink,1999-07-08,07/08,0,0,0,cumulative,PilotCounts.xlsx,Pink,E43,1999,
1999,pilot,Pink,1999-07-09,07/09,0,0,0,cumulative,PilotCounts.xlsx,Pink,E44,1999,
1999,pilot,Pink,1999-07-10,07/10,0,0,0,cumulative,PilotCounts.xlsx,Pink,E45,1999,
1999,pilot,Pink,1999-07-11,07/11,0,0,0,cumulative,PilotCounts.xlsx,Pink,E46,1999,
1999,pilot,Pink,1999-07-12,07/12,0,0,0,cumulative,PilotCounts.xlsx,Pink,E47,1999,
1999,pilot,Pink,1999-07-13,07/13,0,0,0,cumulative,PilotCounts.xlsx,Pink,E48,1999,
1999,pilot,Pink,1999-07-14,07/14,0,0,0,cumulative,PilotCounts.xlsx,Pink,E49,1999,
1999,pilot,Pink,1999-07-15,07/15,0,0,0,cumulative,PilotCounts.xlsx,Pink,E50,1999,
1999,pilot,Pink,1999-07-16,07/16,0,0,0,cumulative,PilotCounts.xlsx,Pink,E51,1999,
1999,pilot,Pink,1999-07-17,07/17,0,0,0,cumulative,PilotCounts.xlsx,Pink,E52,1999,
1999,pilot,Pink,1999-07-18,07/18,0,0,0,cumulative,PilotCounts.xlsx,Pink,E53,1999,
1999,pilot,Pink,1999-07-19,07/19,0,0,0,cumulative,PilotCounts.xlsx,Pink,E54,1999,
1999,pilot,Pink,1999-07-20,07/20,0,0,0,cumulative,PilotCounts.xlsx,Pink,E55,1999,
1999,pilot,Pink,1999-07-21,07/21,0,0,0,cumulative,PilotCounts.xlsx,Pink,E56,1999,
1999,pilot,Pink,1999-07-22,07/22,485,485,485,cumulative,PilotCounts.xlsx,Pink,E57,1999,
1999,pilot,Pink,1999-07-23,07/23,1944,1459,1944,cumulative,PilotCounts.xlsx,Pink,E58,1999,
1999,pilot,Pink,1999-07-24,07/24,1944,0,1944,cumulative,PilotCounts.xlsx,Pink,E59,1999,
1999,pilot,Pink,1999-07-25,07/25,1944,0,1944,cumulative,PilotCounts.xlsx,Pink,E60,1999,
1999,pilot,Pink,1999-07-26,07/26,2359,415,2359,cumulative,PilotCounts.xlsx,Pink,E61,1999,
1999,pilot,Pink,1999-07-27,07/27,2551,192,2551,cumulative,PilotCounts.xlsx,Pink,E62,1999,
1999,pilot,Pink,1999-07-28,07/28,2672,121,2672,cumulative,PilotCounts.xlsx,Pink,E63,1999,
1999,pilot,Pink,1999-07-29,07/29,2672,0,2672,cumulative,PilotCounts.xlsx,Pink,E64,1999,
1999,pilot,Pink,1999-07-30,07/30,3191,519,3191,cumulative,PilotCounts.xlsx,Pink,E65,1999,
1999,pilot,Pink,1999-07-31,07/31,3596,405,3596,cumulative,PilotCounts.xlsx,Pink,E66,1999,
1999,pilot,Pink,1999-08-01,08/01,3596,0,3596,cumulative,PilotCounts.xlsx,Pink,E67,1999,
1999,pilot,Pink,1999-08-02,08/02,3596,0,3596,cumulative,PilotCounts.xlsx,Pink,E68,1999,
1999,pilot,Pink,1999-08-03,08/03,3596,0,3596,cumulative,PilotCounts.xlsx,Pink,E69,1999,
1999,pilot,Pink,1999-08-04,08/04,3596,0,3596,cumulative,PilotCounts.xlsx,Pink,E70,1999,
1999,pilot,Pink,1999-08-05,08/05,3596,0,3596,cumulative,PilotCounts.xlsx,Pink,E71,1999,
1999,pilot,Pink,1999-08-06,08/06,3596,0,3596,cumulative,PilotCounts.xlsx,Pink,E72,1999,
1999,pilot,Pink,1999-08-07,08/07,3596,0,3596,cumulative,PilotCounts.xlsx,Pink,E73,1999,
1999,pilot,Pink,1999-08-08,08/08,3596,0,3596,cumulative,PilotCounts.xlsx,Pink,E74,1999,
1999,pilot,Pink,1999-08-09,08/09,3596,0,3596,cumulative,PilotCounts.xlsx,Pink,E75,1999,
1999,pilot,Pink,1999-08-10,08/10,3652,56,3652,cumulative,PilotCounts.xlsx,Pink,E76,1999,
1999,pilot,Pink,1999-08-11,08/11,3705,53,3705,cumulative,PilotCounts.xlsx,Pink,E77,1999,
1999,pilot,Pink,1999-08-12,08/12,3773,68,3773,cumulative,PilotCounts.xlsx,Pink,E78,1999,
1999,pilot,Pink,1999-08-13,08/13,3773,0,3773,cumulative,PilotCounts.xlsx,Pink,E79,1999,
1999,pilot,Pink,1999-08-14,08/14,3773,0,3773,cumulative,PilotCounts.xlsx,Pink,E80,1999,
1999,pilot,Pink,1999-08-15,08/15,3773,0,3773,cumulative,PilotCounts.xlsx,Pink,E81,1999,
1999,pilot,Pink,1999-08-16,08/16,3773,0,3773,cumulative,PilotCounts.xlsx,Pink,E82,1999,
1999,pilot,Pink,1999-08-17,08/17,3773,0,3773,cumulative,PilotCounts.xlsx,Pink,E83,1999,
1999,pilot,Pink,1999-08-18,08/18,3773,0,3773,cumulative,PilotCounts.xlsx,Pink,E84,1999,
1999,pilot,Pink,1999-08-19,08/19,3773,0,3773,cumulative,PilotCounts.xlsx,Pink,E85,1999,
1999,pilot,Pink,1999-08-20,08/20,3773,0,3773,cumulative,PilotCounts.xlsx,Pink,E86,1999,
1999,pilot,Pink,1999-08-21,08/21,3773,0,3773,cumulative,PilotCounts.xlsx,Pink,E87,1999,
1999,pilot,Pink,1999-08-22,08/22,3773,0,3773,cumulative,PilotCounts.xlsx,Pink,E88,1999,
1999,pilot,Pink,1999-08-23,08/23,3773,0,3773,cumulative,PilotCounts.xlsx,Pink,E89,1999,
1999,pilot,Pink,1999-08-24,08/24,3773,0,3773,cumulative,PilotCounts.xlsx,Pink,E90,1999,
1999,pilot,Pink,1999-08-25,08/25,3773,0,3773,cumulative,PilotCounts.xlsx,Pink,E91,1999,
1999,pilot,Pink,1999-08-26,08/26,3773,0,3773,cumulative,PilotCounts.xlsx,Pink,E92,1999,
1999,pilot,Pink,1999-08-27,08/27,3773,0,3773,cumulative,PilotCounts.xlsx,Pink,E93,1999,
1999,pilot,Pink,1999-08-28,08/28,3773,0,3773,cumulative,PilotCounts.xlsx,Pink,E94,1999,
1999,pilot,Pink,1999-08-29,08/29,3773,0,3773,cumulative,PilotCounts.xlsx,Pink,E95,1999,
1999,pilot,Pink,1999-08-30,08/30,3947,174,3947,cumulative,PilotCounts.xlsx,Pink,E96,1999,
1999,pilot,Pink,1999-08-31,08/31,3947,0,3947,cumulative,PilotCounts.xlsx,Pink,E97,1999,
2000,Anvik,Pink,2000-06-21,06/21,0,,0,cumulative,Anvik_PinkCounts.xlsx,Sheet1,AB9,2000,
2000,Anvik,Pink,2000-06-22,06/22,0,0,0,cumulative,Anvik_PinkCounts.xlsx,Sheet1,AB10,2000,
2000,Anvik,Pink,2000-06-23,06/23,0,0,0,cumulative,Anvik_PinkCounts.xlsx,Sheet1,AB11,2000,
2000,Anvik,Pink,2000-06-24,06/24,0,0,0,cumulative,Anvik_PinkCounts.xlsx,Sheet1,AB12,2000,
2000,Anvik,Pink,2000-06-25,06/25,0,0,0,cumulative,Anvik_PinkCounts.xlsx,Sheet1,AB13,2000,
2000,Anvik,Pink,2000-06-26,06/26,0,0,0,cumulative,Anvik_PinkCounts.xlsx,Sheet1,AB14,2000,
2000,Anvik,Pink,2000-06-27,06/27,0,0,0,cumulative,Anvik_PinkCounts.xlsx,Sheet1,AB15,2000,
2000,Anvik,Pink,2000-06-28,06/28,0,0,0,cumulative,Anvik_PinkCounts.xlsx,Sheet1,AB16,2000,
2000,Anvik,Pink,2000-06-29,06/29,0,0,0,cumulative,Anvik_PinkCounts.xlsx,Sheet1,AB17,2000,
2000,Anvik,Pink,2000-06-30,06/30,0,0,0,cumulative,Anvik_PinkCounts.xlsx,Sheet1,AB18,2000,
2000,Anvik,Pink,2000-07-01,07/01,0,0,0,cumulative,Anvik_PinkCounts.xlsx,Sheet1,AB19,2000,
2000,Anvik,Pink,2000-07-02,07/02,0,0,0,cumulative,Anvik_PinkCounts.xlsx,Sheet1,AB20,2000,
2000,Anvik,Pink,2000-07-03,07/03,0,0,0,cumulative,Anvik_PinkCounts.xlsx,Sheet1,AB21,2000,
2000,Anvik,Pink,2000-07-04,07/04,0,0,0,cumulative,Anvik_PinkCounts.xlsx,Sheet1,AB22,2000,
2000,Anvik,Pink,2000-07-05,07/05,0,0,0,cumulative,Anvik_PinkCounts.xlsx,Sheet1,AB23,2000,
2000,Anvik,Pink,2000-07-06,07/06,0,0,0,cumulative,Anvik_PinkCounts.xlsx,Sheet1,AB24,2000,
2000,Anvik,Pink,2000-07-07,07/07,573,573,573,cumulative,Anvik_PinkCounts.xlsx,Sheet1,AB25,2000,
2000,Anvik,Pink,2000-07-08,07/08,864,291,864,cumulative,Anvik_PinkCounts.xlsx,Sheet1,AB26,2000,
2000,Anvik,Pink,2000-07-09,07/09,1820,956,1820,cumulative,Anvik_PinkCounts.xlsx,Sheet1,AB27,2000,
2000,Anvik,Pink,2000-07-10,07/10,2164,344,2164,cumulative,Anvik_PinkCounts.xlsx,Sheet1,AB28,2000,
2000,Anvik,Pink,2000-07-11,07/11,3383,1219,3383,cumulative,Anvik_PinkCounts.xlsx,Sheet1,AB29,2000,
2000,Anvik,Pink,2000-07-12,07/12,5803,2420,5803,cumulative,Anvik_PinkCounts.xlsx,Sheet1,AB30,2000,
2000,Anvik,Pink,2000-07-13,07/13,7779,1976,7779,cumulative,Anvik_PinkCounts.xlsx,Sheet1,AB31,2000,
2000,Anvik,Pink,2000-07-14,07/14,9401,1622,9401,cumulative,Anvik_PinkCounts.xlsx,Sheet1,AB32,2000,
2000,Anvik,Pink,2000-07-15,07/15,11431,2030,11431,cumulative,Anvik_PinkCounts.xlsx,Sheet1,AB33,2000,
2000,Anvik,Pink,2000-07-16,07/16,13549,2118,13549,cumulative,Anvik_PinkCounts.xlsx,Sheet1,AB34,2000,
2000,Anvik,Pink,2000-07-17,07/17,14938,1389,14938,cumulative,Anvik_PinkCounts.xlsx,Sheet1,AB35,2000,
2000,Anvik,Pink,2000-07-18,07/18,16019,1081,16019,cumulative,Anvik_PinkCounts.xlsx,Sheet1,AB36,2000,
2000,Anvik,Pink,2000-07-19,07/19,17295,1276,17295,cumulative,Anvik_PinkCounts.xlsx,Sheet1,AB37,2000,
2000,Anvik,Pink,2000-07-20,07/20,18240,945,18240,cumulative,Anvik_PinkCounts.xlsx,Sheet1,AB38,2000,
2000,Anvik,Pink,2000-07-21,07/21,18733,493,18733,cumulative,Anvik_PinkCounts.xlsx,Sheet1,AB39,2000,
2000,Anvik,Pink,2000-07-22,07/22,20310,1577,20310,cumulative,Anvik_PinkCounts.xlsx,Sheet1,AB40,2000,
2000,Anvik,Pink,2000-07-23,07/23,21947,1637,21947,cumulative,Anvik_PinkCounts.xlsx,Sheet1,AB41,2000,
2000,Anvik,Pink,2000-07-24,07/24,23078,1131,23078,cumulative,Anvik_PinkCounts.xlsx,Sheet1,AB42,2000,
2000,Anvik,Pink,2000-07-25,07/25,23640,562,23640,cumulative,Anvik_PinkCounts.xlsx,Sheet1,AB43,2000,
2000,Anvik,Pink,2000-07-26,07/26,24273,633,24273,cumulative,Anvik_PinkCounts.xlsx,Sheet1,AB44,2000,
2000,Anvik,Pink,2000-07-27,07/27,24640,367,24640,cumulative,Anvik_PinkCounts.xlsx,Sheet1,AB45,2000,
2000,Anvik,Pink,2000-07-28,07/28,24859,219,24859,cumulative,Anvik_PinkCounts.xlsx,Sheet1,AB46,2000,
2000,EF_Andreafsky,Pink,2000-06-30,06/30,18,,18,cumulative,EF_Andreafsky_PinkCounts.xlsx,Sheet1,P18,2000,
2000,EF_Andreafsky,Pink,2000-07-01,07/01,23,5,23,cumulative,EF_Andreafsky_PinkCounts.xlsx,Sheet1,P19,2000,
2000,EF_Andreafsky,Pink,2000-07-02,07/02,406,383,406,cumulative,EF_Andreafsky_PinkCounts.xlsx,Sheet1,P20,2000,
2000,EF_Andreafsky,Pink,2000-07-03,07/03,458,52,458,cumulative,EF_Andreafsky_PinkCounts.xlsx,Sheet1,P21,2000,
2000,EF_Andreafsky,Pink,2000-07-04,07/04,682,224,682,cumulative,EF_Andreafsky_PinkCounts.xlsx,Sheet1,P22,2000,
2000,EF_Andreafsky,Pink,2000-07-05,07/05,844,162,844,cumulative,EF_Andreafsky_PinkCounts.xlsx,Sheet1,P23,2000,
2000,EF_Andreafsky,Pink,2000-07-06,07/06,2072,1228,2072,cumulative,EF_Andreafsky_PinkCounts.xlsx,Sheet1,P24,2000,
2000,EF_Andreafsky,Pink,2000-07-07,07/07,2426,354,2426,cumulative,EF_Andreafsky_PinkCounts.xlsx,Sheet1,P25,2000,
2000,EF_Andreafsky,Pink,2000-07-08,07/08,3398,972,3398,cumulative,EF_Andreafsky_PinkCounts.xlsx,Sheet1,P26,2000,
2000,EF_Andreafsky,Pink,2000-07-09,07/09,5078,1680,5078,cumulative,EF_Andreafsky_PinkCounts.xlsx,Sheet1,P27,2000,
2000,EF_Andreafsky,Pink,2000-07-10,07/10,5975,897,5975,cumulative,EF_Andreafsky_PinkCounts.xlsx,Sheet1,P28,2000,
2000,EF_Andreafsky,Pink,2000-07-11,07/11,13824,7849,13824,cumulative,EF_Andreafsky_PinkCounts.xlsx,Sheet1,P29,2000,
2000,EF_Andreafsky,Pink,2000-07-12,07/12,16550,2726,16550,cumulative,EF_Andreafsky_PinkCounts.xlsx,Sheet1,P30,2000,
2000,EF_Andreafsky,Pink,2000-07-13,07/13,23594,7044,23594,cumulative,EF_Andreafsky_PinkCounts.xlsx,Sheet1,P31,2000,
2000,EF_Andreafsky,Pink,2000-07-14,07/14,25062,1468,25062,cumulative,EF_Andreafsky_PinkCounts.xlsx,Sheet1,P32,2000,
2000,EF_Andreafsky,Pink,2000-07-15,07/15,26028,966,26028,cumulative,EF_Andreafsky_PinkCounts.xlsx,Sheet1,P33,2000,
2000,EF_Andreafsky,Pink,2000-07-16,07/16,27234,1206,27234,cumulative,EF_Andreafsky_PinkCounts.xlsx,Sheet1,P34,2000,
2000,EF_Andreafsky,Pink,2000-07-17,07/17,28680,1446,28680,cumulative,EF_Andreafsky_PinkCounts.xlsx,Sheet1,P35,2000,
2000,EF_Andreafsky,Pink,2000-07-18,07/18,30366,1686,30366,cumulative,EF_Andreafsky_PinkCounts.xlsx,Sheet1,P36,2000,
2000,EF_Andreafsky,Pink,2000-07-19,07/19,32292,1926,32292,cumulative,EF_Andreafsky_PinkCounts.xlsx,Sheet1,P37,2000,
2000,EF_Andreafsky,Pink,2000-07-20,07/20,34462,2170,34462,cumulative,EF_Andreafsky_PinkCounts.xlsx,Sheet1,P38,2000,
2000,EF_Andreafsky,Pink,2000-07-21,07/21,37011,2549,37011,cumulative,EF_Andreafsky_PinkCounts.xlsx,Sheet1,P39,2000,
2000,EF_Andreafsky,Pink,2000-07-22,07/22,38154,1143,38154,cumulative,EF_Andreafsky_PinkCounts.xlsx,Sheet1,P40,2000,
2000,EF_Andreafsky,Pink,2000-07-23,07/23,38608,454,38608,cumulative,EF_Andreafsky_PinkCounts.xlsx,Sheet1,P41,2000,
2000,EF_Andreafsky,Pink,2000-07-24,07/24,39217,609,39217,cumulative,EF_Andreafsky_PinkCounts.xlsx,Sheet1,P42,2000,
2000,EF_Andreafsky,Pink,2000-07-25,07/25,40272,1055,40272,cumulative,EF_Andreafsky_PinkCounts.xlsx,Sheet1,P43,2000,
2000,EF_Andreafsky,Pink,2000-07-26,07/26,40607,335,40607,cumulative,EF_Andreafsky_PinkCounts.xlsx,Sheet1,P44,2000,
2000,EF_Andreafsky,Pink,2000-07-27,07/27,41338,731,41338,cumulative,EF_Andreafsky_PinkCounts.xlsx,Sheet1,P45,2000,
2000,EF_Andreafsky,Pink,2000-07-28,07/28,41950,612,41950,cumulative,EF_Andreafsky_PinkCounts.xlsx,Sheet1,P46,2000,
2000,EF_Andreafsky,Pink,2000-07-29,07/29,42365,415,42365,cumulative,EF_Andreafsky_PinkCounts.xlsx,Sheet1,P47,2000,
2000,EF_Andreafsky,Pink,2000-07-30,07/30,42567,202,42567,cumulative,EF_Andreafsky_PinkCounts.xlsx,Sheet1,P48,2000,
2000,EF_Andreafsky,Pink,2000-07-31,07/31,42811,244,42811,cumulative,EF_Andreafsky_PinkCounts.xlsx,Sheet1,P49,2000,
2000,EF_Andreafsky,Pink,2000-08-01,08/01,42956,145,42956,cumulative,EF_Andreafsky_PinkCounts.xlsx,Sheet1,P50,2000,
2000,EF_Andreafsky,Pink,2000-08-02,08/02,43085,129,43085,cumulative,EF_Andreafsky_PinkCounts.xlsx,Sheet1,P51,2000,
2000,EF_Andreafsky,Pink,2000-08-03,08/03,43166,81,43166,cumulative,EF_Andreafsky_PinkCounts.xlsx,Sheet1,P52,2000,
2000,EF_Andreafsky,Pink,2000-08-04,08/04,43228,62,43228,cumulative,EF_Andreafsky_PinkCounts.xlsx,Sheet1,P53,2000,
2000,EF_Andreafsky,Pink,2000-08-05,08/05,43271,43,43271,cumulative,EF_Andreafsky_PinkCounts.xlsx,Sheet1,P54,2000,
2000,EF_Andreafsky,Pink,2000-08-06,08/06,43295,24,43295,cumulative,EF_Andreafsky_PinkCounts.xlsx,Sheet1,P55,2000,
2000,EF_Andreafsky,Pink,2000-08-07,08/07,43312,17,43312,cumulative,EF_Andreafsky_PinkCounts.xlsx,Sheet1,P56,2000,
2000,EF_Andreafsky,Pink,2000-08-08,08/08,43329,17,43329,cumulative,EF_Andreafsky_PinkCounts.xlsx,Sheet1,P57,2000,
2000,EF_Andreafsky,Pink,2000-08-09,08/09,43364,35,43364,cumulative,EF_Andreafsky_PinkCounts.xlsx,Sheet1,P58,2000,
2000,EF_Andreafsky,Pink,2000-08-10,08/10,43379,15,43379,cumulative,EF_Andreafsky_PinkCounts.xlsx,Sheet1,P59,2000,
2000,EF_Andreafsky,Pink,2000-08-11,08/11,43390,11,43390,cumulative,EF_Andreafsky_PinkCounts.xlsx,Sheet1,P60,2000,
2000,EF_Andreafsky,Pink,2000-08-12,08/12,43398,8,43398,cumulative,EF_Andreafsky_PinkCounts.xlsx,Sheet1,P61,2000,
2000,EF_Andreafsky,Pink,2000-08-13,08/13,43412,14,43412,cumulative,EF_Andreafsky_PinkCounts.xlsx,Sheet1,P62,2000,
2000,EF_Andreafsky,Pink,2000-08-14,08/14,43427,15,43427,cumulative,EF_Andreafsky_PinkCounts.xlsx,Sheet1,P63,2000,
2000,EF_Andreafsky,Pink,2000-08-15,08/15,43436,9,43436,cumulative,EF_Andreafsky_PinkCounts.xlsx,Sheet1,P64,2000,
2000,EF_Andreafsky,Pink,2000-08-16,08/16,43438,2,43438,cumulative,EF_Andreafsky_PinkCounts.xlsx,Sheet1,P65,2000,
2000,EF_Andreafsky,Pink,2000-08-17,08/17,43439,1,43439,cumulative,EF_Andreafsky_PinkCounts.xlsx,Sheet1,P66,2000,
2000,EF_Andreafsky,Pink,2000-08-18,08/18,43440,1,43440,cumulative,EF_Andreafsky_PinkCounts.xlsx,Sheet1,P67,2000,
2000,EF_Andreafsky,Pink,2000-08-19,08/19,43443,3,43443,cumulative,EF_Andreafsky_PinkCounts.xlsx,Sheet1,P68,2000,
2000,EF_Andreafsky,Pink,2000-08-20,08/20,43446,3,43446,cumulative,EF_Andreafsky_PinkCounts.xlsx,Sheet1,P69,2000,
2000,EF_Andreafsky,Pink,2000-08-21,08/21,43447,1,43447,cumulative,EF_Andreafsky_PinkCounts.xlsx,Sheet1,P70,2000,
2000,EF_Andreafsky,Pink,2000-08-22,08/22,43449,2,43449,cumulative,EF_Andreafsky_PinkCounts.xlsx,Sheet1,P71,2000,
2000,EF_Andreafsky,Pink,2000-08-23,08/23,43450,1,43450,cumulative,EF_Andreafsky_PinkCounts.xlsx,Sheet1,P72,2000,
2000,EF_Andreafsky,Pink,2000-08-24,08/24,43454,4,43454,cumulative,EF_Andreafsky_PinkCounts.xlsx,Sheet1,P73,2000,
2000,EF_Andreafsky,Pink,2000-08-25,08/25,43459,5,43459,cumulative,EF_Andreafsky_PinkCounts.xlsx,Sheet1,P74,2000,
2000,EF_Andreafsky,Pink,2000-08-26,08/26,43459,0,43459,cumulative,EF_Andreafsky_PinkCounts.xlsx,Sheet1,P75,2000,
2000,EF_Andreafsky,Pink,2000-08-27,08/27,43459,0,43459,cumulative,EF_Andreafsky_PinkCounts.xlsx,Sheet1,P76,2000,
2000,EF_Andreafsky,Pink,2000-08-28,08/28,43461,2,43461,cumulative,EF_Andreafsky_PinkCounts.xlsx,Sheet1,P77,2000,
2000,EF_Andreafsky,Pink,2000-08-29,08/29,43462,1,43462,cumulative,EF_Andreafsky_PinkCounts.xlsx,Sheet1,P78,2000,
2000,EF_Andreafsky,Pink,2000-08-30,08/30,43471,9,43471,cumulative,EF_Andreafsky_PinkCounts.xlsx,Sheet1,P79,2000,
2000,EF_Andreafsky,Pink,2000-08-31,08/31,43473,2,43473,cumulative,EF_Andreafsky_PinkCounts.xlsx,Sheet1,P80,2000,
2000,EF_Andreafsky,Pink,2000-09-01,09/01,43474,1,43474,cumulative,EF_Andreafsky_PinkCounts.xlsx,Sheet1,P81,2000,
2000,EF_Andreafsky,Pink,2000-09-02,09/02,43474,0,43474,cumulative,EF_Andreafsky_PinkCounts.xlsx,Sheet1,P82,2000,
2000,EF_Andreafsky,Pink,2000-09-03,09/03,43474,0,43474,cumulative,EF_Andreafsky_PinkCounts.xlsx,Sheet1,P83,2000,
2000,EF_Andreafsky,Pink,2000-09-04,09/04,43474,0,43474,cumulative,EF_Andreafsky_PinkCounts.xlsx,Sheet1,P84,2000,
2000,EF_Andreafsky,Pink,2000-09-05,09/05,43474,0,43474,cumulative,EF_Andreafsky_PinkCounts.xlsx,Sheet1,P85,2000,
2000,EF_Andreafsky,Pink,2000-09-06,09/06,43474,0,43474,cumulative,EF_Andreafsky_PinkCounts.xlsx,Sheet1,P86,2000,
2000,EF_Andreafsky,Pink,2000-09-07,09/07,43474,0,43474,cumulative,EF_Andreafsky_PinkCounts.xlsx,Sheet1,P87,2000,
2000,EF_Andreafsky,Pink,2000-09-08,09/08,43474,0,43474,cumulative,EF_Andreafsky_PinkCounts.xlsx,Sheet1,P88,2000,
2000,EF_Andreafsky,Pink,2000-09-09,09/09,43474,0,43474,cumulative,EF_Andreafsky_PinkCounts.xlsx,Sheet1,P89,2000,
2000,EF_Andreafsky,Pink,2000-09-10,09/10,43475,1,43475,cumulative,EF_Andreafsky_PinkCounts.xlsx,Sheet1,P90,2000,
2000,EF_Andreafsky,Pink,2000-09-11,09/11,43475,0,43475,cumulative,EF_Andreafsky_PinkCounts.xlsx,Sheet1,P91,2000,
2000,EF_Andreafsky,Pink,2000-09-12,09/12,43475,0,43475,cumulative,EF_Andreafsky_PinkCounts.xlsx,Sheet1,P92,2000,
2000,EF_Andreafsky,Pink,2000-09-13,09/13,43475,0,43475,cumulative,EF_Andreafsky_PinkCounts.xlsx,Sheet1,P93,2000,
2000,EF_Andreafsky,Pink,2000-09-14,09/14,43476,1,43476,cumulative,EF_Andreafsky_PinkCounts.xlsx,Sheet1,P94,2000,
2000,EF_Andreafsky,Pink,2000-09-15,09/15,43477,1,43477,cumulative,EF_Andreafsky_PinkCounts.xlsx,Sheet1,P95,2000,
2000,EF_Andreafsky,Pink,2000-09-16,09/16,43477,0,43477,cumulative,EF_Andreafsky_PinkCounts.xlsx,Sheet1,P96,2000,
2000,EF_Andreafsky,Pink,2000-09-17,09/17,43477,0,43477,cumulative,EF_Andreafsky_PinkCounts.xlsx,Sheet1,P97,2000,
2000,EF_Andreafsky,Pink,2000-09-18,09/18,43477,0,43477,cumulative,EF_Andreafsky_PinkCounts.xlsx,Sheet1,P98,2000,
2000,EF_Andreafsky,Pink,2000-09-19,09/19,43477,0,43477,cumulative,EF_Andreafsky_PinkCounts.xlsx,Sheet1,P99,2000,
2000,EF_Andreafsky,Pink,2000-09-20,09/20,43477,0,43477,cumulative,EF_Andreafsky_PinkCounts.xlsx,Sheet1,P100,2000,
2000,EF_Andreafsky,Pink,2000-09-21,09/21,43477,0,43477,cumulative,EF_Andreafsky_PinkCounts.xlsx,Sheet1,P101,2000,
2000,EF_Andreafsky,Pink,2000-09-22,09/22,43477,0,43477,cumulative,EF_Andreafsky_PinkCounts.xlsx,Sheet1,P102,2000,
2000,EF_Andreafsky,Pink,2000-09-23,09/23,43477,0,43477,cumulative,EF_Andreafsky_PinkCounts.xlsx,Sheet1,P103,2000,
2000,pilot,Chinook,2000-06-09,06/09,468,468,468,daily,PilotCounts.xlsx,AllChinook,E14,2000,
2000,pilot,Chinook,2000-06-10,06/10,97,97,565,daily,PilotCounts.xlsx,AllChinook,E15,2000,
2000,pilot,Chinook,2000-06-11,06/11,150,150,715,daily,PilotCounts.xlsx,AllChinook,E16,2000,
2000,pilot,Chinook,2000-06-12,06/12,755,755,1470,daily,PilotCounts.xlsx,AllChinook,E17,2000,
2000,pilot,Chinook,2000-06-13,06/13,238,238,1708,daily,PilotCounts.xlsx,AllChinook,E18,2000,
2000,pilot,Chinook,2000-06-14,06/14,237,237,1945,daily,PilotCounts.xlsx,AllChinook,E19,2000,
2000,pilot,Chinook,2000-06-15,06/15,319,319,2264,daily,PilotCounts.xlsx,AllChinook,E20,2000,
2000,pilot,Chinook,2000-06-16,06/16,152,152,2416,daily,PilotCounts.xlsx,AllChinook,E21,2000,
2000,pilot,Chinook,2000-06-17,06/17,280,280,2696,daily,PilotCounts.xlsx,AllChinook,E22,2000,
2000,pilot,Chinook,2000-06-18,06/18,779,779,3475,daily,PilotCounts.xlsx,AllChinook,E23,2000,
2000,pilot,Chinook,2000-06-19,06/19,594,594,4069,daily,PilotCounts.xlsx,AllChinook,E24,2000,
2000,pilot,Chinook,2000-06-20,06/20,3492,3492,7561,daily,PilotCounts.xlsx,AllChinook,E25,2000,
2000,pilot,Chinook,2000-06-21,06/21,5727,5727,13288,daily,PilotCounts.xlsx,AllChinook,E26,2000,
2000,pilot,Chinook,2000-06-22,06/22,3954,3954,17242,daily,PilotCounts.xlsx,AllChinook,E27,2000,
2000,pilot,Chinook,2000-06-23,06/23,2532,2532,19774,daily,PilotCounts.xlsx,AllChinook,E28,2000,
2000,pilot,Chinook,2000-06-24,06/24,1774,1774,21548,daily,PilotCounts.xlsx,AllChinook,E29,2000,
2000,pilot,Chinook,2000-06-25,06/25,4235,4235,25783,daily,PilotCounts.xlsx,AllChinook,E30,2000,
2000,pilot,Chinook,2000-06-26,06/26,2563,2563,28346,daily,PilotCounts.xlsx,AllChinook,E31,2000,
2000,pilot,Chinook,2000-06-27,06/27,2306,2306,30652,daily,PilotCounts.xlsx,AllChinook,E32,2000,
2000,pilot,Chinook,2000-06-28,06/28,1351,1351,32003,daily,PilotCounts.xlsx,AllChinook,E33,2000,
2000,pilot,Chinook,2000-06-29,06/29,3178,3178,35181,daily,PilotCounts.xlsx,AllChinook,E34,2000,
2000,pilot,Chinook,2000-06-30,06/30,2770,2770,37951,daily,PilotCounts.xlsx,AllChinook,E35,2000,
2000,pilot,Chinook,2000-07-01,07/01,3062,3062,41013,daily,PilotCounts.xlsx,AllChinook,E36,2000,
2000,pilot,Chinook,2000-07-02,07/02,1970,1970,42983,daily,PilotCounts.xlsx,AllChinook,E37,2000,
2000,pilot,Chinook,2000-07-03,07/03,1043,1043,44026,daily,PilotCounts.xlsx,AllChinook,E38,2000,
2000,pilot,Chinook,2000-07-04,07/04,1613,1613,45639,daily,PilotCounts.xlsx,AllChinook,E39,2000,
2000,pilot,Chinook,2000-07-05,07/05,764,764,46403,daily,PilotCounts.xlsx,AllChinook,E40,2000,
2000,pilot,Chinook,2000-07-06,07/06,515,515,46918,daily,PilotCounts.xlsx,AllChinook,E41,2000,
2000,pilot,Chinook,2000-07-07,07/07,366,366,47284,daily,PilotCounts.xlsx,AllChinook,E42,2000,
2000,pilot,Chinook,2000-07-08,07/08,662,662,47946,daily,PilotCounts.xlsx,AllChinook,E43,2000,
2000,pilot,Chinook,2000-07-09,07/09,1289,1289,49235,daily,PilotCounts.xlsx,AllChinook,E44,2000,
2000,pilot,Chinook,2000-07-10,07/10,1118,1118,50353,daily,PilotCounts.xlsx,AllChinook,E45,2000,
2000,pilot,Chinook,2000-07-11,07/11,327,327,50680,daily,PilotCounts.xlsx,AllChinook,E46,2000,
2000,pilot,Chinook,2000-07-12,07/12,582,582,51262,daily,PilotCounts.xlsx,AllChinook,E47,2000,
2000,pilot,Chinook,2000-07-13,07/13,633,633,51895,daily,PilotCounts.xlsx,AllChinook,E48,2000,
2000,pilot,Chinook,2000-07-14,07/14,143,143,52038,daily,PilotCounts.xlsx,AllChinook,E49,2000,
2000,pilot,Chinook,2000-07-15,07/15,190,190,52228,daily,PilotCounts.xlsx,AllChinook,E50,2000,
2000,pilot,Chinook,2000-07-16,07/16,172,172,52400,daily,PilotCounts.xlsx,AllChinook,E51,2000,
2000,pilot,Chinook,2000-07-17,07/17,62,62,52462,daily,PilotCounts.xlsx,AllChinook,E52,2000,
2000,pilot,Chinook,2000-07-18,07/18,0,0,52462,daily,PilotCounts.xlsx,AllChinook,E53,2000,
2000,pilot,Chinook,2000-07-19,07/19,271,271,52733,daily,PilotCounts.xlsx,AllChinook,E54,2000,
2000,pilot,Chinook,2000-07-20,07/20,236,236,52969,daily,PilotCounts.xlsx,AllChinook,E55,2000,
2000,pilot,Chinook,2000-07-21,07/21,176,176,53145,daily,PilotCounts.xlsx,AllChinook,E56,2000,
2000,pilot,Chinook,2000-07-22,07/22,262,262,53407,daily,PilotCounts.xlsx,AllChinook,E57,2000,
2000,pilot,Chinook,2000-07-23,07/23,248,248,53655,daily,PilotCounts.xlsx,AllChinook,E58,2000,
2000,pilot,Chinook,2000-07-24,07/24,129,129,53784,daily,PilotCounts.xlsx,AllChinook,E59,2000,
2000,pilot,Chinook,2000-07-25,07/25,116,116,53900,daily,PilotCounts.xlsx,AllChinook,E60,2000,
2000,pilot,Chinook,2000-07-26,07/26,138,138,54038,daily,PilotCounts.xlsx,AllChinook,E61,2000,
2000,pilot,Chinook,2000-07-27,07/27,221,221,54259,daily,PilotCounts.xlsx,AllChinook,E62,2000,
2000,pilot,Chinook,2000-07-28,07/28,247,247,54506,daily,PilotCounts.xlsx,AllChinook,E63,2000,
2000,pilot,Chinook,2000-07-29,07/29,0,0,54506,daily,PilotCounts.xlsx,AllChinook,E64,2000,
2000,pilot,Chinook,2000-07-30,07/30,0,0,54506,daily,PilotCounts.xlsx,AllChinook,E65,2000,
2000,pilot,Chinook,2000-07-31,07/31,0,0,54506,daily,PilotCounts.xlsx,AllChinook,E66,2000,
2000,pilot,Chinook,2000-08-01,08/01,0,0,54506,daily,PilotCounts.xlsx,AllChinook,E67,2000,
2000,pilot,Chinook,2000-08-02,08/02,0,0,54506,daily,PilotCounts.xlsx,AllChinook,E68,2000,
2000,pilot,Chinook,2000-08-03,08/03,0,0,54506,daily,PilotCounts.xlsx,AllChinook,E69,2000,
2000,pilot,Chinook,2000-08-04,08/04,0,0,54506,daily,PilotCounts.xlsx,AllChinook,E70,2000,
2000,pilot,Chinook,2000-08-05,08/05,0,0,54506,daily,PilotCounts.xlsx,AllChinook,E71,2000,
2000,pilot,Chinook,2000-08-06,08/06,0,0,54506,daily,PilotCounts.xlsx,AllChinook,E72,2000,
2000,pilot,Chinook,2000-08-07,08/07,0,0,54506,daily,PilotCounts.xlsx,AllChinook,E73,2000,
2000,pilot,Chinook,2000-08-08,08/08,0,0,54506,daily,PilotCounts.xlsx,AllChinook,E74,2000,
2000,pilot,Chinook,2000-08-09,08/09,0,0,54506,daily,PilotCounts.xlsx,AllChinook,E75,2000,
2000,pilot,Chinook,2000-08-10,08/10,0,0,54506,daily,PilotCounts.xlsx,AllChinook,E76,2000,
2000,pilot,Chinook,2000-08-11,08/11,29,29,54535,daily,PilotCounts.xlsx,AllChinook,E77,2000,
2000,pilot,Chinook,2000-08-12,08/12,25,25,54560,daily,PilotCounts.xlsx,AllChinook,E78,2000,
2000,pilot,Chum,2000-06-09,06/09,1140,1140,1140,daily,PilotCounts.xlsx,AllChum,F14,2000,
2000,pilot,Chum,2000-06-10,06/10,860,860,2000,daily,PilotCounts.xlsx,AllChum,F15,2000,
2000,pilot,Chum,2000-06-11,06/11,445,445,2445,daily,PilotCounts.xlsx,AllChum,F16,2000,
2000,pilot,Chum,2000-06-12,06/12,1975,1975,4420,daily,PilotCounts.xlsx,AllChum,F17,2000,
2000,pilot,Chum,2000-06-13,06/13,2332,2332,6752,daily,PilotCounts.xlsx,AllChum,F18,2000,
2000,pilot,Chum,2000-06-14,06/14,1009,1009,7761,daily,PilotCounts.xlsx,AllChum,F19,2000,
2000,pilot,Chum,2000-06-15,06/15,1113,1113,8874,daily,PilotCounts.xlsx,AllChum,F20,2000,
2000,pilot,Chum,2000-06-16,06/16,1032,1032,9906,daily,PilotCounts.xlsx,AllChum,F21,2000,
2000,pilot,Chum,2000-06-17,06/17,816,816,10722,daily,PilotCounts.xlsx,AllChum,F22,2000,
2000,pilot,Chum,2000-06-18,06/18,843,843,11565,daily,PilotCounts.xlsx,AllChum,F23,2000,
2000,pilot,Chum,2000-06-19,06/19,2229,2229,13794,daily,PilotCounts.xlsx,AllChum,F24,2000,
2000,pilot,Chum,2000-06-20,06/20,13977,13977,27771,daily,PilotCounts.xlsx,AllChum,F25,2000,
2000,pilot,Chum,2000-06-21,06/21,37984,37984,65755,daily,PilotCounts.xlsx,AllChum,F26,2000,
2000,pilot,Chum,2000-06-22,06/22,25344,25344,91099,daily,PilotCounts.xlsx,AllChum,F27,2000,
2000,pilot,Chum,2000-06-23,06/23,19178,19178,110277,daily,PilotCounts.xlsx,AllChum,F28,2000,
2000,pilot,Chum,2000-06-24,06/24,12924,12924,123201,daily,PilotCounts.xlsx,AllChum,F29,2000,
2000,pilot,Chum,2000-06-25,06/25,12213,12213,135414,daily,PilotCounts.xlsx,AllChum,F30,2000,
2000,pilot,Chum,2000-06-26,06/26,9711,9711,145125,daily,PilotCounts.xlsx,AllChum,F31,2000,
2000,pilot,Chum,2000-06-27,06/27,7272,7272,152397,daily,PilotCounts.xlsx,AllChum,F32,2000,
2000,pilot,Chum,2000-06-28,06/28,22105,22105,174502,daily,PilotCounts.xlsx,AllChum,F33,2000,
2000,pilot,Chum,2000-06-29,06/29,53831,53831,228333,daily,PilotCounts.xlsx,AllChum,F34,2000,
2000,pilot,Chum,2000-06-30,06/30,36899,36899,265232,daily,PilotCounts.xlsx,AllChum,F35,2000,
2000,pilot,Chum,2000-07-01,07/01,24648,24648,289880,daily,PilotCounts.xlsx,AllChum,F36,2000,
2000,pilot,Chum,2000-07-02,07/02,15951,15951,305831,daily,PilotCounts.xlsx,AllChum,F37,2000,
2000,pilot,Chum,2000-07-03,07/03,11076,11076,316907,daily,PilotCounts.xlsx,AllChum,F38,2000,
2000,pilot,Chum,2000-07-04,07/04,7389,7389,324296,daily,PilotCounts.xlsx,AllChum,F39,2000,
2000,pilot,Chum,2000-07-05,07/05,4869,4869,329165,daily,PilotCounts.xlsx,AllChum,F40,2000,
2000,pilot,Chum,2000-07-06,07/06,9846,9846,339011,daily,PilotCounts.xlsx,AllChum,F41,2000,
2000,pilot,Chum,2000-07-07,07/07,14873,14873,353884,daily,PilotCounts.xlsx,AllChum,F42,2000,
2000,pilot,Chum,2000-07-08,07/08,19920,19920,373804,daily,PilotCounts.xlsx,AllChum,F43,2000,
2000,pilot,Chum,2000-07-09,07/09,8511,8511,382315,daily,PilotCounts.xlsx,AllChum,F44,2000,
2000,pilot,Chum,2000-07-10,07/10,6252,6252,388567,daily,PilotCounts.xlsx,AllChum,F45,2000,
2000,pilot,Chum,2000-07-11,07/11,11950,11950,400517,daily,PilotCounts.xlsx,AllChum,F46,2000,
2000,pilot,Chum,2000-07-12,07/12,11603,11603,412120,daily,PilotCounts.xlsx,AllChum,F47,2000,
2000,pilot,Chum,2000-07-13,07/13,9975,9975,422095,daily,PilotCounts.xlsx,AllChum,F48,2000,
2000,pilot,Chum,2000-07-14,07/14,4808,4808,426903,daily,PilotCounts.xlsx,AllChum,F49,2000,
2000,pilot,Chum,2000-07-15,07/15,3473,3473,430376,daily,PilotCounts.xlsx,AllChum,F50,2000,
2000,pilot,Chum,2000-07-16,07/16,5024,5024,435400,daily,PilotCounts.xlsx,AllChum,F51,2000,
2000,pilot,Chum,2000-07-17,07/17,1176,1176,436576,daily,PilotCounts.xlsx,AllChum,F52,2000,
2000,pilot,Chum,2000-07-18,07/18,12089,12089,448665,daily,PilotCounts.xlsx,AllChum,F53,2000,
2000,pilot,Chum,2000-07-19,07/19,5916,5916,454581,daily,PilotCounts.xlsx,AllChum,F54,2000,
2000,pilot,Chum,2000-07-20,07/20,4537,4537,459118,daily,PilotCounts.xlsx,AllChum,F55,2000,
2000,pilot,Chum,2000-07-21,07/21,2708,2708,461826,daily,PilotCounts.xlsx,AllChum,F56,2000,
2000,pilot,Chum,2000-07-22,07/22,5054,5054,466880,daily,PilotCounts.xlsx,AllChum,F57,2000,
2000,pilot,Chum,2000-07-23,07/23,4820,4820,471700,daily,PilotCounts.xlsx,AllChum,F58,2000,
2000,pilot,Chum,2000-07-24,07/24,2955,2955,474655,daily,PilotCounts.xlsx,AllChum,F59,2000,
2000,pilot,Chum,2000-07-25,07/25,2474,2474,477129,daily,PilotCounts.xlsx,AllChum,F60,2000,
2000,pilot,Chum,2000-07-26,07/26,3782,3782,480911,daily,PilotCounts.xlsx,AllChum,F61,2000,
2000,pilot,Chum,2000-07-27,07/27,5783,5783,486694,daily,PilotCounts.xlsx,AllChum,F62,2000,
2000,pilot,Chum,2000-07-28,07/28,6504,6504,493198,daily,PilotCounts.xlsx,AllChum,F63,2000,
2000,pilot,Chum,2000-07-29,07/29,8344,8344,501542,daily,PilotCounts.xlsx,AllChum,F64,2000,
2000,pilot,Chum,2000-07-30,07/30,14687,14687,516229,daily,PilotCounts.xlsx,AllChum,F65,2000,
2000,pilot,Chum,2000-07-31,07/31,21443,21443,537672,daily,PilotCounts.xlsx,AllChum,F66,2000,
2000,pilot,Chum,2000-08-01,08/01,15314,15314,552986,daily,PilotCounts.xlsx,AllChum,F67,2000,
2000,pilot,Chum,2000-08-02,08/02,7130,7130,560116,daily,PilotCounts.xlsx,AllChum,F68,2000,
2000,pilot,Chum,2000-08-03,08/03,6319,6319,566435,daily,PilotCounts.xlsx,AllChum,F69,2000,
2000,pilot,Chum,2000-08-04,08/04,5426,5426,571861,daily,PilotCounts.xlsx,AllChum,F70,2000,
2000,pilot,Chum,2000-08-05,08/05,4494,4494,576355,daily,PilotCounts.xlsx,AllChum,F71,2000,
2000,pilot,Chum,2000-08-06,08/06,5978,5978,582333,daily,PilotCounts.xlsx,AllChum,F72,2000,
2000,pilot,Chum,2000-08-07,08/07,9215,9215,591548,daily,PilotCounts.xlsx,AllChum,F73,2000,
2000,pilot,Chum,2000-08-08,08/08,3377,3377,594925,daily,PilotCounts.xlsx,AllChum,F74,2000,
2000,pilot,Chum,2000-08-09,08/09,3033,3033,597958,daily,PilotCounts.xlsx,AllChum,F75,2000,
2000,pilot,Chum,2000-08-10,08/10,591,591,598549,daily,PilotCounts.xlsx,AllChum,F76,2000,
2000,pilot,Chum,2000-08-11,08/11,2039,2039,600588,daily,PilotCounts.xlsx,AllChum,F77,2000,
2000,pilot,Chum,2000-08-12,08/12,3398,3398,603986,daily,PilotCounts.xlsx,AllChum,F78,2000,
2000,pilot,Chum,2000-08-13,08/13,16262,16262,620248,daily,PilotCounts.xlsx,AllChum,F79,2000,
2000,pilot,Chum,2000-08-14,08/14,9593,9593,629841,daily,PilotCounts.xlsx,AllChum,F80,2000,
2000,pilot,Chum,2000-08-15,08/15,6745,6745,636586,daily,PilotCounts.xlsx,AllChum,F81,2000,
2000,pilot,Chum,2000-08-16,08/16,7483,7483,644069,daily,PilotCounts.xlsx,AllChum,F82,2000,
2000,pilot,Chum,2000-08-17,08/17,5011,5011,649080,daily,PilotCounts.xlsx,AllChum,F83,2000,
2000,pilot,Chum,2000-08-18,08/18,994,994,650074,daily,PilotCounts.xlsx,AllChum,F84,2000,
2000,pilot,Chum,2000-08-19,08/19,3492,3492,653566,daily,PilotCounts.xlsx,AllChum,F85,2000,
2000,pilot,Chum,2000-08-20,08/20,5876,5876,659442,daily,PilotCounts.xlsx,AllChum,F86,2000,
2000,pilot,Chum,2000-08-21,08/21,6966,6966,666408,daily,PilotCounts.xlsx,AllChum,F87,2000,
2000,pilot,Chum,2000-08-22,08/22,6908,6908,673316,daily,PilotCounts.xlsx,AllChum,F88,2000,
2000,pilot,Chum,2000-08-23,08/23,3684,3684,677000,daily,PilotCounts.xlsx,AllChum,F89,2000,
2000,pilot,Chum,2000-08-24,08/24,10365,10365,687365,daily,PilotCounts.xlsx,AllChum,F90,2000,
2000,pilot,Chum,2000-08-25,08/25,6455,6455,693820,daily,PilotCounts.xlsx,AllChum,F91,2000,
2000,pilot,Chum,2000-08-26,08/26,2249,2249,696069,daily,PilotCounts.xlsx,AllChum,F92,2000,
2000,pilot,Chum,2000-08-27,08/27,1368,1368,697437,daily,PilotCounts.xlsx,AllChum,F93,2000,
2000,pilot,Chum,2000-08-28,08/28,968,968,698405,daily,PilotCounts.xlsx,AllChum,F94,2000,
2000,pilot,Chum,2000-08-29,08/29,1917,1917,700322,daily,PilotCounts.xlsx,AllChum,F95,2000,
2000,pilot,Chum,2000-08-30,08/30,2205,2205,702527,daily,PilotCounts.xlsx,AllChum,F96,2000,
2000,pilot,Chum,2000-08-31,08/31,1939,1939,704466,daily,PilotCounts.xlsx,AllChum,F97,2000,
2000,pilot,Chum,2000-09-01,09/01,2064,2064,706530,daily,PilotCounts.xlsx,AllChum,F98,2000,
2000,pilot,Chum,2000-09-02,09/02,2369,2369,708899,daily,PilotCounts.xlsx,AllChum,F99,2000,
2000,pilot,Chum,2000-09-03,09/03,2084,2084,710983,daily,PilotCounts.xlsx,AllChum,F100,2000,
2000,pilot,Chum,2000-09-04,09/04,1494,1494,712477,daily,PilotCounts.xlsx,AllChum,F101,2000,
2000,pilot,Chum,2000-09-05,09/05,2413,2413,714890,daily,PilotCounts.xlsx,AllChum,F102,2000,
2000,pilot,Chum,2000-09-06,09/06,1245,1245,716135,daily,PilotCounts.xlsx,AllChum,F103,2000,
2000,pilot,Chum,2000-09-07,09/07,659,659,716794,daily,PilotCounts.xlsx,AllChum,F104,2000,
2000,pilot,Chum,2000-09-08,09/08,695,695,717489,daily,PilotCounts.xlsx,AllChum,F105,2000,
2000,pilot,Pink,2000-06-24,06/24,145,,145,cumulative,PilotCounts.xlsx,Pink,F29,2000,
2000,pilot,Pink,2000-06-30,06/30,541,,541,cumulative,PilotCounts.xlsx,Pink,F35,2000,
2000,pilot,Pink,2000-07-01,07/01,773,232,773,cumulative,PilotCounts.xlsx,Pink,F36,2000,
2000,pilot,Pink,2000-07-02,07/02,1628,855,1628,cumulative,PilotCounts.xlsx,Pink,F37,2000,
2000,pilot,Pink,2000-07-03,07/03,3105,1477,3105,cumulative,PilotCounts.xlsx,Pink,F38,2000,
2000,pilot,Pink,2000-07-04,07/04,4111,1006,4111,cumulative,PilotCounts.xlsx,Pink,F39,2000,
2000,pilot,Pink,2000-07-05,07/05,5157,1046,5157,cumulative,PilotCounts.xlsx,Pink,F40,2000,
2000,pilot,Pink,2000-07-06,07/06,6076,919,6076,cumulative,PilotCounts.xlsx,Pink,F41,2000,
2000,pilot,Pink,2000-07-07,07/07,7633,1557,7633,cumulative,PilotCounts.xlsx,Pink,F42,2000,
2000,pilot,Pink,2000-07-08,07/08,11357,3724,11357,cumulative,PilotCounts.xlsx,Pink,F43,2000,
2000,pilot,Pink,2000-07-09,07/09,12817,1460,12817,cumulative,PilotCounts.xlsx,Pink,F44,2000,
2000,pilot,Pink,2000-07-10,07/10,15307,2490,15307,cumulative,PilotCounts.xlsx,Pink,F45,2000,
2000,pilot,Pink,2000-07-11,07/11,17674,2367,17674,cumulative,PilotCounts.xlsx,Pink,F46,2000,
2000,pilot,Pink,2000-07-12,07/12,23007,5333,23007,cumulative,PilotCounts.xlsx,Pink,F47,2000,
2000,pilot,Pink,2000-07-13,07/13,25791,2784,25791,cumulative,PilotCounts.xlsx,Pink,F48,2000,
2000,pilot,Pink,2000-07-14,07/14,28554,2763,28554,cumulative,PilotCounts.xlsx,Pink,F49,2000,
2000,pilot,Pink,2000-07-15,07/15,30813,2259,30813,cumulative,PilotCounts.xlsx,Pink,F50,2000,
2000,pilot,Pink,2000-07-16,07/16,35512,4699,35512,cumulative,PilotCounts.xlsx,Pink,F51,2000,
2000,pilot,Pink,2000-07-17,07/17,39473,3961,39473,cumulative,PilotCounts.xlsx,Pink,F52,2000,
2000,pilot,Pink,2000-07-18,07/18,41207,1734,41207,cumulative,PilotCounts.xlsx,Pink,F53,2000,
2000,pilot,Pink,2000-07-19,07/19,43517,2310,43517,cumulative,PilotCounts.xlsx,Pink,F54,2000,
2000,pilot,Pink,2000-07-20,07/20,45424,1907,45424,cumulative,PilotCounts.xlsx,Pink,F55,2000,
2000,pilot,Pink,2000-07-21,07/21,46931,1507,46931,cumulative,PilotCounts.xlsx,Pink,F56,2000,
2000,pilot,Pink,2000-07-22,07/22,49076,2145,49076,cumulative,PilotCounts.xlsx,Pink,F57,2000,
2000,pilot,Pink,2000-07-23,07/23,51177,2101,51177,cumulative,PilotCounts.xlsx,Pink,F58,2000,
2000,pilot,Pink,2000-07-24,07/24,52326,1149,52326,cumulative,PilotCounts.xlsx,Pink,F59,2000,
2000,pilot,Pink,2000-07-25,07/25,53340,1014,53340,cumulative,PilotCounts.xlsx,Pink,F60,2000,
2000,pilot,Pink,2000-07-26,07/26,54695,1355,54695,cumulative,PilotCounts.xlsx,Pink,F61,2000,
2000,pilot,Pink,2000-07-27,07/27,56839,2144,56839,cumulative,PilotCounts.xlsx,Pink,F62,2000,
2000,pilot,Pink,2000-07-28,07/28,59152,2313,59152,cumulative,PilotCounts.xlsx,Pink,F63,2000,
2000,pilot,Pink,2000-07-29,07/29,59372,220,59372,cumulative,PilotCounts.xlsx,Pink,F64,2000,
2000,pilot,Pink,2000-07-30,07/30,59626,254,59626,cumulative,PilotCounts.xlsx,Pink,F65,2000,
2000,pilot,Pink,2000-07-31,07/31,59901,275,59901,cumulative,PilotCounts.xlsx,Pink,F66,2000,
2000,pilot,Pink,2000-08-01,08/01,60091,190,60091,cumulative,PilotCounts.xlsx,Pink,F67,2000,
2000,pilot,Pink,2000-08-02,08/02,60275,184,60275,cumulative,PilotCounts.xlsx,Pink,F68,2000,
2000,pilot,Pink,2000-08-03,08/03,60416,141,60416,cumulative,PilotCounts.xlsx,Pink,F69,2000,
2000,pilot,Pink,2000-08-04,08/04,60554,138,60554,cumulative,PilotCounts.xlsx,Pink,F70,2000,
2000,pilot,Pink,2000-08-05,08/05,60675,121,60675,cumulative,PilotCounts.xlsx,Pink,F71,2000,
2000,pilot,Pink,2000-08-07,08/07,60696,,60696,cumulative,PilotCounts.xlsx,Pink,F73,2000,
2000,pilot,Pink,2000-08-11,08/11,60934,,60934,cumulative,PilotCounts.xlsx,Pink,F77,2000,
2000,pilot,Pink,2000-08-12,08/12,61333,399,61333,cumulative,PilotCounts.xlsx,Pink,F78,2000,
2000,pilot,Pink,2000-08-13,08/13,61369,36,61369,cumulative,PilotCounts.xlsx,Pink,F79,2000,
2000,pilot,Pink,2000-08-14,08/14,61389,20,61389,cumulative,PilotCounts.xlsx,Pink,F80,2000,
2001,EF_Andreafsky,Pink,2001-07-15,07/15,10,,10,cumulative,EF_Andreafsky_PinkCounts.xlsx,Sheet1,Q33,2001,
2001,EF_Andreafsky,Pink,2001-07-16,07/16,14,4,14,cumulative,EF_Andreafsky_PinkCounts.xlsx,Sheet1,Q34,2001,
2001,EF_Andreafsky,Pink,2001-07-17,07/17,19,5,19,cumulative,EF_Andreafsky_PinkCounts.xlsx,Sheet1,Q35,2001,
2001,EF_Andreafsky,Pink,2001-07-18,07/18,45,26,45,cumulative,EF_Andreafsky_PinkCounts.xlsx,Sheet1,Q36,2001,
2001,EF_Andreafsky,Pink,2001-07-19,07/19,60,15,60,cumulative,EF_Andreafsky_PinkCounts.xlsx,Sheet1,Q37,2001,
2001,EF_Andreafsky,Pink,2001-07-20,07/20,107,47,107,cumulative,EF_Andreafsky_PinkCounts.xlsx,Sheet1,Q38,2001,
2001,EF_Andreafsky,Pink,2001-07-21,07/21,168,61,168,cumulative,EF_Andreafsky_PinkCounts.xlsx,Sheet1,Q39,2001,
2001,EF_Andreafsky,Pink,2001-07-22,07/22,187,19,187,cumulative,EF_Andreafsky_PinkCounts.xlsx,Sheet1,Q40,2001,
2001,EF_Andreafsky,Pink,2001-07-23,07/23,205,18,205,cumulative,EF_Andreafsky_PinkCounts.xlsx,Sheet1,Q41,2001,
2001,EF_Andreafsky,Pink,2001-07-24,07/24,243,38,243,cumulative,EF_Andreafsky_PinkCounts.xlsx,Sheet1,Q42,2001,
2001,EF_Andreafsky,Pink,2001-07-25,07/25,367,124,367,cumulative,EF_Andreafsky_PinkCounts.xlsx,Sheet1,Q43,2001,
2001,EF_Andreafsky,Pink,2001-07-26,07/26,420,53,420,cumulative,EF_Andreafsky_PinkCounts.xlsx,Sheet1,Q44,2001,
2001,EF_Andreafsky,Pink,2001-07-27,07/27,488,68,488,cumulative,EF_Andreafsky_PinkCounts.xlsx,Sheet1,Q45,2001,
2001,EF_Andreafsky,Pink,2001-07-28,07/28,582,94,582,cumulative,EF_Andreafsky_PinkCounts.xlsx,Sheet1,Q46,2001,
2001,EF_Andreafsky,Pink,2001-07-29,07/29,638,56,638,cumulative,EF_Andreafsky_PinkCounts.xlsx,Sheet1,Q47,2001,
2001,EF_Andreafsky,Pink,2001-07-30,07/30,660,22,660,cumulative,EF_Andreafsky_PinkCounts.xlsx,Sheet1,Q48,2001,
2001,EF_Andreafsky,Pink,2001-07-31,07/31,670,10,670,cumulative,EF_Andreafsky_PinkCounts.xlsx,Sheet1,Q49,2001,
2001,EF_Andreafsky,Pink,2001-08-01,08/01,687,17,687,cumulative,EF_Andreafsky_PinkCounts.xlsx,Sheet1,Q50,2001,
2001,EF_Andreafsky,Pink,2001-08-02,08/02,706,19,706,cumulative,EF_Andreafsky_PinkCounts.xlsx,Sheet1,Q51,2001,
2001,EF_Andreafsky,Pink,2001-08-03,08/03,723,17,723,cumulative,EF_Andreafsky_PinkCounts.xlsx,Sheet1,Q52,2001,
2001,EF_Andreafsky,Pink,2001-08-04,08/04,735,12,735,cumulative,EF_Andreafsky_PinkCounts.xlsx,Sheet1,Q53,2001,
2001,EF_Andreafsky,Pink,2001-08-05,08/05,740,5,740,cumulative,EF_Andreafsky_PinkCounts.xlsx,Sheet1,Q54,2001,
2001,EF_Andreafsky,Pink,2001-08-06,08/06,750,10,750,cumulative,EF_Andreafsky_PinkCounts.xlsx,Sheet1,Q55,2001,
2001,EF_Andreafsky,Pink,2001-08-07,08/07,760,10,760,cumulative,EF_Andreafsky_PinkCounts.xlsx,Sheet1,Q56,2001,
2001,EF_Andreafsky,Pink,2001-08-08,08/08,760,0,760,cumulative,EF_Andreafsky_PinkCounts.xlsx,Sheet1,Q57,2001,
2001,EF_Andreafsky,Pink,2001-08-09,08/09,763,3,763,cumulative,EF_Andreafsky_PinkCounts.xlsx,Sheet1,Q58,2001,
2001,EF_Andreafsky,Pink,2001-08-10,08/10,769,6,769,cumulative,EF_Andreafsky_PinkCounts.xlsx,Sheet1,Q59,2001,
2001,EF_Andreafsky,Pink,2001-08-11,08/11,779,10,779,cumulative,EF_Andreafsky_PinkCounts.xlsx,Sheet1,Q60,2001,
2001,EF_Andreafsky,Pink,2001-08-12,08/12,782,3,782,cumulative,EF_Andreafsky_PinkCounts.xlsx,Sheet1,Q61,2001,
2001,EF_Andreafsky,Pink,2001-08-13,08/13,790,8,790,cumulative,EF_Andreafsky_PinkCounts.xlsx,Sheet1,Q62,2001,
2001,EF_Andreafsky,Pink,2001-08-14,08/14,796,6,796,cumulative,EF_Andreafsky_PinkCounts.xlsx,Sheet1,Q63,2001,
2001,EF_Andreafsky,Pink,2001-08-15,08/15,798,2,798,cumulative,EF_Andreafsky_PinkCounts.xlsx,Sheet1,Q64,2001,
2001,EF_Andreafsky,Pink,2001-08-16,08/16,799,1,799,cumulative,EF_Andreafsky_PinkCounts.xlsx,Sheet1,Q65,2001,
2001,EF_Andreafsky,Pink,2001-08-17,08/17,800,1,800,cumulative,EF_Andreafsky_PinkCounts.xlsx,Sheet1,Q66,2001,
2001,EF_Andreafsky,Pink,2001-08-18,08/18,801,1,801,cumulative,EF_Andreafsky_PinkCounts.xlsx,Sheet1,Q67,2001,
2001,EF_Andreafsky,Pink,2001-08-19,08/19,807,6,807,cumulative,EF_Andreafsky_PinkCounts.xlsx,Sheet1,Q68,2001,
2001,EF_Andreafsky,Pink,2001-08-20,08/20,808,1,808,cumulative,EF_Andreafsky_PinkCounts.xlsx,Sheet1,Q69,2001,
2001,EF_Andreafsky,Pink,2001-08-21,08/21,808,0,808,cumulative,EF_Andreafsky_PinkCounts.xlsx,Sheet1,Q70,2001,
2001,EF_Andreafsky,Pink,2001-08-22,08/22,809,1,809,cumulative,EF_Andreafsky_PinkCounts.xlsx,Sheet1,Q71,2001,
2001,EF_Andreafsky,Pink,2001-08-23,08/23,812,3,812,cumulative,EF_Andreafsky_PinkCounts.xlsx,Sheet1,Q72,2001,
2001,EF_Andreafsky,Pink,2001-08-24,08/24,813,1,813,cumulative,EF_Andreafsky_PinkCounts.xlsx,Sheet1,Q73,2001,
2001,EF_Andreafsky,Pink,2001-08-25,08/25,813,0,813,cumulative,EF_Andreafsky_PinkCounts.xlsx,Sheet1,Q74,2001,
2001,EF_Andreafsky,Pink,2001-08-26,08/26,814,1,814,cumulative,EF_Andreafsky_PinkCounts.xlsx,Sheet1,Q75,2001,
2001,EF_Andreafsky,Pink,2001-08-27,08/27,814,0,814,cumulative,EF_Andreafsky_PinkCounts.xlsx,Sheet1,Q76,2001,
2001,EF_Andreafsky,Pink,2001-08-28,08/28,814,0,814,cumulative,EF_Andreafsky_PinkCounts.xlsx,Sheet1,Q77,2001,
2001,EF_Andreafsky,Pink,2001-08-29,08/29,814,0,814,cumulative,EF_Andreafsky_PinkCounts.xlsx,Sheet1,Q78,2001,
2001,EF_Andreafsky,Pink,2001-08-30,08/30,817,3,817,cumulative,EF_Andreafsky_PinkCounts.xlsx,Sheet1,Q79,2001,
2001,EF_Andreafsky,Pink,2001-08-31,08/31,817,0,817,cumulative,EF_Andreafsky_PinkCounts.xlsx,Sheet1,Q80,2001,
2001,EF_Andreafsky,Pink,2001-09-01,09/01,817,0,817,cumulative,EF_Andreafsky_PinkCounts.xlsx,Sheet1,Q81,2001,
2001,EF_Andreafsky,Pink,2001-09-02,09/02,817,0,817,cumulative,EF_Andreafsky_PinkCounts.xlsx,Sheet1,Q82,2001,
2001,EF_Andreafsky,Pink,2001-09-03,09/03,817,0,817,cumulative,EF_Andreafsky_PinkCounts.xlsx,Sheet1,Q83,2001,
2001,EF_Andreafsky,Pink,2001-09-04,09/04,817,0,817,cumulative,EF_Andreafsky_PinkCounts.xlsx,Sheet1,Q84,2001,
2001,EF_Andreafsky,Pink,2001-09-05,09/05,817,0,817,cumulative,EF_Andreafsky_PinkCounts.xlsx,Sheet1,Q85,2001,
2001,EF_Andreafsky,Pink,2001-09-06,09/06,817,0,817,cumulative,EF_Andreafsky_PinkCounts.xlsx,Sheet1,Q86,2001,
2001,EF_Andreafsky,Pink,2001-09-07,09/07,817,0,817,cumulative,EF_Andreafsky_PinkCounts.xlsx,Sheet1,Q87,2001,
2001,EF_Andreafsky,Pink,2001-09-08,09/08,817,0,817,cumulative,EF_Andreafsky_PinkCounts.xlsx,Sheet1,Q88,2001,
2001,EF_Andreafsky,Pink,2001-09-09,09/09,817,0,817,cumulative,EF_Andreafsky_PinkCounts.xlsx,Sheet1,Q89,2001,
2001,EF_Andreafsky,Pink,2001-09-10,09/10,817,0,817,cumulative,EF_Andreafsky_PinkCounts.xlsx,Sheet1,Q90,2001,
2001,EF_Andreafsky,Pink,2001-09-11,09/11,817,0,817,cumulative,EF_Andreafsky_PinkCounts.xlsx,Sheet1,Q91,2001,
2001,EF_Andreafsky,Pink,2001-09-12,09/12,817,0,817,cumulative,EF_Andreafsky_PinkCounts.xlsx,Sheet1,Q92,2001,
2001,EF_Andreafsky,Pink,2001-09-13,09/13,819,2,819,cumulative,EF_Andreafsky_PinkCounts.xlsx,Sheet1,Q93,2001,
2001,EF_Andreafsky,Pink,2001-09-14,09/14,819,0,819,cumulative,EF_Andreafsky_PinkCounts.xlsx,Sheet1,Q94,2001,
2001,EF_Andreafsky,Pink,2001-09-15,09/15,820,1,820,cumulative,EF_Andreafsky_PinkCounts.xlsx,Sheet1,Q95,2001,
2001,pilot,Chinook,2001-06-11,06/11,1017,1017,1017,daily,PilotCounts.xlsx,AllChinook,F16,2001,
2001,pilot,Chinook,2001-06-12,06/12,1479,1479,2496,daily,PilotCounts.xlsx,AllChinook,F17,2001,
2001,pilot,Chinook,2001-06-13,06/13,2706,2706,5202,daily,PilotCounts.xlsx,AllChinook,F18,2001,
2001,pilot,Chinook,2001-06-14,06/14,2518,2518,7720,daily,PilotCounts.xlsx,AllChinook,F19,2001,
2001,pilot,Chinook,2001-06-15,06/15,2089,2089,9809,daily,PilotCounts.xlsx,AllChinook,F20,2001,
2001,pilot,Chinook,2001-06-16,06/16,3809,3809,13618,daily,PilotCounts.xlsx,AllChinook,F21,2001,
2001,pilot,Chinook,2001-06-17,06/17,3499,3499,17117,daily,PilotCounts.xlsx,AllChinook,F22,2001,
2001,pilot,Chinook,2001-06-18,06/18,5048,5048,22165,daily,PilotCounts.xlsx,AllChinook,F23,2001,
2001,pilot,Chinook,2001-06-19,06/19,4268,4268,26433,daily,PilotCounts.xlsx,AllChinook,F24,2001,
2001,pilot,Chinook,2001-06-20,06/20,6488,6488,32921,daily,PilotCounts.xlsx,AllChinook,F25,2001,
2001,pilot,Chinook,2001-06-21,06/21,2527,2527,35448,daily,PilotCounts.xlsx,AllChinook,F26,2001,
2001,pilot,Chinook,2001-06-22,06/22,1859,1859,37307,daily,PilotCounts.xlsx,AllChinook,F27,2001,
2001,pilot,Chinook,2001-06-23,06/23,2966,2966,40273,daily,PilotCounts.xlsx,AllChinook,F28,2001,
2001,pilot,Chinook,2001-06-24,06/24,2450,2450,42723,daily,PilotCounts.xlsx,AllChinook,F29,2001,
2001,pilot,Chinook,2001-06-25,06/25,3395,3395,46118,daily,PilotCounts.xlsx,AllChinook,F30,2001,
2001,pilot,Chinook,2001-06-26,06/26,7627,7627,53745,daily,PilotCounts.xlsx,AllChinook,F31,2001,
2001,pilot,Chinook,2001-06-27,06/27,8229,8229,61974,daily,PilotCounts.xlsx,AllChinook,F32,2001,
2001,pilot,Chinook,2001-06-28,06/28,7161,7161,69135,daily,PilotCounts.xlsx,AllChinook,F33,2001,
2001,pilot,Chinook,2001-06-29,06/29,8286,8286,77421,daily,PilotCounts.xlsx,AllChinook,F34,2001,
2001,pilot,Chinook,2001-06-30,06/30,4611,4611,82032,daily,PilotCounts.xlsx,AllChinook,F35,2001,
2001,pilot,Chinook,2001-07-01,07/01,4144,4144,86176,daily,PilotCounts.xlsx,AllChinook,F36,2001,
2001,pilot,Chinook,2001-07-02,07/02,3136,3136,89312,daily,PilotCounts.xlsx,AllChinook,F37,2001,
2001,pilot,Chinook,2001-07-03,07/03,3580,3580,92892,daily,PilotCounts.xlsx,AllChinook,F38,2001,
2001,pilot,Chinook,2001-07-04,07/04,3398,3398,96290,daily,PilotCounts.xlsx,AllChinook,F39,2001,
2001,pilot,Chinook,2001-07-05,07/05,2581,2581,98871,daily,PilotCounts.xlsx,AllChinook,F40,2001,
2001,pilot,Chinook,2001-07-06,07/06,3371,3371,102242,daily,PilotCounts.xlsx,AllChinook,F41,2001,
2001,pilot,Chinook,2001-07-07,07/07,2277,2277,104519,daily,PilotCounts.xlsx,AllChinook,F42,2001,
2001,pilot,Chinook,2001-07-08,07/08,2363,2363,106882,daily,PilotCounts.xlsx,AllChinook,F43,2001,
2001,pilot,Chinook,2001-07-09,07/09,1900,1900,108782,daily,PilotCounts.xlsx,AllChinook,F44,2001,
2001,pilot,Chinook,2001-07-10,07/10,1938,1938,110720,daily,PilotCounts.xlsx,AllChinook,F45,2001,
2001,pilot,Chinook,2001-07-11,07/11,1717,1717,112437,daily,PilotCounts.xlsx,AllChinook,F46,2001,
2001,pilot,Chinook,2001-07-12,07/12,1209,1209,113646,daily,PilotCounts.xlsx,AllChinook,F47,2001,
2001,pilot,Chinook,2001-07-13,07/13,1076,1076,114722,daily,PilotCounts.xlsx,AllChinook,F48,2001,
2001,pilot,Chinook,2001-07-14,07/14,849,849,115571,daily,PilotCounts.xlsx,AllChinook,F49,2001,
2001,pilot,Chinook,2001-07-15,07/15,824,824,116395,daily,PilotCounts.xlsx,AllChinook,F50,2001,
2001,pilot,Chinook,2001-07-16,07/16,751,751,117146,daily,PilotCounts.xlsx,AllChinook,F51,2001,
2001,pilot,Chinook,2001-07-17,07/17,382,382,117528,daily,PilotCounts.xlsx,AllChinook,F52,2001,
2001,pilot,Chinook,2001-07-18,07/18,487,487,118015,daily,PilotCounts.xlsx,AllChinook,F53,2001,
2001,pilot,Chinook,2001-07-19,07/19,0,0,118015,daily,PilotCounts.xlsx,AllChinook,F54,2001,
2001,pilot,Chinook,2001-07-20,07/20,0,0,118015,daily,PilotCounts.xlsx,AllChinook,F55,2001,
2001,pilot,Chinook,2001-07-21,07/21,0,0,118015,daily,PilotCounts.xlsx,AllChinook,F56,2001,
2001,pilot,Chinook,2001-07-22,07/22,872,872,118887,daily,PilotCounts.xlsx,AllChinook,F57,2001,
2001,pilot,Chinook,2001-07-23,07/23,776,776,119663,daily,PilotCounts.xlsx,AllChinook,F58,2001,
2001,pilot,Chinook,2001-07-24,07/24,0,0,119663,daily,PilotCounts.xlsx,AllChinook,F59,2001,
2001,pilot,Chinook,2001-07-25,07/25,0,0,119663,daily,PilotCounts.xlsx,AllChinook,F60,2001,
2001,pilot,Chinook,2001-07-26,07/26,0,0,119663,daily,PilotCounts.xlsx,AllChinook,F61,2001,
2001,pilot,Chinook,2001-07-27,07/27,0,0,119663,daily,PilotCounts.xlsx,AllChinook,F62,2001,
2001,pilot,Chinook,2001-07-28,07/28,249,249,119912,daily,PilotCounts.xlsx,AllChinook,F63,2001,
2001,pilot,Chinook,2001-07-29,07/29,172,172,120084,daily,PilotCounts.xlsx,AllChinook,F64,2001,
2001,pilot,Chinook,2001-07-30,07/30,179,179,120263,daily,PilotCounts.xlsx,AllChinook,F65,2001,
2001,pilot,Chinook,2001-07-31,07/31,180,180,120443,daily,PilotCounts.xlsx,AllChinook,F66,2001,
2001,pilot,Chinook,2001-08-01,08/01,117,117,120560,daily,PilotCounts.xlsx,AllChinook,F67,2001,
2001,pilot,Chinook,2001-08-02,08/02,0,0,120560,daily,PilotCounts.xlsx,AllChinook,F68,2001,
2001,pilot,Chinook,2001-08-03,08/03,0,0,120560,daily,PilotCounts.xlsx,AllChinook,F69,2001,
2001,pilot,Chinook,2001-08-04,08/04,0,0,120560,daily,PilotCounts.xlsx,AllChinook,F70,2001,
2001,pilot,Chinook,2001-08-05,08/05,0,0,120560,daily,PilotCounts.xlsx,AllChinook,F71,2001,
2001,pilot,Chinook,2001-08-06,08/06,0,0,120560,daily,PilotCounts.xlsx,AllChinook,F72,2001,
2001,pilot,Chinook,2001-08-07,08/07,0,0,120560,daily,PilotCounts.xlsx,AllChinook,F73,2001,
2001,pilot,Chinook,2001-08-08,08/08,192,192,120752,daily,PilotCounts.xlsx,AllChinook,F74,2001,
2001,pilot,Chinook,2001-08-09,08/09,0,0,120752,daily,PilotCounts.xlsx,AllChinook,F75,2001,
2001,pilot,Chinook,2001-08-10,08/10,0,0,120752,daily,PilotCounts.xlsx,AllChinook,F76,2001,
2001,pilot,Chinook,2001-08-11,08/11,0,0,120752,daily,PilotCounts.xlsx,AllChinook,F77,2001,
2001,pilot,Chinook,2001-08-12,08/12,0,0,120752,daily,PilotCounts.xlsx,AllChinook,F78,2001,
2001,pilot,Chinook,2001-08-13,08/13,0,0,120752,daily,PilotCounts.xlsx,AllChinook,F79,2001,
2001,pilot,Chinook,2001-08-14,08/14,159,159,120911,daily,PilotCounts.xlsx,AllChinook,F80,2001,
2001,pilot,Chinook,2001-08-15,08/15,0,0,120911,daily,PilotCounts.xlsx,AllChinook,F81,2001,
2001,pilot,Chinook,2001-08-16,08/16,0,0,120911,daily,PilotCounts.xlsx,AllChinook,F82,2001,
2001,pilot,Chinook,2001-08-17,08/17,0,0,120911,daily,PilotCounts.xlsx,AllChinook,F83,2001,
2001,pilot,Chinook,2001-08-18,08/18,0,0,120911,daily,PilotCounts.xlsx,AllChinook,F84,2001,
2001,pilot,Chinook,2001-08-19,08/19,0,0,120911,daily,PilotCounts.xlsx,AllChinook,F85,2001,
2001,pilot,Chinook,2001-08-20,08/20,0,0,120911,daily,PilotCounts.xlsx,AllChinook,F86,2001,
2001,pilot,Chinook,2001-08-21,08/21,0,0,120911,daily,PilotCounts.xlsx,AllChinook,F87,2001,
2001,pilot,Chinook,2001-08-22,08/22,0,0,120911,daily,PilotCounts.xlsx,AllChinook,F88,2001,
2001,pilot,Chinook,2001-08-23,08/23,0,0,120911,daily,PilotCounts.xlsx,AllChinook,F89,2001,
2001,pilot,Chinook,2001-08-24,08/24,0,0,120911,daily,PilotCounts.xlsx,AllChinook,F90,2001,
2001,pilot,Chinook,2001-08-25,08/25,0,0,120911,daily,PilotCounts.xlsx,AllChinook,F91,2001,
2001,pilot,Chinook,2001-08-26,08/26,0,0,120911,daily,PilotCounts.xlsx,AllChinook,F92,2001,
2001,pilot,Chinook,2001-08-27,08/27,0,0,120911,daily,PilotCounts.xlsx,AllChinook,F93,2001,
2001,pilot,Chinook,2001-08-28,08/28,0,0,120911,daily,PilotCounts.xlsx,AllChinook,F94,2001,
2001,pilot,Chinook,2001-08-29,08/29,0,0,120911,daily,PilotCounts.xlsx,AllChinook,F95,2001,
2001,pilot,Chinook,2001-08-30,08/30,54,54,120965,daily,PilotCounts.xlsx,AllChinook,F96,2001,
2001,pilot,Chinook,2001-08-31,08/31,124,124,121089,daily,PilotCounts.xlsx,AllChinook,F97,2001,
2001,pilot,Chum,2001-06-11,06/11,0,0,0,daily,PilotCounts.xlsx,AllChum,G16,2001,
2001,pilot,Chum,2001-06-12,06/12,0,0,0,daily,PilotCounts.xlsx,AllChum,G17,2001,
2001,pilot,Chum,2001-06-13,06/13,170,170,170,daily,PilotCounts.xlsx,AllChum,G18,2001,
2001,pilot,Chum,2001-06-14,06/14,190,190,360,daily,PilotCounts.xlsx,AllChum,G19,2001,
2001,pilot,Chum,2001-06-15,06/15,839,839,1199,daily,PilotCounts.xlsx,AllChum,G20,2001,
2001,pilot,Chum,2001-06-16,06/16,1466,1466,2665,daily,PilotCounts.xlsx,AllChum,G21,2001,
2001,pilot,Chum,2001-06-17,06/17,8480,8480,11145,daily,PilotCounts.xlsx,AllChum,G22,2001,
2001,pilot,Chum,2001-06-18,06/18,12379,12379,23524,daily,PilotCounts.xlsx,AllChum,G23,2001,
2001,pilot,Chum,2001-06-19,06/19,18815,18815,42339,daily,PilotCounts.xlsx,AllChum,G24,2001,
2001,pilot,Chum,2001-06-20,06/20,23549,23549,65888,daily,PilotCounts.xlsx,AllChum,G25,2001,
2001,pilot,Chum,2001-06-21,06/21,18505,18505,84393,daily,PilotCounts.xlsx,AllChum,G26,2001,
2001,pilot,Chum,2001-06-22,06/22,11551,11551,95944,daily,PilotCounts.xlsx,AllChum,G27,2001,
2001,pilot,Chum,2001-06-23,06/23,9353,9353,105297,daily,PilotCounts.xlsx,AllChum,G28,2001,
2001,pilot,Chum,2001-06-24,06/24,12683,12683,117980,daily,PilotCounts.xlsx,AllChum,G29,2001,
2001,pilot,Chum,2001-06-25,06/25,16741,16741,134721,daily,PilotCounts.xlsx,AllChum,G30,2001,
2001,pilot,Chum,2001-06-26,06/26,20122,20122,154843,daily,PilotCounts.xlsx,AllChum,G31,2001,
2001,pilot,Chum,2001-06-27,06/27,35228,35228,190071,daily,PilotCounts.xlsx,AllChum,G32,2001,
2001,pilot,Chum,2001-06-28,06/28,29922,29922,219993,daily,PilotCounts.xlsx,AllChum,G33,2001,
2001,pilot,Chum,2001-06-29,06/29,28160,28160,248153,daily,PilotCounts.xlsx,AllChum,G34,2001,
2001,pilot,Chum,2001-06-30,06/30,22531,22531,270684,daily,PilotCounts.xlsx,AllChum,G35,2001,
2001,pilot,Chum,2001-07-01,07/01,19613,19613,290297,daily,PilotCounts.xlsx,AllChum,G36,2001,
2001,pilot,Chum,2001-07-02,07/02,11730,11730,302027,daily,PilotCounts.xlsx,AllChum,G37,2001,
2001,pilot,Chum,2001-07-03,07/03,9547,9547,311574,daily,PilotCounts.xlsx,AllChum,G38,2001,
2001,pilot,Chum,2001-07-04,07/04,9316,9316,320890,daily,PilotCounts.xlsx,AllChum,G39,2001,
2001,pilot,Chum,2001-07-05,07/05,11296,11296,332186,daily,PilotCounts.xlsx,AllChum,G40,2001,
2001,pilot,Chum,2001-07-06,07/06,10391,10391,342577,daily,PilotCounts.xlsx,AllChum,G41,2001,
2001,pilot,Chum,2001-07-07,07/07,17068,17068,359645,daily,PilotCounts.xlsx,AllChum,G42,2001,
2001,pilot,Chum,2001-07-08,07/08,18258,18258,377903,daily,PilotCounts.xlsx,AllChum,G43,2001,
2001,pilot,Chum,2001-07-09,07/09,15867,15867,393770,daily,PilotCounts.xlsx,AllChum,G44,2001,
2001,pilot,Chum,2001-07-10,07/10,9940,9940,403710,daily,PilotCounts.xlsx,AllChum,G45,2001,
2001,pilot,Chum,2001-07-11,07/11,8671,8671,412381,daily,PilotCounts.xlsx,AllChum,G46,2001,
2001,pilot,Chum,2001-07-12,07/12,5580,5580,417961,daily,PilotCounts.xlsx,AllChum,G47,2001,
2001,pilot,Chum,2001-07-13,07/13,4702,4702,422663,daily,PilotCounts.xlsx,AllChum,G48,2001,
2001,pilot,Chum,2001-07-14,07/14,4380,4380,427043,daily,PilotCounts.xlsx,AllChum,G49,2001,
2001,pilot,Chum,2001-07-15,07/15,4224,4224,431267,daily,PilotCounts.xlsx,AllChum,G50,2001,
2001,pilot,Chum,2001-07-16,07/16,3806,3806,435073,daily,PilotCounts.xlsx,AllChum,G51,2001,
2001,pilot,Chum,2001-07-17,07/17,3418,3418,438491,daily,PilotCounts.xlsx,AllChum,G52,2001,
2001,pilot,Chum,2001-07-18,07/18,4055,4055,442546,daily,PilotCounts.xlsx,AllChum,G53,2001,
2001,pilot,Chum,2001-07-19,07/19,20480,20480,463026,daily,PilotCounts.xlsx,AllChum,G54,2001,
2001,pilot,Chum,2001-07-20,07/20,39950,39950,502976,daily,PilotCounts.xlsx,AllChum,G55,2001,
2001,pilot,Chum,2001-07-21,07/21,30972,30972,533948,daily,PilotCounts.xlsx,AllChum,G56,2001,
2001,pilot,Chum,2001-07-22,07/22,12844,12844,546792,daily,PilotCounts.xlsx,AllChum,G57,2001,
2001,pilot,Chum,2001-07-23,07/23,7091,7091,553883,daily,PilotCounts.xlsx,AllChum,G58,2001,
2001,pilot,Chum,2001-07-24,07/24,4993,4993,558876,daily,PilotCounts.xlsx,AllChum,G59,2001,
2001,pilot,Chum,2001-07-25,07/25,6956,6956,565832,daily,PilotCounts.xlsx,AllChum,G60,2001,
2001,pilot,Chum,2001-07-26,07/26,18002,18002,583834,daily,PilotCounts.xlsx,AllChum,G61,2001,
2001,pilot,Chum,2001-07-27,07/27,14698,14698,598532,daily,PilotCounts.xlsx,AllChum,G62,2001,
2001,pilot,Chum,2001-07-28,07/28,6199,6199,604731,daily,PilotCounts.xlsx,AllChum,G63,2001,
2001,pilot,Chum,2001-07-29,07/29,3896,3896,608627,daily,PilotCounts.xlsx,AllChum,G64,2001,
2001,pilot,Chum,2001-07-30,07/30,4284,4284,612911,daily,PilotCounts.xlsx,AllChum,G65,2001,
2001,pilot,Chum,2001-07-31,07/31,4576,4576,617487,daily,PilotCounts.xlsx,AllChum,G66,2001,
2001,pilot,Chum,2001-08-01,08/01,2980,2980,620467,daily,PilotCounts.xlsx,AllChum,G67,2001,
2001,pilot,Chum,2001-08-02,08/02,11358,11358,631825,daily,PilotCounts.xlsx,AllChum,G68,2001,
2001,pilot,Chum,2001-08-03,08/03,16276,16276,648101,daily,PilotCounts.xlsx,AllChum,G69,2001,
2001,pilot,Chum,2001-08-04,08/04,14200,14200,662301,daily,PilotCounts.xlsx,AllChum,G70,2001,
2001,pilot,Chum,2001-08-05,08/05,26297,26297,688598,daily,PilotCounts.xlsx,AllChum,G71,2001,
2001,pilot,Chum,2001-08-06,08/06,14472,14472,703070,daily,PilotCounts.xlsx,AllChum,G72,2001,
2001,pilot,Chum,2001-08-07,08/07,9483,9483,712553,daily,PilotCounts.xlsx,AllChum,G73,2001,
2001,pilot,Chum,2001-08-08,08/08,9264,9264,721817,daily,PilotCounts.xlsx,AllChum,G74,2001,
2001,pilot,Chum,2001-08-09,08/09,27973,27973,749790,daily,PilotCounts.xlsx,AllChum,G75,2001,
2001,pilot,Chum,2001-08-10,08/10,14416,14416,764206,daily,PilotCounts.xlsx,AllChum,G76,2001,
2001,pilot,Chum,2001-08-11,08/11,10060,10060,774266,daily,PilotCounts.xlsx,AllChum,G77,2001,
2001,pilot,Chum,2001-08-12,08/12,8338,8338,782604,daily,PilotCounts.xlsx,AllChum,G78,2001,
2001,pilot,Chum,2001-08-13,08/13,8366,8366,790970,daily,PilotCounts.xlsx,AllChum,G79,2001,
2001,pilot,Chum,2001-08-14,08/14,4630,4630,795600,daily,PilotCounts.xlsx,AllChum,G80,2001,
2001,pilot,Chum,2001-08-15,08/15,10444,10444,806044,daily,PilotCounts.xlsx,AllChum,G81,2001,
2001,pilot,Chum,2001-08-16,08/16,8126,8126,814170,daily,PilotCounts.xlsx,AllChum,G82,2001,
2001,pilot,Chum,2001-08-17,08/17,4924,4924,819094,daily,PilotCounts.xlsx,AllChum,G83,2001,
2001,pilot,Chum,2001-08-18,08/18,2984,2984,822078,daily,PilotCounts.xlsx,AllChum,G84,2001,
2001,pilot,Chum,2001-08-19,08/19,2774,2774,824852,daily,PilotCounts.xlsx,AllChum,G85,2001,
2001,pilot,Chum,2001-08-20,08/20,3174,3174,828026,daily,PilotCounts.xlsx,AllChum,G86,2001,
2001,pilot,Chum,2001-08-21,08/21,3601,3601,831627,daily,PilotCounts.xlsx,AllChum,G87,2001,
2001,pilot,Chum,2001-08-22,08/22,2829,2829,834456,daily,PilotCounts.xlsx,AllChum,G88,2001,
2001,pilot,Chum,2001-08-23,08/23,2695,2695,837151,daily,PilotCounts.xlsx,AllChum,G89,2001,
2001,pilot,Chum,2001-08-24,08/24,5124,5124,842275,daily,PilotCounts.xlsx,AllChum,G90,2001,
2001,pilot,Chum,2001-08-25,08/25,4612,4612,846887,daily,PilotCounts.xlsx,AllChum,G91,2001,
2001,pilot,Chum,2001-08-26,08/26,1165,1165,848052,daily,PilotCounts.xlsx,AllChum,G92,2001,
2001,pilot,Chum,2001-08-27,08/27,449,449,848501,daily,PilotCounts.xlsx,AllChum,G93,2001,
2001,pilot,Chum,2001-08-28,08/28,217,217,848718,daily,PilotCounts.xlsx,AllChum,G94,2001,
2001,pilot,Chum,2001-08-29,08/29,132,132,848850,daily,PilotCounts.xlsx,AllChum,G95,2001,
2001,pilot,Chum,2001-08-30,08/30,1708,1708,850558,daily,PilotCounts.xlsx,AllChum,G96,2001,
2001,pilot,Chum,2001-08-31,08/31,949,949,851507,daily,PilotCounts.xlsx,AllChum,G97,2001,
2001,pilot,Pink,2001-07-17,07/17,268,,268,cumulative,PilotCounts.xlsx,Pink,G52,2001,
2001,pilot,Pink,2001-07-18,07/18,507,239,507,cumulative,PilotCounts.xlsx,Pink,G53,2001,
2001,pilot,Pink,2001-07-22,07/22,1196,,1196,cumulative,PilotCounts.xlsx,Pink,G57,2001,
2001,pilot,Pink,2001-07-23,07/23,1592,396,1592,cumulative,PilotCounts.xlsx,Pink,G58,2001,
2001,pilot,Pink,2001-07-24,07/24,1732,140,1732,cumulative,PilotCounts.xlsx,Pink,G59,2001,
2001,pilot,Pink,2001-07-25,07/25,1934,202,1934,cumulative,PilotCounts.xlsx,Pink,G60,2001,
2001,pilot,Pink,2001-07-27,07/27,2218,,2218,cumulative,PilotCounts.xlsx,Pink,G62,2001,
2001,pilot,Pink,2001-07-28,07/28,2310,92,2310,cumulative,PilotCounts.xlsx,Pink,G63,2001,
2001,pilot,Pink,2001-07-29,07/29,2360,50,2360,cumulative,PilotCounts.xlsx,Pink,G64,2001,
2001,pilot,Pink,2001-07-30,07/30,2435,75,2435,cumulative,PilotCounts.xlsx,Pink,G65,2001,
2001,pilot,Pink,2001-07-31,07/31,2505,70,2505,cumulative,PilotCounts.xlsx,Pink,G66,2001,
2001,pilot,Pink,2001-08-01,08/01,2581,76,2581,cumulative,PilotCounts.xlsx,Pink,G67,2001,
2001,pilot,Pink,2001-08-02,08/02,2846,265,2846,cumulative,PilotCounts.xlsx,Pink,G68,2001,
2002,Anvik,Pink,2002-06-22,06/22,0,,0,cumulative,Anvik_PinkCounts.xlsx,Sheet1,AD10,2002,
2002,Anvik,Pink,2002-06-23,06/23,0,0,0,cumulative,Anvik_PinkCounts.xlsx,Sheet1,AD11,2002,
2002,Anvik,Pink,2002-06-24,06/24,0,0,0,cumulative,Anvik_PinkCounts.xlsx,Sheet1,AD12,2002,
2002,Anvik,Pink,2002-06-25,06/25,0,0,0,cumulative,Anvik_PinkCounts.xlsx,Sheet1,AD13,2002,
2002,Anvik,Pink,2002-06-26,06/26,0,0,0,cumulative,Anvik_PinkCounts.xlsx,Sheet1,AD14,2002,
2002,Anvik,Pink,2002-06-27,06/27,0,0,0,cumulative,Anvik_PinkCounts.xlsx,Sheet1,AD15,2002,
2002,Anvik,Pink,2002-06-28,06/28,0,0,0,cumulative,Anvik_PinkCounts.xlsx,Sheet1,AD16,2002,
2002,Anvik,Pink,2002-06-29,06/29,0,0,0,cumulative,Anvik_PinkCounts.xlsx,Sheet1,AD17,2002,
2002,Anvik,Pink,2002-06-30,06/30,38,38,38,cumulative,Anvik_PinkCounts.xlsx,Sheet1,AD18,2002,
2002,Anvik,Pink,2002-07-01,07/01,38,0,38,cumulative,Anvik_PinkCounts.xlsx,Sheet1,AD19,2002,
2002,Anvik,Pink,2002-07-02,07/02,38,0,38,cumulative,Anvik_PinkCounts.xlsx,Sheet1,AD20,2002,
2002,Anvik,Pink,2002-07-03,07/03,683,645,683,cumulative,Anvik_PinkCounts.xlsx,Sheet1,AD21,2002,
2002,Anvik,Pink,2002-07-04,07/04,1758,1075,1758,cumulative,Anvik_PinkCounts.xlsx,Sheet1,AD22,2002,
2002,Anvik,Pink,2002-07-05,07/05,2617,859,2617,cumulative,Anvik_PinkCounts.xlsx,Sheet1,AD23,2002,
2002,Anvik,Pink,2002-07-06,07/06,6758,4141,6758,cumulative,Anvik_PinkCounts.xlsx,Sheet1,AD24,2002,
2002,Anvik,Pink,2002-07-07,07/07,13694,6936,13694,cumulative,Anvik_PinkCounts.xlsx,Sheet1,AD25,2002,
2002,Anvik,Pink,2002-07-08,07/08,21534,7840,21534,cumulative,Anvik_PinkCounts.xlsx,Sheet1,AD26,2002,
2002,Anvik,Pink,2002-07-09,07/09,26915,5381,26915,cumulative,Anvik_PinkCounts.xlsx,Sheet1,AD27,2002,
2002,Anvik,Pink,2002-07-10,07/10,35723,8808,35723,cumulative,Anvik_PinkCounts.xlsx,Sheet1,AD28,2002,
2002,Anvik,Pink,2002-07-11,07/11,45927,10204,45927,cumulative,Anvik_PinkCounts.xlsx,Sheet1,AD29,2002,
2002,Anvik,Pink,2002-07-12,07/12,56754,10827,56754,cumulative,Anvik_PinkCounts.xlsx,Sheet1,AD30,2002,
2002,Anvik,Pink,2002-07-13,07/13,69223,12469,69223,cumulative,Anvik_PinkCounts.xlsx,Sheet1,AD31,2002,
2002,Anvik,Pink,2002-07-14,07/14,87123,17900,87123,cumulative,Anvik_PinkCounts.xlsx,Sheet1,AD32,2002,
2002,Anvik,Pink,2002-07-15,07/15,100714,13591,100714,cumulative,Anvik_PinkCounts.xlsx,Sheet1,AD33,2002,
2002,Anvik,Pink,2002-07-16,07/16,111782,11068,111782,cumulative,Anvik_PinkCounts.xlsx,Sheet1,AD34,2002,
2002,Anvik,Pink,2002-07-17,07/17,116371,4589,116371,cumulative,Anvik_PinkCounts.xlsx,Sheet1,AD35,2002,
2002,Anvik,Pink,2002-07-18,07/18,120824,4453,120824,cumulative,Anvik_PinkCounts.xlsx,Sheet1,AD36,2002,
2002,Anvik,Pink,2002-07-19,07/19,123741,2917,123741,cumulative,Anvik_PinkCounts.xlsx,Sheet1,AD37,2002,
2002,Anvik,Pink,2002-07-20,07/20,125278,1537,125278,cumulative,Anvik_PinkCounts.xlsx,Sheet1,AD38,2002,
2002,Anvik,Pink,2002-07-21,07/21,127182,1904,127182,cumulative,Anvik_PinkCounts.xlsx,Sheet1,AD39,2002,
2002,Anvik,Pink,2002-07-22,07/22,127719,537,127719,cumulative,Anvik_PinkCounts.xlsx,Sheet1,AD40,2002,
2002,Anvik,Pink,2002-07-23,07/23,128830,1111,128830,cumulative,Anvik_PinkCounts.xlsx,Sheet1,AD41,2002,
2002,Anvik,Pink,2002-07-24,07/24,131482,2652,131482,cumulative,Anvik_PinkCounts.xlsx,Sheet1,AD42,2002,
2002,EF_Andreafsky,Pink,2002-06-19,06/19,0,,0,cumulative,EF_Andreafsky_PinkCounts.xlsx,Sheet1,R7,2002,
2002,EF_Andreafsky,Pink,2002-06-20,06/20,0,0,0,cumulative,EF_Andreafsky_PinkCounts.xlsx,Sheet1,R8,2002,
2002,EF_Andreafsky,Pink,2002-06-21,06/21,52,52,52,cumulative,EF_Andreafsky_PinkCounts.xlsx,Sheet1,R9,2002,
2002,EF_Andreafsky,Pink,2002-06-22,06/22,514,462,514,cumulative,EF_Andreafsky_PinkCounts.xlsx,Sheet1,R10,2002,
2002,EF_Andreafsky,Pink,2002-06-23,06/23,514,0,514,cumulative,EF_Andreafsky_PinkCounts.xlsx,Sheet1,R11,2002,
2002,EF_Andreafsky,Pink,2002-06-24,06/24,536,22,536,cumulative,EF_Andreafsky_PinkCounts.xlsx,Sheet1,R12,2002,
2002,EF_Andreafsky,Pink,2002-06-25,06/25,684,148,684,cumulative,EF_Andreafsky_PinkCounts.xlsx,Sheet1,R13,2002,
2002,EF_Andreafsky,Pink,2002-06-26,06/26,1022,338,1022,cumulative,EF_Andreafsky_PinkCounts.xlsx,Sheet1,R14,2002,
2002,EF_Andreafsky,Pink,2002-06-27,06/27,1453,431,1453,cumulative,EF_Andreafsky_PinkCounts.xlsx,Sheet1,R15,2002,
2002,EF_Andreafsky,Pink,2002-06-28,06/28,9261,7808,9261,cumulative,EF_Andreafsky_PinkCounts.xlsx,Sheet1,R16,2002,
2002,EF_Andreafsky,Pink,2002-06-29,06/29,14337,5076,14337,cumulative,EF_Andreafsky_PinkCounts.xlsx,Sheet1,R17,2002,
2002,EF_Andreafsky,Pink,2002-06-30,06/30,15846,1509,15846,cumulative,EF_Andreafsky_PinkCounts.xlsx,Sheet1,R18,2002,
2002,EF_Andreafsky,Pink,2002-07-01,07/01,22038,6192,22038,cumulative,EF_Andreafsky_PinkCounts.xlsx,Sheet1,R19,2002,
2002,EF_Andreafsky,Pink,2002-07-02,07/02,25383,3345,25383,cumulative,EF_Andreafsky_PinkCounts.xlsx,Sheet1,R20,2002,
2002,EF_Andreafsky,Pink,2002-07-03,07/03,32259,6876,32259,cumulative,EF_Andreafsky_PinkCounts.xlsx,Sheet1,R21,2002,
2002,EF_Andreafsky,Pink,2002-07-04,07/04,32516,257,32516,cumulative,EF_Andreafsky_PinkCounts.xlsx,Sheet1,R22,2002,
2002,EF_Andreafsky,Pink,2002-07-05,07/05,34142,1626,34142,cumulative,EF_Andreafsky_PinkCounts.xlsx,Sheet1,R23,2002,
2002,EF_Andreafsky,Pink,2002-07-06,07/06,47575,13433,47575,cumulative,EF_Andreafsky_PinkCounts.xlsx,Sheet1,R24,2002,
2002,EF_Andreafsky,Pink,2002-07-07,07/07,57843,10268,57843,cumulative,EF_Andreafsky_PinkCounts.xlsx,Sheet1,R25,2002,
2002,EF_Andreafsky,Pink,2002-07-08,07/08,62658,4815,62658,cumulative,EF_Andreafsky_PinkCounts.xlsx,Sheet1,R26,2002,
2002,EF_Andreafsky,Pink,2002-07-09,07/09,71423,8765,71423,cumulative,EF_Andreafsky_PinkCounts.xlsx,Sheet1,R27,2002,
2002,EF_Andreafsky,Pink,2002-07-10,07/10,84365,12942,84365,cumulative,EF_Andreafsky_PinkCounts.xlsx,Sheet1,R28,2002,
2002,EF_Andreafsky,Pink,2002-07-11,07/11,95129,10764,95129,cumulative,EF_Andreafsky_PinkCounts.xlsx,Sheet1,R29,2002,
2002,EF_Andreafsky,Pink,2002-07-12,07/12,104336,9207,104336,cumulative,EF_Andreafsky_PinkCounts.xlsx,Sheet1,R30,2002,
2002,EF_Andreafsky,Pink,2002-07-13,07/13,113497,9161,113497,cumulative,EF_Andreafsky_PinkCounts.xlsx,Sheet1,R31,2002,
2002,EF_Andreafsky,Pink,2002-07-14,07/14,121316,7819,121316,cumulative,EF_Andreafsky_PinkCounts.xlsx,Sheet1,R32,2002,
2002,EF_Andreafsky,Pink,2002-07-15,07/15,128274,6958,128274,cumulative,EF_Andreafsky_PinkCounts.xlsx,Sheet1,R33,2002,
2002,EF_Andreafsky,Pink,2002-07-16,07/16,136498,8224,136498,cumulative,EF_Andreafsky_PinkCounts.xlsx,Sheet1,R34,2002,
2002,EF_Andreafsky,Pink,2002-07-17,07/17,143222,6724,143222,cumulative,EF_Andreafsky_PinkCounts.xlsx,Sheet1,R35,2002,
2002,EF_Andreafsky,Pink,2002-07-18,07/18,151923,8701,151923,cumulative,EF_Andreafsky_PinkCounts.xlsx,Sheet1,R36,2002,
2002,EF_Andreafsky,Pink,2002-07-19,07/19,157981,6058,157981,cumulative,EF_Andreafsky_PinkCounts.xlsx,Sheet1,R37,2002,
2002,EF_Andreafsky,Pink,2002-07-20,07/20,159964,1983,159964,cumulative,EF_Andreafsky_PinkCounts.xlsx,Sheet1,R38,2002,
2002,EF_Andreafsky,Pink,2002-07-21,07/21,161203,1239,161203,cumulative,EF_Andreafsky_PinkCounts.xlsx,Sheet1,R39,2002,
2002,EF_Andreafsky,Pink,2002-07-22,07/22,161767,564,161767,cumulative,EF_Andreafsky_PinkCounts.xlsx,Sheet1,R40,2002,
2002,EF_Andreafsky,Pink,2002-07-23,07/23,162827,1060,162827,cumulative,EF_Andreafsky_PinkCounts.xlsx,Sheet1,R41,2002,
2002,EF_Andreafsky,Pink,2002-07-24,07/24,163919,1092,163919,cumulative,EF_Andreafsky_PinkCounts.xlsx,Sheet1,R42,2002,
2002,EF_Andreafsky,Pink,2002-07-25,07/25,164304,385,164304,cumulative,EF_Andreafsky_PinkCounts.xlsx,Sheet1,R43,2002,
2002,EF_Andreafsky,Pink,2002-07-26,07/26,164733,429,164733,cumulative,EF_Andreafsky_PinkCounts.xlsx,Sheet1,R44,2002,
2002,EF_Andreafsky,Pink,2002-07-27,07/27,164965,232,164965,cumulative,EF_Andreafsky_PinkCounts.xlsx,Sheet1,R45,2002,
2002,EF_Andreafsky,Pink,2002-07-28,07/28,165270,305,165270,cumulative,EF_Andreafsky_PinkCounts.xlsx,Sheet1,R46,2002,
2002,EF_Andreafsky,Pink,2002-07-29,07/29,165319,49,165319,cumulative,EF_Andreafsky_PinkCounts.xlsx,Sheet1,R47,2002,
2002,EF_Andreafsky,Pink,2002-07-30,07/30,165381,62,165381,cumulative,EF_Andreafsky_PinkCounts.xlsx,Sheet1,R48,2002,
2002,EF_Andreafsky,Pink,2002-07-31,07/31,165613,232,165613,cumulative,EF_Andreafsky_PinkCounts.xlsx,Sheet1,R49,2002,
2002,EF_Andreafsky,Pink,2002-08-01,08/01,165744,131,165744,cumulative,EF_Andreafsky_PinkCounts.xlsx,Sheet1,R50,2002,
2002,EF_Andreafsky,Pink,2002-08-02,08/02,165805,61,165805,cumulative,EF_Andreafsky_PinkCounts.xlsx,Sheet1,R51,2002,
2002,EF_Andreafsky,Pink,2002-08-03,08/03,165878,73,165878,cumulative,EF_Andreafsky_PinkCounts.xlsx,Sheet1,R52,2002,
2002,EF_Andreafsky,Pink,2002-08-04,08/04,165912,34,165912,cumulative,EF_Andreafsky_PinkCounts.xlsx,Sheet1,R53,2002,
2002,EF_Andreafsky,Pink,2002-08-05,08/05,165923,11,165923,cumulative,EF_Andreafsky_PinkCounts.xlsx,Sheet1,R54,2002,
2002,EF_Andreafsky,Pink,2002-08-06,08/06,165936,13,165936,cumulative,EF_Andreafsky_PinkCounts.xlsx,Sheet1,R55,2002,
2002,EF_Andreafsky,Pink,2002-08-07,08/07,165943,7,165943,cumulative,EF_Andreafsky_PinkCounts.xlsx,Sheet1,R56,2002,
2002,EF_Andreafsky,Pink,2002-08-08,08/08,165947,4,165947,cumulative,EF_Andreafsky_PinkCounts.xlsx,Sheet1,R57,2002,
2002,EF_Andreafsky,Pink,2002-08-09,08/09,165952,5,165952,cumulative,EF_Andreafsky_PinkCounts.xlsx,Sheet1,R58,2002,
2002,EF_Andreafsky,Pink,2002-08-10,08/10,165961,9,165961,cumulative,EF_Andreafsky_PinkCounts.xlsx,Sheet1,R59,2002,
2002,EF_Andreafsky,Pink,2002-08-11,08/11,165963,2,165963,cumulative,EF_Andreafsky_PinkCounts.xlsx,Sheet1,R60,2002,
2002,EF_Andreafsky,Pink,2002-08-12,08/12,165967,4,165967,cumulative,EF_Andreafsky_PinkCounts.xlsx,Sheet1,R61,2002,
2002,EF_Andreafsky,Pink,2002-08-13,08/13,165968,1,165968,cumulative,EF_Andreafsky_PinkCounts.xlsx,Sheet1,R62,2002,
2002,EF_Andreafsky,Pink,2002-08-14,08/14,165972,4,165972,cumulative,EF_Andreafsky_PinkCounts.xlsx,Sheet1,R63,2002,
2002,EF_Andreafsky,Pink,2002-08-15,08/15,165973,1,165973,cumulative,EF_Andreafsky_PinkCounts.xlsx,Sheet1,R64,2002,
2002,EF_Andreafsky,Pink,2002-08-16,08/16,165973,0,165973,cumulative,EF_Andreafsky_PinkCounts.xlsx,Sheet1,R65,2002,
2002,EF_Andreafsky,Pink,2002-08-17,08/17,165974,1,165974,cumulative,EF_Andreafsky_PinkCounts.xlsx,Sheet1,R66,2002,
2002,EF_Andreafsky,Pink,2002-08-18,08/18,165974,0,165974,cumulative,EF_Andreafsky_PinkCounts.xlsx,Sheet1,R67,2002,
2002,EF_Andreafsky,Pink,2002-08-19,08/19,165974,0,165974,cumulative,EF_Andreafsky_PinkCounts.xlsx,Sheet1,R68,2002,
2002,EF_Andreafsky,Pink,2002-08-20,08/20,165974,0,165974,cumulative,EF_Andreafsky_PinkCounts.xlsx,Sheet1,R69,2002,
2002,EF_Andreafsky,Pink,2002-08-21,08/21,165975,1,165975,cumulative,EF_Andreafsky_PinkCounts.xlsx,Sheet1,R70,2002,
2002,EF_Andreafsky,Pink,2002-08-22,08/22,165976,1,165976,cumulative,EF_Andreafsky_PinkCounts.xlsx,Sheet1,R71,2002,
2002,EF_Andreafsky,Pink,2002-08-23,08/23,165978,2,165978,cumulative,EF_Andreafsky_PinkCounts.xlsx,Sheet1,R72,2002,
2002,EF_Andreafsky,Pink,2002-08-24,08/24,165981,3,165981,cumulative,EF_Andreafsky_PinkCounts.xlsx,Sheet1,R73,2002,
2002,EF_Andreafsky,Pink,2002-08-25,08/25,165982,1,165982,cumulative,EF_Andreafsky_PinkCounts.xlsx,Sheet1,R74,2002,
2002,EF_Andreafsky,Pink,2002-08-26,08/26,165982,0,165982,cumulative,EF_Andreafsky_PinkCounts.xlsx,Sheet1,R75,2002,
2002,EF_Andreafsky,Pink,2002-08-27,08/27,165982,0,165982,cumulative,EF_Andreafsky_PinkCounts.xlsx,Sheet1,R76,2002,
2002,EF_Andreafsky,Pink,2002-08-28,08/28,165982,0,165982,cumulative,EF_Andreafsky_PinkCounts.xlsx,Sheet1,R77,2002,
2002,EF_Andreafsky,Pink,2002-08-29,08/29,165982,0,165982,cumulative,EF_Andreafsky_PinkCounts.xlsx,Sheet1,R78,2002,
2002,EF_Andreafsky,Pink,2002-08-30,08/30,165983,1,165983,cumulative,EF_Andreafsky_PinkCounts.xlsx,Sheet1,R79,2002,
2002,EF_Andreafsky,Pink,2002-08-31,08/31,165983,0,165983,cumulative,EF_Andreafsky_PinkCounts.xlsx,Sheet1,R80,2002,
2002,EF_Andreafsky,Pink,2002-09-01,09/01,165984,1,165984,cumulative,EF_Andreafsky_PinkCounts.xlsx,Sheet1,R81,2002,
2002,EF_Andreafsky,Pink,2002-09-02,09/02,165984,0,165984,cumulative,EF_Andreafsky_PinkCounts.xlsx,Sheet1,R82,2002,
2002,EF_Andreafsky,Pink,2002-09-03,09/03,165984,0,165984,cumulative,EF_Andreafsky_PinkCounts.xlsx,Sheet1,R83,2002,
2002,EF_Andreafsky,Pink,2002-09-04,09/04,165984,0,165984,cumulative,EF_Andreafsky_PinkCounts.xlsx,Sheet1,R84,2002,
2002,EF_Andreafsky,Pink,2002-09-05,09/05,165986,2,165986,cumulative,EF_Andreafsky_PinkCounts.xlsx,Sheet1,R85,2002,
2002,EF_Andreafsky,Pink,2002-09-06,09/06,165986,0,165986,cumulative,EF_Andreafsky_PinkCounts.xlsx,Sheet1,R86,2002,
2002,EF_Andreafsky,Pink,2002-09-07,09/07,165986,0,165986,cumulative,EF_Andreafsky_PinkCounts.xlsx,Sheet1,R87,2002,
2002,EF_Andreafsky,Pink,2002-09-08,09/08,165986,0,165986,cumulative,EF_Andreafsky_PinkCounts.xlsx,Sheet1,R88,2002,
2002,EF_Andreafsky,Pink,2002-09-09,09/09,165987,1,165987,cumulative,EF_Andreafsky_PinkCounts.xlsx,Sheet1,R89,2002,
2002,EF_Andreafsky,Pink,2002-09-10,09/10,165987,0,165987,cumulative,EF_Andreafsky_PinkCounts.xlsx,Sheet1,R90,2002,
2002,EF_Andreafsky,Pink,2002-09-11,09/11,165988,1,165988,cumulative,EF_Andreafsky_PinkCounts.xlsx,Sheet1,R91,2002,
2002,EF_Andreafsky,Pink,2002-09-12,09/12,165990,2,165990,cumulative,EF_Andreafsky_PinkCounts.xlsx,Sheet1,R92,2002,
2002,EF_Andreafsky,Pink,2002-09-13,09/13,165990,0,165990,cumulative,EF_Andreafsky_PinkCounts.xlsx,Sheet1,R93,2002,
2002,EF_Andreafsky,Pink,2002-09-14,09/14,165990,0,165990,cumulative,EF_Andreafsky_PinkCounts.xlsx,Sheet1,R94,2002,
2002,pilot,Chinook,2002-06-06,06/06,1092,1092,1092,daily,PilotCounts.xlsx,AllChinook,G11,2002,
2002,pilot,Chinook,2002-06-07,06/07,2089,2089,3181,daily,PilotCounts.xlsx,AllChinook,G12,2002,
2002,pilot,Chinook,2002-06-08,06/08,2044,2044,5225,daily,PilotCounts.xlsx,AllChinook,G13,2002,
2002,pilot,Chinook,2002-06-09,06/09,1599,1599,6824,daily,PilotCounts.xlsx,AllChinook,G14,2002,
2002,pilot,Chinook,2002-06-10,06/10,1231,1231,8055,daily,PilotCounts.xlsx,AllChinook,G15,2002,
2002,pilot,Chinook,2002-06-11,06/11,1919,1919,9974,daily,PilotCounts.xlsx,AllChinook,G16,2002,
2002,pilot,Chinook,2002-06-12,06/12,3112,3112,13086,daily,PilotCounts.xlsx,AllChinook,G17,2002,
2002,pilot,Chinook,2002-06-13,06/13,1222,1222,14308,daily,PilotCounts.xlsx,AllChinook,G18,2002,
2002,pilot,Chinook,2002-06-14,06/14,3689,3689,17997,daily,PilotCounts.xlsx,AllChinook,G19,2002,
2002,pilot,Chinook,2002-06-15,06/15,9928,9928,27925,daily,PilotCounts.xlsx,AllChinook,G20,2002,
2002,pilot,Chinook,2002-06-16,06/16,7528,7528,35453,daily,PilotCounts.xlsx,AllChinook,G21,2002,
2002,pilot,Chinook,2002-06-17,06/17,3561,3561,39014,daily,PilotCounts.xlsx,AllChinook,G22,2002,
2002,pilot,Chinook,2002-06-18,06/18,8346,8346,47360,daily,PilotCounts.xlsx,AllChinook,G23,2002,
2002,pilot,Chinook,2002-06-19,06/19,4761,4761,52121,daily,PilotCounts.xlsx,AllChinook,G24,2002,
2002,pilot,Chinook,2002-06-20,06/20,1568,1568,53689,daily,PilotCounts.xlsx,AllChinook,G25,2002,
2002,pilot,Chinook,2002-06-21,06/21,6791,6791,60480,daily,PilotCounts.xlsx,AllChinook,G26,2002,
2002,pilot,Chinook,2002-06-22,06/22,6029,6029,66509,daily,PilotCounts.xlsx,AllChinook,G27,2002,
2002,pilot,Chinook,2002-06-23,06/23,7812,7812,74321,daily,PilotCounts.xlsx,AllChinook,G28,2002,
2002,pilot,Chinook,2002-06-24,06/24,12950,12950,87271,daily,PilotCounts.xlsx,AllChinook,G29,2002,
2002,pilot,Chinook,2002-06-25,06/25,7607,7607,94878,daily,PilotCounts.xlsx,AllChinook,G30,2002,
2002,pilot,Chinook,2002-06-26,06/26,11155,11155,106033,daily,PilotCounts.xlsx,AllChinook,G31,2002,
2002,pilot,Chinook,2002-06-27,06/27,2944,2944,108977,daily,PilotCounts.xlsx,AllChinook,G32,2002,
2002,pilot,Chinook,2002-06-28,06/28,1174,1174,110151,daily,PilotCounts.xlsx,AllChinook,G33,2002,
2002,pilot,Chinook,2002-06-29,06/29,3274,3274,113425,daily,PilotCounts.xlsx,AllChinook,G34,2002,
2002,pilot,Chinook,2002-06-30,06/30,1815,1815,115240,daily,PilotCounts.xlsx,AllChinook,G35,2002,
2002,pilot,Chinook,2002-07-01,07/01,2270,2270,117510,daily,PilotCounts.xlsx,AllChinook,G36,2002,
2002,pilot,Chinook,2002-07-02,07/02,4046,4046,121556,daily,PilotCounts.xlsx,AllChinook,G37,2002,
2002,pilot,Chinook,2002-07-03,07/03,7432,7432,128988,daily,PilotCounts.xlsx,AllChinook,G38,2002,
2002,pilot,Chinook,2002-07-04,07/04,6630,6630,135618,daily,PilotCounts.xlsx,AllChinook,G39,2002,
2002,pilot,Chinook,2002-07-05,07/05,2750,2750,138368,daily,PilotCounts.xlsx,AllChinook,G40,2002,
2002,pilot,Chinook,2002-07-06,07/06,3499,3499,141867,daily,PilotCounts.xlsx,AllChinook,G41,2002,
2002,pilot,Chinook,2002-07-07,07/07,3158,3158,145025,daily,PilotCounts.xlsx,AllChinook,G42,2002,
2002,pilot,Chinook,2002-07-08,07/08,378,378,145403,daily,PilotCounts.xlsx,AllChinook,G43,2002,
2002,pilot,Chinook,2002-07-09,07/09,81,81,145484,daily,PilotCounts.xlsx,AllChinook,G44,2002,
2002,pilot,Chinook,2002-07-10,07/10,413,413,145897,daily,PilotCounts.xlsx,AllChinook,G45,2002,
2002,pilot,Chinook,2002-07-11,07/11,269,269,146166,daily,PilotCounts.xlsx,AllChinook,G46,2002,
2002,pilot,Chinook,2002-07-12,07/12,85,85,146251,daily,PilotCounts.xlsx,AllChinook,G47,2002,
2002,pilot,Chinook,2002-07-13,07/13,57,57,146308,daily,PilotCounts.xlsx,AllChinook,G48,2002,
2002,pilot,Chinook,2002-07-14,07/14,1733,1733,148041,daily,PilotCounts.xlsx,AllChinook,G49,2002,
2002,pilot,Chinook,2002-07-15,07/15,1457,1457,149498,daily,PilotCounts.xlsx,AllChinook,G50,2002,
2002,pilot,Chinook,2002-07-16,07/16,929,929,150427,daily,PilotCounts.xlsx,AllChinook,G51,2002,
2002,pilot,Chinook,2002-07-17,07/17,0,0,150427,daily,PilotCounts.xlsx,AllChinook,G52,2002,
2002,pilot,Chinook,2002-07-18,07/18,79,79,150506,daily,PilotCounts.xlsx,AllChinook,G53,2002,
2002,pilot,Chinook,2002-07-19,07/19,217,217,150723,daily,PilotCounts.xlsx,AllChinook,G54,2002,
2002,pilot,Chinook,2002-07-20,07/20,0,0,150723,daily,PilotCounts.xlsx,AllChinook,G55,2002,
2002,pilot,Chinook,2002-07-21,07/21,0,0,150723,daily,PilotCounts.xlsx,AllChinook,G56,2002,
2002,pilot,Chinook,2002-07-22,07/22,231,231,150954,daily,PilotCounts.xlsx,AllChinook,G57,2002,
2002,pilot,Chinook,2002-07-23,07/23,58,58,151012,daily,PilotCounts.xlsx,AllChinook,G58,2002,
2002,pilot,Chinook,2002-07-24,07/24,67,67,151079,daily,PilotCounts.xlsx,AllChinook,G59,2002,
2002,pilot,Chinook,2002-07-25,07/25,63,63,151142,daily,PilotCounts.xlsx,AllChinook,G60,2002,
2002,pilot,Chinook,2002-07-26,07/26,87,87,151229,daily,PilotCounts.xlsx,AllChinook,G61,2002,
2002,pilot,Chinook,2002-07-27,07/27,89,89,151318,daily,PilotCounts.xlsx,AllChinook,G62,2002,
2002,pilot,Chinook,2002-07-28,07/28,0,0,151318,daily,PilotCounts.xlsx,AllChinook,G63,2002,
2002,pilot,Chinook,2002-07-29,07/29,0,0,151318,daily,PilotCounts.xlsx,AllChinook,G64,2002,
2002,pilot,Chinook,2002-07-30,07/30,0,0,151318,daily,PilotCounts.xlsx,AllChinook,G65,2002,
2002,pilot,Chinook,2002-07-31,07/31,0,0,151318,daily,PilotCounts.xlsx,AllChinook,G66,2002,
2002,pilot,Chinook,2002-08-01,08/01,64,64,151382,daily,PilotCounts.xlsx,AllChinook,G67,2002,
2002,pilot,Chinook,2002-08-02,08/02,56,56,151438,daily,PilotCounts.xlsx,AllChinook,G68,2002,
2002,pilot,Chinook,2002-08-03,08/03,0,0,151438,daily,PilotCounts.xlsx,AllChinook,G69,2002,
2002,pilot,Chinook,2002-08-04,08/04,0,0,151438,daily,PilotCounts.xlsx,AllChinook,G70,2002,
2002,pilot,Chinook,2002-08-05,08/05,0,0,151438,daily,PilotCounts.xlsx,AllChinook,G71,2002,
2002,pilot,Chinook,2002-08-06,08/06,0,0,151438,daily,PilotCounts.xlsx,AllChinook,G72,2002,
2002,pilot,Chinook,2002-08-07,08/07,0,0,151438,daily,PilotCounts.xlsx,AllChinook,G73,2002,
2002,pilot,Chinook,2002-08-08,08/08,0,0,151438,daily,PilotCounts.xlsx,AllChinook,G74,2002,
2002,pilot,Chinook,2002-08-09,08/09,0,0,151438,daily,PilotCounts.xlsx,AllChinook,G75,2002,
2002,pilot,Chinook,2002-08-10,08/10,57,57,151495,daily,PilotCounts.xlsx,AllChinook,G76,2002,
2002,pilot,Chinook,2002-08-11,08/11,0,0,151495,daily,PilotCounts.xlsx,AllChinook,G77,2002,
2002,pilot,Chinook,2002-08-12,08/12,0,0,151495,daily,PilotCounts.xlsx,AllChinook,G78,2002,
2002,pilot,Chinook,2002-08-13,08/13,0,0,151495,daily,PilotCounts.xlsx,AllChinook,G79,2002,
2002,pilot,Chinook,2002-08-14,08/14,0,0,151495,daily,PilotCounts.xlsx,AllChinook,G80,2002,
2002,pilot,Chinook,2002-08-15,08/15,154,154,151649,daily,PilotCounts.xlsx,AllChinook,G81,2002,
2002,pilot,Chinook,2002-08-16,08/16,64,64,151713,daily,PilotCounts.xlsx,AllChinook,G82,2002,
2002,pilot,Chinook,2002-08-17,08/17,0,0,151713,daily,PilotCounts.xlsx,AllChinook,G83,2002,
2002,pilot,Chinook,2002-08-18,08/18,0,0,151713,daily,PilotCounts.xlsx,AllChinook,G84,2002,
2002,pilot,Chinook,2002-08-19,08/19,0,0,151713,daily,PilotCounts.xlsx,AllChinook,G85,2002,
2002,pilot,Chinook,2002-08-20,08/20,0,0,151713,daily,PilotCounts.xlsx,AllChinook,G86,2002,
2002,pilot,Chinook,2002-08-21,08/21,0,0,151713,daily,PilotCounts.xlsx,AllChinook,G87,2002,
2002,pilot,Chinook,2002-08-22,08/22,0,0,151713,daily,PilotCounts.xlsx,AllChinook,G88,2002,
2002,pilot,Chinook,2002-08-23,08/23,0,0,151713,daily,PilotCounts.xlsx,AllChinook,G89,2002,
2002,pilot,Chinook,2002-08-24,08/24,0,0,151713,daily,PilotCounts.xlsx,AllChinook,G90,2002,
2002,pilot,Chinook,2002-08-25,08/25,0,0,151713,daily,PilotCounts.xlsx,AllChinook,G91,2002,
2002,pilot,Chinook,2002-08-26,08/26,0,0,151713,daily,PilotCounts.xlsx,AllChinook,G92,2002,
2002,pilot,Chinook,2002-08-27,08/27,0,0,151713,daily,PilotCounts.xlsx,AllChinook,G93,2002,
2002,pilot,Chinook,2002-08-28,08/28,0,0,151713,daily,PilotCounts.xlsx,AllChinook,G94,2002,
2002,pilot,Chinook,2002-08-29,08/29,0,0,151713,daily,PilotCounts.xlsx,AllChinook,G95,2002,
2002,pilot,Chinook,2002-08-30,08/30,0,0,151713,daily,PilotCounts.xlsx,AllChinook,G96,2002,
2002,pilot,Chinook,2002-08-31,08/31,0,0,151713,daily,PilotCounts.xlsx,AllChinook,G97,2002,
2002,pilot,Chum,2002-06-06,06/06,3946,3946,3946,daily,PilotCounts.xlsx,AllChum,H11,2002,
2002,pilot,Chum,2002-06-07,06/07,2456,2456,6402,daily,PilotCounts.xlsx,AllChum,H12,2002,
2002,pilot,Chum,2002-06-08,06/08,2449,2449,8851,daily,PilotCounts.xlsx,AllChum,H13,2002,
2002,pilot,Chum,2002-06-09,06/09,5051,5051,13902,daily,PilotCounts.xlsx,AllChum,H14,2002,
2002,pilot,Chum,2002-06-10,06/10,2891,2891,16793,daily,PilotCounts.xlsx,AllChum,H15,2002,
2002,pilot,Chum,2002-06-11,06/11,2925,2925,19718,daily,PilotCounts.xlsx,AllChum,H16,2002,
2002,pilot,Chum,2002-06-12,06/12,3804,3804,23522,daily,PilotCounts.xlsx,AllChum,H17,2002,
2002,pilot,Chum,2002-06-13,06/13,3067,3067,26589,daily,PilotCounts.xlsx,AllChum,H18,2002,
2002,pilot,Chum,2002-06-14,06/14,16330,16330,42919,daily,PilotCounts.xlsx,AllChum,H19,2002,
2002,pilot,Chum,2002-06-15,06/15,58598,58598,101517,daily,PilotCounts.xlsx,AllChum,H20,2002,
2002,pilot,Chum,2002-06-16,06/16,48517,48517,150034,daily,PilotCounts.xlsx,AllChum,H21,2002,
2002,pilot,Chum,2002-06-17,06/17,21544,21544,171578,daily,PilotCounts.xlsx,AllChum,H22,2002,
2002,pilot,Chum,2002-06-18,06/18,46486,46486,218064,daily,PilotCounts.xlsx,AllChum,H23,2002,
2002,pilot,Chum,2002-06-19,06/19,27644,27644,245708,daily,PilotCounts.xlsx,AllChum,H24,2002,
2002,pilot,Chum,2002-06-20,06/20,24878,24878,270586,daily,PilotCounts.xlsx,AllChum,H25,2002,
2002,pilot,Chum,2002-06-21,06/21,31988,31988,302574,daily,PilotCounts.xlsx,AllChum,H26,2002,
2002,pilot,Chum,2002-06-22,06/22,48885,48885,351459,daily,PilotCounts.xlsx,AllChum,H27,2002,
2002,pilot,Chum,2002-06-23,06/23,88037,88037,439496,daily,PilotCounts.xlsx,AllChum,H28,2002,
2002,pilot,Chum,2002-06-24,06/24,76617,76617,516113,daily,PilotCounts.xlsx,AllChum,H29,2002,
2002,pilot,Chum,2002-06-25,06/25,57053,57053,573166,daily,PilotCounts.xlsx,AllChum,H30,2002,
2002,pilot,Chum,2002-06-26,06/26,81610,81610,654776,daily,PilotCounts.xlsx,AllChum,H31,2002,
2002,pilot,Chum,2002-06-27,06/27,71524,71524,726300,daily,PilotCounts.xlsx,AllChum,H32,2002,
2002,pilot,Chum,2002-06-28,06/28,46110,46110,772410,daily,PilotCounts.xlsx,AllChum,H33,2002,
2002,pilot,Chum,2002-06-29,06/29,12005,12005,784415,daily,PilotCounts.xlsx,AllChum,H34,2002,
2002,pilot,Chum,2002-06-30,06/30,7027,7027,791442,daily,PilotCounts.xlsx,AllChum,H35,2002,
2002,pilot,Chum,2002-07-01,07/01,40695,40695,832137,daily,PilotCounts.xlsx,AllChum,H36,2002,
2002,pilot,Chum,2002-07-02,07/02,55448,55448,887585,daily,PilotCounts.xlsx,AllChum,H37,2002,
2002,pilot,Chum,2002-07-03,07/03,28511,28511,916096,daily,PilotCounts.xlsx,AllChum,H38,2002,
2002,pilot,Chum,2002-07-04,07/04,11998,11998,928094,daily,PilotCounts.xlsx,AllChum,H39,2002,
2002,pilot,Chum,2002-07-05,07/05,34092,34092,962186,daily,PilotCounts.xlsx,AllChum,H40,2002,
2002,pilot,Chum,2002-07-06,07/06,24372,24372,986558,daily,PilotCounts.xlsx,AllChum,H41,2002,
2002,pilot,Chum,2002-07-07,07/07,11415,11415,997973,daily,PilotCounts.xlsx,AllChum,H42,2002,
2002,pilot,Chum,2002-07-08,07/08,14186,14186,1012159,daily,PilotCounts.xlsx,AllChum,H43,2002,
2002,pilot,Chum,2002-07-09,07/09,14058,14058,1026217,daily,PilotCounts.xlsx,AllChum,H44,2002,
2002,pilot,Chum,2002-07-10,07/10,15257,15257,1041474,daily,PilotCounts.xlsx,AllChum,H45,2002,
2002,pilot,Chum,2002-07-11,07/11,15998,15998,1057472,daily,PilotCounts.xlsx,AllChum,H46,2002,
2002,pilot,Chum,2002-07-12,07/12,15970,15970,1073442,daily,PilotCounts.xlsx,AllChum,H47,2002,
2002,pilot,Chum,2002-07-13,07/13,4589,4589,1078031,daily,PilotCounts.xlsx,AllChum,H48,2002,
2002,pilot,Chum,2002-07-14,07/14,1948,1948,1079979,daily,PilotCounts.xlsx,AllChum,H49,2002,
2002,pilot,Chum,2002-07-15,07/15,5158,5158,1085137,daily,PilotCounts.xlsx,AllChum,H50,2002,
2002,pilot,Chum,2002-07-16,07/16,4560,4560,1089697,daily,PilotCounts.xlsx,AllChum,H51,2002,
2002,pilot,Chum,2002-07-17,07/17,2767,2767,1092464,daily,PilotCounts.xlsx,AllChum,H52,2002,
2002,pilot,Chum,2002-07-18,07/18,5305,5305,1097769,daily,PilotCounts.xlsx,AllChum,H53,2002,
2002,pilot,Chum,2002-07-19,07/19,9545,9545,1107314,daily,PilotCounts.xlsx,AllChum,H54,2002,
2002,pilot,Chum,2002-07-20,07/20,6445,6445,1113759,daily,PilotCounts.xlsx,AllChum,H55,2002,
2002,pilot,Chum,2002-07-21,07/21,9353,9353,1123112,daily,PilotCounts.xlsx,AllChum,H56,2002,
2002,pilot,Chum,2002-07-22,07/22,4039,4039,1127151,daily,PilotCounts.xlsx,AllChum,H57,2002,
2002,pilot,Chum,2002-07-23,07/23,2391,2391,1129542,daily,PilotCounts.xlsx,AllChum,H58,2002,
2002,pilot,Chum,2002-07-24,07/24,2558,2558,1132100,daily,PilotCounts.xlsx,AllChum,H59,2002,
2002,pilot,Chum,2002-07-25,07/25,2617,2617,1134717,daily,PilotCounts.xlsx,AllChum,H60,2002,
2002,pilot,Chum,2002-07-26,07/26,2832,2832,1137549,daily,PilotCounts.xlsx,AllChum,H61,2002,
2002,pilot,Chum,2002-07-27,07/27,20476,20476,1158025,daily,PilotCounts.xlsx,AllChum,H62,2002,
2002,pilot,Chum,2002-07-28,07/28,26125,26125,1184150,daily,PilotCounts.xlsx,AllChum,H63,2002,
2002,pilot,Chum,2002-07-29,07/29,13970,13970,1198120,daily,PilotCounts.xlsx,AllChum,H64,2002,
2002,pilot,Chum,2002-07-30,07/30,23103,23103,1221223,daily,PilotCounts.xlsx,AllChum,H65,2002,
2002,pilot,Chum,2002-07-31,07/31,8199,8199,1229422,daily,PilotCounts.xlsx,AllChum,H66,2002,
2002,pilot,Chum,2002-08-01,08/01,1388,1388,1230810,daily,PilotCounts.xlsx,AllChum,H67,2002,
2002,pilot,Chum,2002-08-02,08/02,871,871,1231681,daily,PilotCounts.xlsx,AllChum,H68,2002,
2002,pilot,Chum,2002-08-03,08/03,6562,6562,1238243,daily,PilotCounts.xlsx,AllChum,H69,2002,
2002,pilot,Chum,2002-08-04,08/04,4322,4322,1242565,daily,PilotCounts.xlsx,AllChum,H70,2002,
2002,pilot,Chum,2002-08-05,08/05,3022,3022,1245587,daily,PilotCounts.xlsx,AllChum,H71,2002,
2002,pilot,Chum,2002-08-06,08/06,743,743,1246330,daily,PilotCounts.xlsx,AllChum,H72,2002,
2002,pilot,Chum,2002-08-07,08/07,948,948,1247278,daily,PilotCounts.xlsx,AllChum,H73,2002,
2002,pilot,Chum,2002-08-08,08/08,958,958,1248236,daily,PilotCounts.xlsx,AllChum,H74,2002,
2002,pilot,Chum,2002-08-09,08/09,2646,2646,1250882,daily,PilotCounts.xlsx,AllChum,H75,2002,
2002,pilot,Chum,2002-08-10,08/10,5356,5356,1256238,daily,PilotCounts.xlsx,AllChum,H76,2002,
2002,pilot,Chum,2002-08-11,08/11,16628,16628,1272866,daily,PilotCounts.xlsx,AllChum,H77,2002,
2002,pilot,Chum,2002-08-12,08/12,17669,17669,1290535,daily,PilotCounts.xlsx,AllChum,H78,2002,
2002,pilot,Chum,2002-08-13,08/13,11842,11842,1302377,daily,PilotCounts.xlsx,AllChum,H79,2002,
2002,pilot,Chum,2002-08-14,08/14,12842,12842,1315219,daily,PilotCounts.xlsx,AllChum,H80,2002,
2002,pilot,Chum,2002-08-15,08/15,7091,7091,1322310,daily,PilotCounts.xlsx,AllChum,H81,2002,
2002,pilot,Chum,2002-08-16,08/16,3802,3802,1326112,daily,PilotCounts.xlsx,AllChum,H82,2002,
2002,pilot,Chum,2002-08-17,08/17,6358,6358,1332470,daily,PilotCounts.xlsx,AllChum,H83,2002,
2002,pilot,Chum,2002-08-18,08/18,58354,58354,1390824,daily,PilotCounts.xlsx,AllChum,H84,2002,
2002,pilot,Chum,2002-08-19,08/19,34551,34551,1425375,daily,PilotCounts.xlsx,AllChum,H85,2002,
2002,pilot,Chum,2002-08-20,08/20,9780,9780,1435155,daily,PilotCounts.xlsx,AllChum,H86,2002,
2002,pilot,Chum,2002-08-21,08/21,7581,7581,1442736,daily,PilotCounts.xlsx,AllChum,H87,2002,
2002,pilot,Chum,2002-08-22,08/22,2856,2856,1445592,daily,PilotCounts.xlsx,AllChum,H88,2002,
2002,pilot,Chum,2002-08-23,08/23,1620,1620,1447212,daily,PilotCounts.xlsx,AllChum,H89,2002,
2002,pilot,Chum,2002-08-24,08/24,4410,4410,1451622,daily,PilotCounts.xlsx,AllChum,H90,2002,
2002,pilot,Chum,2002-08-25,08/25,4571,4571,1456193,daily,PilotCounts.xlsx,AllChum,H91,2002,
2002,pilot,Chum,2002-08-26,08/26,2929,2929,1459122,daily,PilotCounts.xlsx,AllChum,H92,2002,
2002,pilot,Chum,2002-08-27,08/27,1101,1101,1460223,daily,PilotCounts.xlsx,AllChum,H93,2002,
2002,pilot,Chum,2002-08-28,08/28,867,867,1461090,daily,PilotCounts.xlsx,AllChum,H94,2002,
2002,pilot,Chum,2002-08-29,08/29,1052,1052,1462142,daily,PilotCounts.xlsx,AllChum,H95,2002,
2002,pilot,Chum,2002-08-30,08/30,928,928,1463070,daily,PilotCounts.xlsx,AllChum,H96,2002,
2002,pilot,Chum,2002-08-31,08/31,2585,2585,1465655,daily,PilotCounts.xlsx,AllChum,H97,2002,
2002,pilot,Pink,2002-06-06,06/06,0,,0,cumulative,PilotCounts.xlsx,Pink,H11,2002,
2002,pilot,Pink,2002-06-07,06/07,0,0,0,cumulative,PilotCounts.xlsx,Pink,H12,2002,
2002,pilot,Pink,2002-06-08,06/08,0,0,0,cumulative,PilotCounts.xlsx,Pink,H13,2002,
2002,pilot,Pink,2002-06-09,06/09,0,0,0,cumulative,PilotCounts.xlsx,Pink,H14,2002,
2002,pilot,Pink,2002-06-10,06/10,0,0,0,cumulative,PilotCounts.xlsx,Pink,H15,2002,
2002,pilot,Pink,2002-06-11,06/11,0,0,0,cumulative,PilotCounts.xlsx,Pink,H16,2002,
2002,pilot,Pink,2002-06-12,06/12,0,0,0,cumulative,PilotCounts.xlsx,Pink,H17,2002,
2002,pilot,Pink,2002-06-13,06/13,0,0,0,cumulative,PilotCounts.xlsx,Pink,H18,2002,
2002,pilot,Pink,2002-06-14,06/14,0,0,0,cumulative,PilotCounts.xlsx,Pink,H19,2002,
2002,pilot,Pink,2002-06-15,06/15,0,0,0,cumulative,PilotCounts.xlsx,Pink,H20,2002,
2002,pilot,Pink,2002-06-16,06/16,0,0,0,cumulative,PilotCounts.xlsx,Pink,H21,2002,
2002,pilot,Pink,2002-06-17,06/17,0,0,0,cumulative,PilotCounts.xlsx,Pink,H22,2002,
2002,pilot,Pink,2002-06-18,06/18,0,0,0,cumulative,PilotCounts.xlsx,Pink,H23,2002,
2002,pilot,Pink,2002-06-19,06/19,0,0,0,cumulative,PilotCounts.xlsx,Pink,H24,2002,
2002,pilot,Pink,2002-06-20,06/20,458,458,458,cumulative,PilotCounts.xlsx,Pink,H25,2002,
2002,pilot,Pink,2002-06-21,06/21,1661,1203,1661,cumulative,PilotCounts.xlsx,Pink,H26,2002,
2002,pilot,Pink,2002-06-22,06/22,1984,323,1984,cumulative,PilotCounts.xlsx,Pink,H27,2002,
2002,pilot,Pink,2002-06-23,06/23,3002,1018,3002,cumulative,PilotCounts.xlsx,Pink,H28,2002,
2002,pilot,Pink,2002-06-24,06/24,3260,258,3260,cumulative,PilotCounts.xlsx,Pink,H29,2002,
2002,pilot,Pink,2002-06-25,06/25,10991,7731,10991,cumulative,PilotCounts.xlsx,Pink,H30,2002,
2002,pilot,Pink,2002-06-26,06/26,21560,10569,21560,cumulative,PilotCounts.xlsx,Pink,H31,2002,
2002,pilot,Pink,2002-06-27,06/27,27788,6228,27788,cumulative,PilotCounts.xlsx,Pink,H32,2002,
2002,pilot,Pink,2002-06-28,06/28,31025,3237,31025,cumulative,PilotCounts.xlsx,Pink,H33,2002,
2002,pilot,Pink,2002-06-29,06/29,36353,5328,36353,cumulative,PilotCounts.xlsx,Pink,H34,2002,
2002,pilot,Pink,2002-06-30,06/30,39510,3157,39510,cumulative,PilotCounts.xlsx,Pink,H35,2002,
2002,pilot,Pink,2002-07-01,07/01,41401,1891,41401,cumulative,PilotCounts.xlsx,Pink,H36,2002,
2002,pilot,Pink,2002-07-02,07/02,43522,2121,43522,cumulative,PilotCounts.xlsx,Pink,H37,2002,
2002,pilot,Pink,2002-07-03,07/03,44776,1254,44776,cumulative,PilotCounts.xlsx,Pink,H38,2002,
2002,pilot,Pink,2002-07-04,07/04,51983,7207,51983,cumulative,PilotCounts.xlsx,Pink,H39,2002,
2002,pilot,Pink,2002-07-05,07/05,53052,1069,53052,cumulative,PilotCounts.xlsx,Pink,H40,2002,
2002,pilot,Pink,2002-07-06,07/06,55622,2570,55622,cumulative,PilotCounts.xlsx,Pink,H41,2002,
2002,pilot,Pink,2002-07-07,07/07,60795,5173,60795,cumulative,PilotCounts.xlsx,Pink,H42,2002,
2002,pilot,Pink,2002-07-08,07/08,63758,2963,63758,cumulative,PilotCounts.xlsx,Pink,H43,2002,
2002,pilot,Pink,2002-07-09,07/09,69045,5287,69045,cumulative,PilotCounts.xlsx,Pink,H44,2002,
2002,pilot,Pink,2002-07-10,07/10,74450,5405,74450,cumulative,PilotCounts.xlsx,Pink,H45,2002,
2002,pilot,Pink,2002-07-11,07/11,77699,3249,77699,cumulative,PilotCounts.xlsx,Pink,H46,2002,
2002,pilot,Pink,2002-07-12,07/12,80955,3256,80955,cumulative,PilotCounts.xlsx,Pink,H47,2002,
2002,pilot,Pink,2002-07-13,07/13,86284,5329,86284,cumulative,PilotCounts.xlsx,Pink,H48,2002,
2002,pilot,Pink,2002-07-14,07/14,91208,4924,91208,cumulative,PilotCounts.xlsx,Pink,H49,2002,
2002,pilot,Pink,2002-07-15,07/15,94397,3189,94397,cumulative,PilotCounts.xlsx,Pink,H50,2002,
2002,pilot,Pink,2002-07-16,07/16,98577,4180,98577,cumulative,PilotCounts.xlsx,Pink,H51,2002,
2002,pilot,Pink,2002-07-17,07/17,102373,3796,102373,cumulative,PilotCounts.xlsx,Pink,H52,2002,
2002,pilot,Pink,2002-07-18,07/18,105528,3155,105528,cumulative,PilotCounts.xlsx,Pink,H53,2002,
2002,pilot,Pink,2002-07-19,07/19,110359,4831,110359,cumulative,PilotCounts.xlsx,Pink,H54,2002,
2002,pilot,Pink,2002-07-20,07/20,112248,1889,112248,cumulative,PilotCounts.xlsx,Pink,H55,2002,
2002,pilot,Pink,2002-07-21,07/21,114586,2338,114586,cumulative,PilotCounts.xlsx,Pink,H56,2002,
2002,pilot,Pink,2002-07-22,07/22,115512,926,115512,cumulative,PilotCounts.xlsx,Pink,H57,2002,
2002,pilot,Pink,2002-07-23,07/23,116099,587,116099,cumulative,PilotCounts.xlsx,Pink,H58,2002,
2002,pilot,Pink,2002-07-24,07/24,116763,664,116763,cumulative,PilotCounts.xlsx,Pink,H59,2002,
2002,pilot,Pink,2002-07-25,07/25,117373,610,117373,cumulative,PilotCounts.xlsx,Pink,H60,2002,
2002,pilot,Pink,2002-07-26,07/26,118575,1202,118575,cumulative,PilotCounts.xlsx,Pink,H61,2002,
2002,pilot,Pink,2002-07-27,07/27,119432,857,119432,cumulative,PilotCounts.xlsx,Pink,H62,2002,
2002,pilot,Pink,2002-07-28,07/28,119729,297,119729,cumulative,PilotCounts.xlsx,Pink,H63,2002,
2002,pilot,Pink,2002-07-29,07/29,121590,1861,121590,cumulative,PilotCounts.xlsx,Pink,H64,2002,
2002,pilot,Pink,2002-07-30,07/30,121590,0,121590,cumulative,PilotCounts.xlsx,Pink,H65,2002,
2002,pilot,Pink,2002-07-31,07/31,121590,0,121590,cumulative,PilotCounts.xlsx,Pink,H66,2002,
2002,pilot,Pink,2002-08-01,08/01,122132,542,122132,cumulative,PilotCounts.xlsx,Pink,H67,2002,
2002,pilot,Pink,2002-08-02,08/02,122407,275,122407,cumulative,PilotCounts.xlsx,Pink,H68,2002,
2002,pilot,Pink,2002-08-03,08/03,122407,0,122407,cumulative,PilotCounts.xlsx,Pink,H69,2002,
2002,pilot,Pink,2002-08-04,08/04,122551,144,122551,cumulative,PilotCounts.xlsx,Pink,H70,2002,
2002,pilot,Pink,2002-08-05,08/05,122551,0,122551,cumulative,PilotCounts.xlsx,Pink,H71,2002,
2002,pilot,Pink,2002-08-06,08/06,122809,258,122809,cumulative,PilotCounts.xlsx,Pink,H72,2002,
2002,pilot,Pink,2002-08-07,08/07,123037,228,123037,cumulative,PilotCounts.xlsx,Pink,H73,2002,
2002,pilot,Pink,2002-08-08,08/08,123206,169,123206,cumulative,PilotCounts.xlsx,Pink,H74,2002,
2002,pilot,Pink,2002-08-09,08/09,123206,0,123206,cumulative,PilotCounts.xlsx,Pink,H75,2002,
2002,pilot,Pink,2002-08-10,08/10,123315,109,123315,cumulative,PilotCounts.xlsx,Pink,H76,2002,
2002,pilot,Pink,2002-08-11,08/11,123315,0,123315,cumulative,PilotCounts.xlsx,Pink,H77,2002,
2002,pilot,Pink,2002-08-12,08/12,123315,0,123315,cumulative,PilotCounts.xlsx,Pink,H78,2002,
2002,pilot,Pink,2002-08-13,08/13,123550,235,123550,cumulative,PilotCounts.xlsx,Pink,H79,2002,
2002,pilot,Pink,2002-08-14,08/14,123550,0,123550,cumulative,PilotCounts.xlsx,Pink,H80,2002,
2002,pilot,Pink,2002-08-15,08/15,123698,148,123698,cumulative,PilotCounts.xlsx,Pink,H81,2002,
2002,pilot,Pink,2002-08-16,08/16,123698,0,123698,cumulative,PilotCounts.xlsx,Pink,H82,2002,
2002,pilot,Pink,2002-08-17,08/17,123698,0,123698,cumulative,PilotCounts.xlsx,Pink,H83,2002,
2002,pilot,Pink,2002-08-18,08/18,123698,0,123698,cumulative,PilotCounts.xlsx,Pink,H84,2002,
2002,pilot,Pink,2002-08-19,08/19,123698,0,123698,cumulative,PilotCounts.xlsx,Pink,H85,2002,
2002,pilot,Pink,2002-08-20,08/20,123698,0,123698,cumulative,PilotCounts.xlsx,Pink,H86,2002,
2002,pilot,Pink,2002-08-21,08/21,123698,0,123698,cumulative,PilotCounts.xlsx,Pink,H87,2002,
2002,pilot,Pink,2002-08-22,08/22,123698,0,123698,cumulative,PilotCounts.xlsx,Pink,H88,2002,
2002,pilot,Pink,2002-08-23,08/23,123698,0,123698,cumulative,PilotCounts.xlsx,Pink,H89,2002,
2002,pilot,Pink,2002-08-24,08/24,123698,0,123698,cumulative,PilotCounts.xlsx,Pink,H90,2002,
2002,pilot,Pink,2002-08-25,08/25,123698,0,123698,cumulative,PilotCounts.xlsx,Pink,H91,2002,
2002,pilot,Pink,2002-08-26,08/26,123698,0,123698,cumulative,PilotCounts.xlsx,Pink,H92,2002,
2002,pilot,Pink,2002-08-27,08/27,123698,0,123698,cumulative,PilotCounts.xlsx,Pink,H93,2002,
2002,pilot,Pink,2002-08-28,08/28,123698,0,123698,cumulative,PilotCounts.xlsx,Pink,H94,2002,
2002,pilot,Pink,2002-08-29,08/29,123698,0,123698,cumulative,PilotCounts.xlsx,Pink,H95,2002,
2002,pilot,Pink,2002-08-30,08/30,123698,0,123698,cumulative,PilotCounts.xlsx,Pink,H96,2002,
2002,pilot,Pink,2002-08-31,08/31,123698,0,123698,cumulative,PilotCounts.xlsx,Pink,H97,2002,
2003,EF_Andreafsky,Pink,2003-06-19,06/19,0,,0,cumulative,EF_Andreafsky_PinkCounts.xlsx,Sheet1,S7,2003,
2003,EF_Andreafsky,Pink,2003-06-20,06/20,0,0,0,cumulative,EF_Andreafsky_PinkCounts.xlsx,Sheet1,S8,2003,
2003,EF_Andreafsky,Pink,2003-06-21,06/21,0,0,0,cumulative,EF_Andreafsky_PinkCounts.xlsx,Sheet1,S9,2003,
2003,EF_Andreafsky,Pink,2003-06-22,06/22,0,0,0,cumulative,EF_Andreafsky_PinkCounts.xlsx,Sheet1,S10,2003,
2003,EF_Andreafsky,Pink,2003-06-23,06/23,0,0,0,cumulative,EF_Andreafsky_PinkCounts.xlsx,Sheet1,S11,2003,
2003,EF_Andreafsky,Pink,2003-06-24,06/24,0,0,0,cumulative,EF_Andreafsky_PinkCounts.xlsx,Sheet1,S12,2003,
2003,EF_Andreafsky,Pink,2003-06-25,06/25,3,3,3,cumulative,EF_Andreafsky_PinkCounts.xlsx,Sheet1,S13,2003,
2003,EF_Andreafsky,Pink,2003-06-26,06/26,3,0,3,cumulative,EF_Andreafsky_PinkCounts.xlsx,Sheet1,S14,2003,
2003,EF_Andreafsky,Pink,2003-06-27,06/27,9,6,9,cumulative,EF_Andreafsky_PinkCounts.xlsx,Sheet1,S15,2003,
2003,EF_Andreafsky,Pink,2003-06-28,06/28,13,4,13,cumulative,EF_Andreafsky_PinkCounts.xlsx,Sheet1,S16,2003,
2003,EF_Andreafsky,Pink,2003-06-29,06/29,16,3,16,cumulative,EF_Andreafsky_PinkCounts.xlsx,Sheet1,S17,2003,
2003,EF_Andreafsky,Pink,2003-06-30,06/30,16,0,16,cumulative,EF_Andreafsky_PinkCounts.xlsx,Sheet1,S18,2003,
2003,EF_Andreafsky,Pink,2003-07-01,07/01,32,16,32,cumulative,EF_Andreafsky_PinkCounts.xlsx,Sheet1,S19,2003,
2003,EF_Andreafsky,Pink,2003-07-02,07/02,44,12,44,cumulative,EF_Andreafsky_PinkCounts.xlsx,Sheet1,S20,2003,
2003,EF_Andreafsky,Pink,2003-07-03,07/03,57,13,57,cumulative,EF_Andreafsky_PinkCounts.xlsx,Sheet1,S21,2003,
2003,EF_Andreafsky,Pink,2003-07-04,07/04,70,13,70,cumulative,EF_Andreafsky_PinkCounts.xlsx,Sheet1,S22,2003,
2003,EF_Andreafsky,Pink,2003-07-05,07/05,86,16,86,cumulative,EF_Andreafsky_PinkCounts.xlsx,Sheet1,S23,2003,
2003,EF_Andreafsky,Pink,2003-07-06,07/06,110,24,110,cumulative,EF_Andreafsky_PinkCounts.xlsx,Sheet1,S24,2003,
2003,EF_Andreafsky,Pink,2003-07-07,07/07,204,94,204,cumulative,EF_Andreafsky_PinkCounts.xlsx,Sheet1,S25,2003,
2003,EF_Andreafsky,Pink,2003-07-08,07/08,376,172,376,cumulative,EF_Andreafsky_PinkCounts.xlsx,Sheet1,S26,2003,
2003,EF_Andreafsky,Pink,2003-07-09,07/09,635,259,635,cumulative,EF_Andreafsky_PinkCounts.xlsx,Sheet1,S27,2003,
2003,EF_Andreafsky,Pink,2003-07-10,07/10,651,16,651,cumulative,EF_Andreafsky_PinkCounts.xlsx,Sheet1,S28,2003,
2003,EF_Andreafsky,Pink,2003-07-11,07/11,694,43,694,cumulative,EF_Andreafsky_PinkCounts.xlsx,Sheet1,S29,2003,
2003,EF_Andreafsky,Pink,2003-07-12,07/12,879,185,879,cumulative,EF_Andreafsky_PinkCounts.xlsx,Sheet1,S30,2003,
2003,EF_Andreafsky,Pink,2003-07-13,07/13,1052,173,1052,cumulative,EF_Andreafsky_PinkCounts.xlsx,Sheet1,S31,2003,
2003,EF_Andreafsky,Pink,2003-07-14,07/14,1241,189,1241,cumulative,EF_Andreafsky_PinkCounts.xlsx,Sheet1,S32,2003,
2003,EF_Andreafsky,Pink,2003-07-15,07/15,1269,28,1269,cumulative,EF_Andreafsky_PinkCounts.xlsx,Sheet1,S33,2003,
2003,EF_Andreafsky,Pink,2003-07-16,07/16,1282,13,1282,cumulative,EF_Andreafsky_PinkCounts.xlsx,Sheet1,S34,2003,
2003,EF_Andreafsky,Pink,2003-07-17,07/17,1378,96,1378,cumulative,EF_Andreafsky_PinkCounts.xlsx,Sheet1,S35,2003,
2003,EF_Andreafsky,Pink,2003-07-18,07/18,2080,702,2080,cumulative,EF_Andreafsky_PinkCounts.xlsx,Sheet1,S36,2003,
2003,EF_Andreafsky,Pink,2003-07-19,07/19,2539,459,2539,cumulative,EF_Andreafsky_PinkCounts.xlsx,Sheet1,S37,2003,
2003,EF_Andreafsky,Pink,2003-07-20,07/20,2827,288,2827,cumulative,EF_Andreafsky_PinkCounts.xlsx,Sheet1,S38,2003,
2003,EF_Andreafsky,Pink,2003-07-21,07/21,2925,98,2925,cumulative,EF_Andreafsky_PinkCounts.xlsx,Sheet1,S39,2003,
2003,EF_Andreafsky,Pink,2003-07-22,07/22,2943,18,2943,cumulative,EF_Andreafsky_PinkCounts.xlsx,Sheet1,S40,2003,
2003,EF_Andreafsky,Pink,2003-07-23,07/23,3050,107,3050,cumulative,EF_Andreafsky_PinkCounts.xlsx,Sheet1,S41,2003,
2003,EF_Andreafsky,Pink,2003-07-24,07/24,3157,107,3157,cumulative,EF_Andreafsky_PinkCounts.xlsx,Sheet1,S42,2003,
2003,EF_Andreafsky,Pink,2003-07-25,07/25,3281,124,3281,cumulative,EF_Andreafsky_PinkCounts.xlsx,Sheet1,S43,2003,
2003,EF_Andreafsky,Pink,2003-07-26,07/26,3324,43,3324,cumulative,EF_Andreafsky_PinkCounts.xlsx,Sheet1,S44,2003,
2003,EF_Andreafsky,Pink,2003-07-27,07/27,3371,47,3371,cumulative,EF_Andreafsky_PinkCounts.xlsx,Sheet1,S45,2003,
2003,EF_Andreafsky,Pink,2003-07-28,07/28,3501,130,3501,cumulative,EF_Andreafsky_PinkCounts.xlsx,Sheet1,S46,2003,
2003,EF_Andreafsky,Pink,2003-07-29,07/29,3641,140,3641,cumulative,EF_Andreafsky_PinkCounts.xlsx,Sheet1,S47,2003,
2003,EF_Andreafsky,Pink,2003-07-30,07/30,3670,29,3670,cumulative,EF_Andreafsky_PinkCounts.xlsx,Sheet1,S48,2003,
2003,EF_Andreafsky,Pink,2003-07-31,07/31,3735,65,3735,cumulative,EF_Andreafsky_PinkCounts.xlsx,Sheet1,S49,2003,
2003,EF_Andreafsky,Pink,2003-08-01,08/01,3804,69,3804,cumulative,EF_Andreafsky_PinkCounts.xlsx,Sheet1,S50,2003,
2003,EF_Andreafsky,Pink,2003-08-02,08/02,3858,54,3858,cumulative,EF_Andreafsky_PinkCounts.xlsx,Sheet1,S51,2003,
2003,EF_Andreafsky,Pink,2003-08-03,08/03,3891,33,3891,cumulative,EF_Andreafsky_PinkCounts.xlsx,Sheet1,S52,2003,
2003,EF_Andreafsky,Pink,2003-08-04,08/04,3925,34,3925,cumulative,EF_Andreafsky_PinkCounts.xlsx,Sheet1,S53,2003,
2003,EF_Andreafsky,Pink,2003-08-05,08/05,3960,35,3960,cumulative,EF_Andreafsky_PinkCounts.xlsx,Sheet1,S54,2003,
2003,EF_Andreafsky,Pink,2003-08-06,08/06,3977,17,3977,cumulative,EF_Andreafsky_PinkCounts.xlsx,Sheet1,S55,2003,
2003,EF_Andreafsky,Pink,2003-08-07,08/07,3997,20,3997,cumulative,EF_Andreafsky_PinkCounts.xlsx,Sheet1,S56,2003,
2003,EF_Andreafsky,Pink,2003-08-08,08/08,4006,9,4006,cumulative,EF_Andreafsky_PinkCounts.xlsx,Sheet1,S57,2003,
2003,EF_Andreafsky,Pink,2003-08-09,08/09,4014,8,4014,cumulative,EF_Andreafsky_PinkCounts.xlsx,Sheet1,S58,2003,
2003,EF_Andreafsky,Pink,2003-08-10,08/10,4023,9,4023,cumulative,EF_Andreafsky_PinkCounts.xlsx,Sheet1,S59,2003,
2003,EF_Andreafsky,Pink,2003-08-11,08/11,4029,6,4029,cumulative,EF_Andreafsky_PinkCounts.xlsx,Sheet1,S60,2003,
2003,EF_Andreafsky,Pink,2003-08-12,08/12,4039,10,4039,cumulative,EF_Andreafsky_PinkCounts.xlsx,Sheet1,S61,2003,
2003,EF_Andreafsky,Pink,2003-08-13,08/13,4053,14,4053,cumulative,EF_Andreafsky_PinkCounts.xlsx,Sheet1,S62,2003,
2003,EF_Andreafsky,Pink,2003-08-14,08/14,4074,21,4074,cumulative,EF_Andreafsky_PinkCounts.xlsx,Sheet1,S63,2003,
2003,EF_Andreafsky,Pink,2003-08-15,08/15,4090,16,4090,cumulative,EF_Andreafsky_PinkCounts.xlsx,Sheet1,S64,2003,
2003,EF_Andreafsky,Pink,2003-08-16,08/16,4101,11,4101,cumulative,EF_Andreafsky_PinkCounts.xlsx,Sheet1,S65,2003,
2003,EF_Andreafsky,Pink,2003-08-17,08/17,4107,6,4107,cumulative,EF_Andreafsky_PinkCounts.xlsx,Sheet1,S66,2003,
2003,EF_Andreafsky,Pink,2003-08-18,08/18,4108,1,4108,cumulative,EF_Andreafsky_PinkCounts.xlsx,Sheet1,S67,2003,
2003,EF_Andreafsky,Pink,2003-08-19,08/19,4122,14,4122,cumulative,EF_Andreafsky_PinkCounts.xlsx,Sheet1,S68,2003,
2003,EF_Andreafsky,Pink,2003-08-20,08/20,4140,18,4140,cumulative,EF_Andreafsky_PinkCounts.xlsx,Sheet1,S69,2003,
2003,EF_Andreafsky,Pink,2003-08-21,08/21,4150,10,4150,cumulative,EF_Andreafsky_PinkCounts.xlsx,Sheet1,S70,2003,
2003,EF_Andreafsky,Pink,2003-08-22,08/22,4158,8,4158,cumulative,EF_Andreafsky_PinkCounts.xlsx,Sheet1,S71,2003,
2003,EF_Andreafsky,Pink,2003-08-23,08/23,4170,12,4170,cumulative,EF_Andreafsky_PinkCounts.xlsx,Sheet1,S72,2003,
2003,EF_Andreafsky,Pink,2003-08-24,08/24,4183,13,4183,cumulative,EF_Andreafsky_PinkCounts.xlsx,Sheet1,S73,2003,
2003,EF_Andreafsky,Pink,2003-08-25,08/25,4193,10,4193,cumulative,EF_Andreafsky_PinkCounts.xlsx,Sheet1,S74,2003,
2003,EF_Andreafsky,Pink,2003-08-26,08/26,4202,9,4202,cumulative,EF_Andreafsky_PinkCounts.xlsx,Sheet1,S75,2003,
2003,EF_Andreafsky,Pink,2003-08-27,08/27,4204,2,4204,cumulative,EF_Andreafsky_PinkCounts.xlsx,Sheet1,S76,2003,
2003,EF_Andreafsky,Pink,2003-08-28,08/28,4208,4,4208,cumulative,EF_Andreafsky_PinkCounts.xlsx,Sheet1,S77,2003,
2003,EF_Andreafsky,Pink,2003-08-29,08/29,4211,3,4211,cumulative,EF_Andreafsky_PinkCounts.xlsx,Sheet1,S78,2003,
2003,EF_Andreafsky,Pink,2003-08-30,08/30,4212,1,4212,cumulative,EF_Andreafsky_PinkCounts.xlsx,Sheet1,S79,2003,
2003,EF_Andreafsky,Pink,2003-08-31,08/31,4212,0,4212,cumulative,EF_Andreafsky_PinkCounts.xlsx,Sheet1,S80,2003,
2003,EF_Andreafsky,Pink,2003-09-01,09/01,4222,10,4222,cumulative,EF_Andreafsky_PinkCounts.xlsx,Sheet1,S81,2003,
2003,EF_Andreafsky,Pink,2003-09-02,09/02,4224,2,4224,cumulative,EF_Andreafsky_PinkCounts.xlsx,Sheet1,S82,2003,
2003,EF_Andreafsky,Pink,2003-09-03,09/03,4230,6,4230,cumulative,EF_Andreafsky_PinkCounts.xlsx,Sheet1,S83,2003,
2003,EF_Andreafsky,Pink,2003-09-04,09/04,4238,8,4238,cumulative,EF_Andreafsky_PinkCounts.xlsx,Sheet1,S84,2003,
2003,EF_Andreafsky,Pink,2003-09-05,09/05,4243,5,4243,cumulative,EF_Andreafsky_PinkCounts.xlsx,Sheet1,S85,2003,
2003,EF_Andreafsky,Pink,2003-09-06,09/06,4247,4,4247,cumulative,EF_Andreafsky_PinkCounts.xlsx,Sheet1,S86,2003,
2003,EF_Andreafsky,Pink,2003-09-07,09/07,4255,8,4255,cumulative,EF_Andreafsky_PinkCounts.xlsx,Sheet1,S87,2003,
2003,EF_Andreafsky,Pink,2003-09-08,09/08,4267,12,4267,cumulative,EF_Andreafsky_PinkCounts.xlsx,Sheet1,S88,2003,
2003,EF_Andreafsky,Pink,2003-09-09,09/09,4274,7,4274,cumulative,EF_Andreafsky_PinkCounts.xlsx,Sheet1,S89,2003,
2003,EF_Andreafsky,Pink,2003-09-10,09/10,4279,5,4279,cumulative,EF_Andreafsky_PinkCounts.xlsx,Sheet1,S90,2003,
2003,EF_Andreafsky,Pink,2003-09-11,09/11,4285,6,4285,cumulative,EF_Andreafsky_PinkCounts.xlsx,Sheet1,S91,2003,
2003,EF_Andreafsky,Pink,2003-09-12,09/12,4289,4,4289,cumulative,EF_Andreafsky_PinkCounts.xlsx,Sheet1,S92,2003,
2003,EF_Andreafsky,Pink,2003-09-13,09/13,4296,7,4296,cumulative,EF_Andreafsky_PinkCounts.xlsx,Sheet1,S93,2003,
2003,EF_Andreafsky,Pink,2003-09-14,09/14,4299,3,4299,cumulative,EF_Andreafsky_PinkCounts.xlsx,Sheet1,S94,2003,
2003,EF_Andreafsky,Pink,2003-09-15,09/15,4303,4,4303,cumulative,EF_Andreafsky_PinkCounts.xlsx,Sheet1,S95,2003,
2003,pilot,Chinook,2003-06-05,06/05,697,697,697,daily,PilotCounts.xlsx,AllChinook,H10,2003,
2003,pilot,Chinook,2003-06-06,06/06,8170,8170,8867,daily,PilotCounts.xlsx,AllChinook,H11,2003,
2003,pilot,Chinook,2003-06-07,06/07,7008,7008,15875,daily,PilotCounts.xlsx,AllChinook,H12,2003,
2003,pilot,Chinook,2003-06-08,06/08,10702,10702,26577,daily,PilotCounts.xlsx,AllChinook,H13,2003,
2003,pilot,Chinook,2003-06-09,06/09,3660,3660,30237,daily,PilotCounts.xlsx,AllChinook,H14,2003,
2003,pilot,Chinook,2003-06-10,06/10,8466,8466,38703,daily,PilotCounts.xlsx,AllChinook,H15,2003,
2003,pilot,Chinook,2003-06-11,06/11,6583,6583,45286,daily,PilotCounts.xlsx,AllChinook,H16,2003,
2003,pilot,Chinook,2003-06-12,06/12,5321,5321,50607,daily,PilotCounts.xlsx,AllChinook,H17,2003,
2003,pilot,Chinook,2003-06-13,06/13,16496,16496,67103,daily,PilotCounts.xlsx,AllChinook,H18,2003,
2003,pilot,Chinook,2003-06-14,06/14,42266,42266,109369,daily,PilotCounts.xlsx,AllChinook,H19,2003,
2003,pilot,Chinook,2003-06-15,06/15,23596,23596,132965,daily,PilotCounts.xlsx,AllChinook,H20,2003,
2003,pilot,Chinook,2003-06-16,06/16,9938,9938,142903,daily,PilotCounts.xlsx,AllChinook,H21,2003,
2003,pilot,Chinook,2003-06-17,06/17,14269,14269,157172,daily,PilotCounts.xlsx,AllChinook,H22,2003,
2003,pilot,Chinook,2003-06-18,06/18,14115,14115,171287,daily,PilotCounts.xlsx,AllChinook,H23,2003,
2003,pilot,Chinook,2003-06-19,06/19,6037,6037,177324,daily,PilotCounts.xlsx,AllChinook,H24,2003,
2003,pilot,Chinook,2003-06-20,06/20,6943,6943,184267,daily,PilotCounts.xlsx,AllChinook,H25,2003,
2003,pilot,Chinook,2003-06-21,06/21,6476,6476,190743,daily,PilotCounts.xlsx,AllChinook,H26,2003,
2003,pilot,Chinook,2003-06-22,06/22,7657,7657,198400,daily,PilotCounts.xlsx,AllChinook,H27,2003,
2003,pilot,Chinook,2003-06-23,06/23,13040,13040,211440,daily,PilotCounts.xlsx,AllChinook,H28,2003,
2003,pilot,Chinook,2003-06-24,06/24,6294,6294,217734,daily,PilotCounts.xlsx,AllChinook,H29,2003,
2003,pilot,Chinook,2003-06-25,06/25,5507,5507,223241,daily,PilotCounts.xlsx,AllChinook,H30,2003,
2003,pilot,Chinook,2003-06-26,06/26,8938,8938,232179,daily,PilotCounts.xlsx,AllChinook,H31,2003,
2003,pilot,Chinook,2003-06-27,06/27,5909,5909,238088,daily,PilotCounts.xlsx,AllChinook,H32,2003,
2003,pilot,Chinook,2003-06-28,06/28,5294,5294,243382,daily,PilotCounts.xlsx,AllChinook,H33,2003,
2003,pilot,Chinook,2003-06-29,06/29,5160,5160,248542,daily,PilotCounts.xlsx,AllChinook,H34,2003,
2003,pilot,Chinook,2003-06-30,06/30,3391,3391,251933,daily,PilotCounts.xlsx,AllChinook,H35,2003,
2003,pilot,Chinook,2003-07-01,07/01,12735,12735,264668,daily,PilotCounts.xlsx,AllChinook,H36,2003,
2003,pilot,Chinook,2003-07-02,07/02,7243,7243,271911,daily,PilotCounts.xlsx,AllChinook,H37,2003,
2003,pilot,Chinook,2003-07-03,07/03,13817,13817,285728,daily,PilotCounts.xlsx,AllChinook,H38,2003,
2003,pilot,Chinook,2003-07-04,07/04,10008,10008,295736,daily,PilotCounts.xlsx,AllChinook,H39,2003,
2003,pilot,Chinook,2003-07-05,07/05,3676,3676,299412,daily,PilotCounts.xlsx,AllChinook,H40,2003,
2003,pilot,Chinook,2003-07-06,07/06,2913,2913,302325,daily,PilotCounts.xlsx,AllChinook,H41,2003,
2003,pilot,Chinook,2003-07-07,07/07,2706,2706,305031,daily,PilotCounts.xlsx,AllChinook,H42,2003,
2003,pilot,Chinook,2003-07-08,07/08,2316,2316,307347,daily,PilotCounts.xlsx,AllChinook,H43,2003,
2003,pilot,Chinook,2003-07-09,07/09,2043,2043,309390,daily,PilotCounts.xlsx,AllChinook,H44,2003,
2003,pilot,Chinook,2003-07-10,07/10,735,735,310125,daily,PilotCounts.xlsx,AllChinook,H45,2003,
2003,pilot,Chinook,2003-07-11,07/11,858,858,310983,daily,PilotCounts.xlsx,AllChinook,H46,2003,
2003,pilot,Chinook,2003-07-12,07/12,566,566,311549,daily,PilotCounts.xlsx,AllChinook,H47,2003,
2003,pilot,Chinook,2003-07-13,07/13,182,182,311731,daily,PilotCounts.xlsx,AllChinook,H48,2003,
2003,pilot,Chinook,2003-07-14,07/14,0,0,311731,daily,PilotCounts.xlsx,AllChinook,H49,2003,
2003,pilot,Chinook,2003-07-15,07/15,0,0,311731,daily,PilotCounts.xlsx,AllChinook,H50,2003,
2003,pilot,Chinook,2003-07-16,07/16,0,0,311731,daily,PilotCounts.xlsx,AllChinook,H51,2003,
2003,pilot,Chinook,2003-07-17,07/17,278,278,312009,daily,PilotCounts.xlsx,AllChinook,H52,2003,
2003,pilot,Chinook,2003-07-18,07/18,759,759,312768,daily,PilotCounts.xlsx,AllChinook,H53,2003,
2003,pilot,Chinook,2003-07-19,07/19,110,110,312878,daily,PilotCounts.xlsx,AllChinook,H54,2003,
2003,pilot,Chinook,2003-07-20,07/20,262,262,313140,daily,PilotCounts.xlsx,AllChinook,H55,2003,
2003,pilot,Chinook,2003-07-21,07/21,540,540,313680,daily,PilotCounts.xlsx,AllChinook,H56,2003,
2003,pilot,Chinook,2003-07-22,07/22,1233,1233,314913,daily,PilotCounts.xlsx,AllChinook,H57,2003,
2003,pilot,Chinook,2003-07-23,07/23,1201,1201,316114,daily,PilotCounts.xlsx,AllChinook,H58,2003,
2003,pilot,Chinook,2003-07-24,07/24,391,391,316505,daily,PilotCounts.xlsx,AllChinook,H59,2003,
2003,pilot,Chinook,2003-07-25,07/25,400,400,316905,daily,PilotCounts.xlsx,AllChinook,H60,2003,
2003,pilot,Chinook,2003-07-26,07/26,0,0,316905,daily,PilotCounts.xlsx,AllChinook,H61,2003,
2003,pilot,Chinook,2003-07-27,07/27,288,288,317193,daily,PilotCounts.xlsx,AllChinook,H62,2003,
2003,pilot,Chinook,2003-07-28,07/28,234,234,317427,daily,PilotCounts.xlsx,AllChinook,H63,2003,
2003,pilot,Chinook,2003-07-29,07/29,0,0,317427,daily,PilotCounts.xlsx,AllChinook,H64,2003,
2003,pilot,Chinook,2003-07-30,07/30,212,212,317639,daily,PilotCounts.xlsx,AllChinook,H65,2003,
2003,pilot,Chinook,2003-07-31,07/31,0,0,317639,daily,PilotCounts.xlsx,AllChinook,H66,2003,
2003,pilot,Chinook,2003-08-01,08/01,0,0,317639,daily,PilotCounts.xlsx,AllChinook,H67,2003,
2003,pilot,Chinook,2003-08-02,08/02,152,152,317791,daily,PilotCounts.xlsx,AllChinook,H68,2003,
2003,pilot,Chinook,2003-08-03,08/03,0,0,317791,daily,PilotCounts.xlsx,AllChinook,H69,2003,
2003,pilot,Chinook,2003-08-04,08/04,0,0,317791,daily,PilotCounts.xlsx,AllChinook,H70,2003,
2003,pilot,Chinook,2003-08-05,08/05,0,0,317791,daily,PilotCounts.xlsx,AllChinook,H71,2003,
2003,pilot,Chinook,2003-08-06,08/06,297,297,318088,daily,PilotCounts.xlsx,AllChinook,H72,2003,
2003,pilot,Chinook,2003-08-07,08/07,0,0,318088,daily,PilotCounts.xlsx,AllChinook,H73,2003,
2003,pilot,Chinook,2003-08-08,08/08,0,0,318088,daily,PilotCounts.xlsx,AllChinook,H74,2003,
2003,pilot,Chinook,2003-08-09,08/09,0,0,318088,daily,PilotCounts.xlsx,AllChinook,H75,2003,
2003,pilot,Chinook,2003-08-10,08/10,0,0,318088,daily,PilotCounts.xlsx,AllChinook,H76,2003,
2003,pilot,Chinook,2003-08-11,08/11,0,0,318088,daily,PilotCounts.xlsx,AllChinook,H77,2003,
2003,pilot,Chinook,2003-08-12,08/12,0,0,318088,daily,PilotCounts.xlsx,AllChinook,H78,2003,
2003,pilot,Chinook,2003-08-13,08/13,0,0,318088,daily,PilotCounts.xlsx,AllChinook,H79,2003,
2003,pilot,Chinook,2003-08-14,08/14,0,0,318088,daily,PilotCounts.xlsx,AllChinook,H80,2003,
2003,pilot,Chinook,2003-08-15,08/15,0,0,318088,daily,PilotCounts.xlsx,AllChinook,H81,2003,
2003,pilot,Chinook,2003-08-16,08/16,0,0,318088,daily,PilotCounts.xlsx,AllChinook,H82,2003,
2003,pilot,Chinook,2003-08-17,08/17,0,0,318088,daily,PilotCounts.xlsx,AllChinook,H83,2003,
2003,pilot,Chinook,2003-08-18,08/18,0,0,318088,daily,PilotCounts.xlsx,AllChinook,H84,2003,
2003,pilot,Chinook,2003-08-19,08/19,0,0,318088,daily,PilotCounts.xlsx,AllChinook,H85,2003,
2003,pilot,Chinook,2003-08-20,08/20,0,0,318088,daily,PilotCounts.xlsx,AllChinook,H86,2003,
2003,pilot,Chinook,2003-08-21,08/21,0,0,318088,daily,PilotCounts.xlsx,AllChinook,H87,2003,
2003,pilot,Chinook,2003-08-22,08/22,0,0,318088,daily,PilotCounts.xlsx,AllChinook,H88,2003,
2003,pilot,Chinook,2003-08-23,08/23,0,0,318088,daily,PilotCounts.xlsx,AllChinook,H89,2003,
2003,pilot,Chinook,2003-08-24,08/24,0,0,318088,daily,PilotCounts.xlsx,AllChinook,H90,2003,
2003,pilot,Chinook,2003-08-25,08/25,0,0,318088,daily,PilotCounts.xlsx,AllChinook,H91,2003,
2003,pilot,Chinook,2003-08-26,08/26,0,0,318088,daily,PilotCounts.xlsx,AllChinook,H92,2003,
2003,pilot,Chinook,2003-08-27,08/27,0,0,318088,daily,PilotCounts.xlsx,AllChinook,H93,2003,
2003,pilot,Chinook,2003-08-28,08/28,0,0,318088,daily,PilotCounts.xlsx,AllChinook,H94,2003,
2003,pilot,Chinook,2003-08-29,08/29,0,0,318088,daily,PilotCounts.xlsx,AllChinook,H95,2003,
2003,pilot,Chinook,2003-08-30,08/30,0,0,318088,daily,PilotCounts.xlsx,AllChinook,H96,2003,
2003,pilot,Chinook,2003-08-31,08/31,0,0,318088,daily,PilotCounts.xlsx,AllChinook,H97,2003,
2003,pilot,Chum,2003-06-05,06/05,2067,2067,2067,daily,PilotCounts.xlsx,AllChum,I10,2003,
2003,pilot,Chum,2003-06-06,06/06,6110,6110,8177,daily,PilotCounts.xlsx,AllChum,I11,2003,
2003,pilot,Chum,2003-06-07,06/07,4699,4699,12876,daily,PilotCounts.xlsx,AllChum,I12,2003,
2003,pilot,Chum,2003-06-08,06/08,1444,1444,14320,daily,PilotCounts.xlsx,AllChum,I13,2003,
2003,pilot,Chum,2003-06-09,06/09,4347,4347,18667,daily,PilotCounts.xlsx,AllChum,I14,2003,
2003,pilot,Chum,2003-06-10,06/10,1591,1591,20258,daily,PilotCounts.xlsx,AllChum,I15,2003,
2003,pilot,Chum,2003-06-11,06/11,416,416,20674,daily,PilotCounts.xlsx,AllChum,I16,2003,
2003,pilot,Chum,2003-06-12,06/12,336,336,21010,daily,PilotCounts.xlsx,AllChum,I17,2003,
2003,pilot,Chum,2003-06-13,06/13,171,171,21181,daily,PilotCounts.xlsx,AllChum,I18,2003,
2003,pilot,Chum,2003-06-14,06/14,13017,13017,34198,daily,PilotCounts.xlsx,AllChum,I19,2003,
2003,pilot,Chum,2003-06-15,06/15,36645,36645,70843,daily,PilotCounts.xlsx,AllChum,I20,2003,
2003,pilot,Chum,2003-06-16,06/16,37239,37239,108082,daily,PilotCounts.xlsx,AllChum,I21,2003,
2003,pilot,Chum,2003-06-17,06/17,23427,23427,131509,daily,PilotCounts.xlsx,AllChum,I22,2003,
2003,pilot,Chum,2003-06-18,06/18,24801,24801,156310,daily,PilotCounts.xlsx,AllChum,I23,2003,
2003,pilot,Chum,2003-06-19,06/19,22815,22815,179125,daily,PilotCounts.xlsx,AllChum,I24,2003,
2003,pilot,Chum,2003-06-20,06/20,19690,19690,198815,daily,PilotCounts.xlsx,AllChum,I25,2003,
2003,pilot,Chum,2003-06-21,06/21,11735,11735,210550,daily,PilotCounts.xlsx,AllChum,I26,2003,
2003,pilot,Chum,2003-06-22,06/22,15721,15721,226271,daily,PilotCounts.xlsx,AllChum,I27,2003,
2003,pilot,Chum,2003-06-23,06/23,34908,34908,261179,daily,PilotCounts.xlsx,AllChum,I28,2003,
2003,pilot,Chum,2003-06-24,06/24,38543,38543,299722,daily,PilotCounts.xlsx,AllChum,I29,2003,
2003,pilot,Chum,2003-06-25,06/25,15132,15132,314854,daily,PilotCounts.xlsx,AllChum,I30,2003,
2003,pilot,Chum,2003-06-26,06/26,24065,24065,338919,daily,PilotCounts.xlsx,AllChum,I31,2003,
2003,pilot,Chum,2003-06-27,06/27,74110,74110,413029,daily,PilotCounts.xlsx,AllChum,I32,2003,
2003,pilot,Chum,2003-06-28,06/28,33318,33318,446347,daily,PilotCounts.xlsx,AllChum,I33,2003,
2003,pilot,Chum,2003-06-29,06/29,21597,21597,467944,daily,PilotCounts.xlsx,AllChum,I34,2003,
2003,pilot,Chum,2003-06-30,06/30,33250,33250,501194,daily,PilotCounts.xlsx,AllChum,I35,2003,
2003,pilot,Chum,2003-07-01,07/01,89637,89637,590831,daily,PilotCounts.xlsx,AllChum,I36,2003,
2003,pilot,Chum,2003-07-02,07/02,125687,125687,716518,daily,PilotCounts.xlsx,AllChum,I37,2003,
2003,pilot,Chum,2003-07-03,07/03,65669,65669,782187,daily,PilotCounts.xlsx,AllChum,I38,2003,
2003,pilot,Chum,2003-07-04,07/04,37875,37875,820062,daily,PilotCounts.xlsx,AllChum,I39,2003,
2003,pilot,Chum,2003-07-05,07/05,43143,43143,863205,daily,PilotCounts.xlsx,AllChum,I40,2003,
2003,pilot,Chum,2003-07-06,07/06,37521,37521,900726,daily,PilotCounts.xlsx,AllChum,I41,2003,
2003,pilot,Chum,2003-07-07,07/07,30985,30985,931711,daily,PilotCounts.xlsx,AllChum,I42,2003,
2003,pilot,Chum,2003-07-08,07/08,25812,25812,957523,daily,PilotCounts.xlsx,AllChum,I43,2003,
2003,pilot,Chum,2003-07-09,07/09,15876,15876,973399,daily,PilotCounts.xlsx,AllChum,I44,2003,
2003,pilot,Chum,2003-07-10,07/10,14556,14556,987955,daily,PilotCounts.xlsx,AllChum,I45,2003,
2003,pilot,Chum,2003-07-11,07/11,23548,23548,1011503,daily,PilotCounts.xlsx,AllChum,I46,2003,
2003,pilot,Chum,2003-07-12,07/12,27608,27608,1039111,daily,PilotCounts.xlsx,AllChum,I47,2003,
2003,pilot,Chum,2003-07-13,07/13,49293,49293,1088404,daily,PilotCounts.xlsx,AllChum,I48,2003,
2003,pilot,Chum,2003-07-14,07/14,23399,23399,1111803,daily,PilotCounts.xlsx,AllChum,I49,2003,
2003,pilot,Chum,2003-07-15,07/15,13645,13645,1125448,daily,PilotCounts.xlsx,AllChum,I50,2003,
2003,pilot,Chum,2003-07-16,07/16,15719,15719,1141167,daily,PilotCounts.xlsx,AllChum,I51,2003,
2003,pilot,Chum,2003-07-17,07/17,22047,22047,1163214,daily,PilotCounts.xlsx,AllChum,I52,2003,
2003,pilot,Chum,2003-07-18,07/18,19795,19795,1183009,daily,PilotCounts.xlsx,AllChum,I53,2003,
2003,pilot,Chum,2003-07-19,07/19,12163,12163,1195172,daily,PilotCounts.xlsx,AllChum,I54,2003,
2003,pilot,Chum,2003-07-20,07/20,15537,15537,1210709,daily,PilotCounts.xlsx,AllChum,I55,2003,
2003,pilot,Chum,2003-07-21,07/21,12449,12449,1223158,daily,PilotCounts.xlsx,AllChum,I56,2003,
2003,pilot,Chum,2003-07-22,07/22,7493,7493,1230651,daily,PilotCounts.xlsx,AllChum,I57,2003,
2003,pilot,Chum,2003-07-23,07/23,7400,7400,1238051,daily,PilotCounts.xlsx,AllChum,I58,2003,
2003,pilot,Chum,2003-07-24,07/24,23038,23038,1261089,daily,PilotCounts.xlsx,AllChum,I59,2003,
2003,pilot,Chum,2003-07-25,07/25,22055,22055,1283144,daily,PilotCounts.xlsx,AllChum,I60,2003,
2003,pilot,Chum,2003-07-26,07/26,17194,17194,1300338,daily,PilotCounts.xlsx,AllChum,I61,2003,
2003,pilot,Chum,2003-07-27,07/27,7932,7932,1308270,daily,PilotCounts.xlsx,AllChum,I62,2003,
2003,pilot,Chum,2003-07-28,07/28,6116,6116,1314386,daily,PilotCounts.xlsx,AllChum,I63,2003,
2003,pilot,Chum,2003-07-29,07/29,35243,35243,1349629,daily,PilotCounts.xlsx,AllChum,I64,2003,
2003,pilot,Chum,2003-07-30,07/30,30536,30536,1380165,daily,PilotCounts.xlsx,AllChum,I65,2003,
2003,pilot,Chum,2003-07-31,07/31,26640,26640,1406805,daily,PilotCounts.xlsx,AllChum,I66,2003,
2003,pilot,Chum,2003-08-01,08/01,17171,17171,1423976,daily,PilotCounts.xlsx,AllChum,I67,2003,
2003,pilot,Chum,2003-08-02,08/02,13684,13684,1437660,daily,PilotCounts.xlsx,AllChum,I68,2003,
2003,pilot,Chum,2003-08-03,08/03,7659,7659,1445319,daily,PilotCounts.xlsx,AllChum,I69,2003,
2003,pilot,Chum,2003-08-04,08/04,5214,5214,1450533,daily,PilotCounts.xlsx,AllChum,I70,2003,
2003,pilot,Chum,2003-08-05,08/05,48930,48930,1499463,daily,PilotCounts.xlsx,AllChum,I71,2003,
2003,pilot,Chum,2003-08-06,08/06,105766,105766,1605229,daily,PilotCounts.xlsx,AllChum,I72,2003,
2003,pilot,Chum,2003-08-07,08/07,35888,35888,1641117,daily,PilotCounts.xlsx,AllChum,I73,2003,
2003,pilot,Chum,2003-08-08,08/08,10829,10829,1651946,daily,PilotCounts.xlsx,AllChum,I74,2003,
2003,pilot,Chum,2003-08-09,08/09,3542,3542,1655488,daily,PilotCounts.xlsx,AllChum,I75,2003,
2003,pilot,Chum,2003-08-10,08/10,894,894,1656382,daily,PilotCounts.xlsx,AllChum,I76,2003,
2003,pilot,Chum,2003-08-11,08/11,3102,3102,1659484,daily,PilotCounts.xlsx,AllChum,I77,2003,
2003,pilot,Chum,2003-08-12,08/12,4628,4628,1664112,daily,PilotCounts.xlsx,AllChum,I78,2003,
2003,pilot,Chum,2003-08-13,08/13,10924,10924,1675036,daily,PilotCounts.xlsx,AllChum,I79,2003,
2003,pilot,Chum,2003-08-14,08/14,25317,25317,1700353,daily,PilotCounts.xlsx,AllChum,I80,2003,
2003,pilot,Chum,2003-08-15,08/15,9915,9915,1710268,daily,PilotCounts.xlsx,AllChum,I81,2003,
2003,pilot,Chum,2003-08-16,08/16,47308,47308,1757576,daily,PilotCounts.xlsx,AllChum,I82,2003,
2003,pilot,Chum,2003-08-17,08/17,125031,125031,1882607,daily,PilotCounts.xlsx,AllChum,I83,2003,
2003,pilot,Chum,2003-08-18,08/18,102875,102875,1985482,daily,PilotCounts.xlsx,AllChum,I84,2003,
2003,pilot,Chum,2003-08-19,08/19,27831,27831,2013313,daily,PilotCounts.xlsx,AllChum,I85,2003,
2003,pilot,Chum,2003-08-20,08/20,13929,13929,2027242,daily,PilotCounts.xlsx,AllChum,I86,2003,
2003,pilot,Chum,2003-08-21,08/21,7138,7138,2034380,daily,PilotCounts.xlsx,AllChum,I87,2003,
2003,pilot,Chum,2003-08-22,08/22,2057,2057,2036437,daily,PilotCounts.xlsx,AllChum,I88,2003,
2003,pilot,Chum,2003-08-23,08/23,6290,6290,2042727,daily,PilotCounts.xlsx,AllChum,I89,2003,
2003,pilot,Chum,2003-08-24,08/24,17331,17331,2060058,daily,PilotCounts.xlsx,AllChum,I90,2003,
2003,pilot,Chum,2003-08-25,08/25,10260,10260,2070318,daily,PilotCounts.xlsx,AllChum,I91,2003,
2003,pilot,Chum,2003-08-26,08/26,13587,13587,2083905,daily,PilotCounts.xlsx,AllChum,I92,2003,
2003,pilot,Chum,2003-08-27,08/27,12281,12281,2096186,daily,PilotCounts.xlsx,AllChum,I93,2003,
2003,pilot,Chum,2003-08-28,08/28,3793,3793,2099979,daily,PilotCounts.xlsx,AllChum,I94,2003,
2003,pilot,Chum,2003-08-29,08/29,3976,3976,2103955,daily,PilotCounts.xlsx,AllChum,I95,2003,
2003,pilot,Chum,2003-08-30,08/30,1949,1949,2105904,daily,PilotCounts.xlsx,AllChum,I96,2003,
2003,pilot,Chum,2003-08-31,08/31,645,645,2106549,daily,PilotCounts.xlsx,AllChum,I97,2003,
2003,pilot,Pink,2003-06-05,06/05,0,,0,cumulative,PilotCounts.xlsx,Pink,I10,2003,
2003,pilot,Pink,2003-06-06,06/06,0,0,0,cumulative,PilotCounts.xlsx,Pink,I11,2003,
2003,pilot,Pink,2003-06-07,06/07,0,0,0,cumulative,PilotCounts.xlsx,Pink,I12,2003,
2003,pilot,Pink,2003-06-08,06/08,0,0,0,cumulative,PilotCounts.xlsx,Pink,I13,2003,
2003,pilot,Pink,2003-06-09,06/09,0,0,0,cumulative,PilotCounts.xlsx,Pink,I14,2003,
2003,pilot,Pink,2003-06-10,06/10,0,0,0,cumulative,PilotCounts.xlsx,Pink,I15,2003,
2003,pilot,Pink,2003-06-11,06/11,0,0,0,cumulative,PilotCounts.xlsx,Pink,I16,2003,
2003,pilot,Pink,2003-06-12,06/12,0,0,0,cumulative,PilotCounts.xlsx,Pink,I17,2003,
2003,pilot,Pink,2003-06-13,06/13,0,0,0,cumulative,PilotCounts.xlsx,Pink,I18,2003,
2003,pilot,Pink,2003-06-14,06/14,0,0,0,cumulative,PilotCounts.xlsx,Pink,I19,2003,
2003,pilot,Pink,2003-06-15,06/15,0,0,0,cumulative,PilotCounts.xlsx,Pink,I20,2003,
2003,pilot,Pink,2003-06-16,06/16,0,0,0,cumulative,PilotCounts.xlsx,Pink,I21,2003,
2003,pilot,Pink,2003-06-17,06/17,0,0,0,cumulative,PilotCounts.xlsx,Pink,I22,2003,
2003,pilot,Pink,2003-06-18,06/18,0,0,0,cumulative,PilotCounts.xlsx,Pink,I23,2003,
2003,pilot,Pink,2003-06-19,06/19,0,0,0,cumulative,PilotCounts.xlsx,Pink,I24,2003,
2003,pilot,Pink,2003-06-20,06/20,0,0,0,cumulative,PilotCounts.xlsx,Pink,I25,2003,
2003,pilot,Pink,2003-06-21,06/21,0,0,0,cumulative,PilotCounts.xlsx,Pink,I26,2003,
2003,pilot,Pink,2003-06-22,06/22,0,0,0,cumulative,PilotCounts.xlsx,Pink,I27,2003,
2003,pilot,Pink,2003-06-23,06/23,0,0,0,cumulative,PilotCounts.xlsx,Pink,I28,2003,
2003,pilot,Pink,2003-06-24,06/24,0,0,0,cumulative,PilotCounts.xlsx,Pink,I29,2003,
2003,pilot,Pink,2003-06-25,06/25,0,0,0,cumulative,PilotCounts.xlsx,Pink,I30,2003,
2003,pilot,Pink,2003-06-26,06/26,0,0,0,cumulative,PilotCounts.xlsx,Pink,I31,2003,
2003,pilot,Pink,2003-06-27,06/27,0,0,0,cumulative,PilotCounts.xlsx,Pink,I32,2003,
2003,pilot,Pink,2003-06-28,06/28,0,0,0,cumulative,PilotCounts.xlsx,Pink,I33,2003,
2003,pilot,Pink,2003-06-29,06/29,277,277,277,cumulative,PilotCounts.xlsx,Pink,I34,2003,
2003,pilot,Pink,2003-06-30,06/30,277,0,277,cumulative,PilotCounts.xlsx,Pink,I35,2003,
2003,pilot,Pink,2003-07-01,07/01,277,0,277,cumulative,PilotCounts.xlsx,Pink,I36,2003,
2003,pilot,Pink,2003-07-02,07/02,1183,906,1183,cumulative,PilotCounts.xlsx,Pink,I37,2003,
2003,pilot,Pink,2003-07-03,07/03,1183,0,1183,cumulative,PilotCounts.xlsx,Pink,I38,2003,
2003,pilot,Pink,2003-07-04,07/04,1183,0,1183,cumulative,PilotCounts.xlsx,Pink,I39,2003,
2003,pilot,Pink,2003-07-05,07/05,1183,0,1183,cumulative,PilotCounts.xlsx,Pink,I40,2003,
2003,pilot,Pink,2003-07-06,07/06,1290,107,1290,cumulative,PilotCounts.xlsx,Pink,I41,2003,
2003,pilot,Pink,2003-07-07,07/07,1597,307,1597,cumulative,PilotCounts.xlsx,Pink,I42,2003,
2003,pilot,Pink,2003-07-08,07/08,1846,249,1846,cumulative,PilotCounts.xlsx,Pink,I43,2003,
2003,pilot,Pink,2003-07-09,07/09,2194,348,2194,cumulative,PilotCounts.xlsx,Pink,I44,2003,
2003,pilot,Pink,2003-07-10,07/10,2675,481,2675,cumulative,PilotCounts.xlsx,Pink,I45,2003,
2003,pilot,Pink,2003-07-11,07/11,2987,312,2987,cumulative,PilotCounts.xlsx,Pink,I46,2003,
2003,pilot,Pink,2003-07-12,07/12,4223,1236,4223,cumulative,PilotCounts.xlsx,Pink,I47,2003,
2003,pilot,Pink,2003-07-13,07/13,4359,136,4359,cumulative,PilotCounts.xlsx,Pink,I48,2003,
2003,pilot,Pink,2003-07-14,07/14,6802,2443,6802,cumulative,PilotCounts.xlsx,Pink,I49,2003,
2003,pilot,Pink,2003-07-15,07/15,7225,423,7225,cumulative,PilotCounts.xlsx,Pink,I50,2003,
2003,pilot,Pink,2003-07-16,07/16,7588,363,7588,cumulative,PilotCounts.xlsx,Pink,I51,2003,
2003,pilot,Pink,2003-07-17,07/17,7588,0,7588,cumulative,PilotCounts.xlsx,Pink,I52,2003,
2003,pilot,Pink,2003-07-18,07/18,7588,0,7588,cumulative,PilotCounts.xlsx,Pink,I53,2003,
2003,pilot,Pink,2003-07-19,07/19,7588,0,7588,cumulative,PilotCounts.xlsx,Pink,I54,2003,
2003,pilot,Pink,2003-07-20,07/20,7899,311,7899,cumulative,PilotCounts.xlsx,Pink,I55,2003,
2003,pilot,Pink,2003-07-21,07/21,8075,176,8075,cumulative,PilotCounts.xlsx,Pink,I56,2003,
2003,pilot,Pink,2003-07-22,07/22,8812,737,8812,cumulative,PilotCounts.xlsx,Pink,I57,2003,
2003,pilot,Pink,2003-07-23,07/23,9561,749,9561,cumulative,PilotCounts.xlsx,Pink,I58,2003,
2003,pilot,Pink,2003-07-24,07/24,9837,276,9837,cumulative,PilotCounts.xlsx,Pink,I59,2003,
2003,pilot,Pink,2003-07-25,07/25,9837,0,9837,cumulative,PilotCounts.xlsx,Pink,I60,2003,
2003,pilot,Pink,2003-07-26,07/26,9837,0,9837,cumulative,PilotCounts.xlsx,Pink,I61,2003,
2003,pilot,Pink,2003-07-27,07/27,9837,0,9837,cumulative,PilotCounts.xlsx,Pink,I62,2003,
2003,pilot,Pink,2003-07-28,07/28,9837,0,9837,cumulative,PilotCounts.xlsx,Pink,I63,2003,
2003,pilot,Pink,2003-07-29,07/29,9837,0,9837,cumulative,PilotCounts.xlsx,Pink,I64,2003,
2003,pilot,Pink,2003-07-30,07/30,10101,264,10101,cumulative,PilotCounts.xlsx,Pink,I65,2003,
2003,pilot,Pink,2003-07-31,07/31,10101,0,10101,cumulative,PilotCounts.xlsx,Pink,I66,2003,
2003,pilot,Pink,2003-08-01,08/01,10101,0,10101,cumulative,PilotCounts.xlsx,Pink,I67,2003,
2003,pilot,Pink,2003-08-02,08/02,10101,0,10101,cumulative,PilotCounts.xlsx,Pink,I68,2003,
2003,pilot,Pink,2003-08-03,08/03,10547,446,10547,cumulative,PilotCounts.xlsx,Pink,I69,2003,
2003,pilot,Pink,2003-08-04,08/04,10966,419,10966,cumulative,PilotCounts.xlsx,Pink,I70,2003,
2003,pilot,Pink,2003-08-05,08/05,10966,0,10966,cumulative,PilotCounts.xlsx,Pink,I71,2003,
2003,pilot,Pink,2003-08-06,08/06,10966,0,10966,cumulative,PilotCounts.xlsx,Pink,I72,2003,
2003,pilot,Pink,2003-08-07,08/07,11227,261,11227,cumulative,PilotCounts.xlsx,Pink,I73,2003,
2003,pilot,Pink,2003-08-08,08/08,11370,143,11370,cumulative,PilotCounts.xlsx,Pink,I74,2003,
2003,pilot,Pink,2003-08-09,08/09,11370,0,11370,cumulative,PilotCounts.xlsx,Pink,I75,2003,
2003,pilot,Pink,2003-08-10,08/10,11370,0,11370,cumulative,PilotCounts.xlsx,Pink,I76,2003,
2003,pilot,Pink,2003-08-11,08/11,11370,0,11370,cumulative,PilotCounts.xlsx,Pink,I77,2003,
2003,pilot,Pink,2003-08-12,08/12,11370,0,11370,cumulative,PilotCounts.xlsx,Pink,I78,2003,
2003,pilot,Pink,2003-08-13,08/13,11370,0,11370,cumulative,PilotCounts.xlsx,Pink,I79,2003,
2003,pilot,Pink,2003-08-14,08/14,11370,0,11370,cumulative,PilotCounts.xlsx,Pink,I80,2003,
2003,pilot,Pink,2003-08-15,08/15,11370,0,11370,cumulative,PilotCounts.xlsx,Pink,I81,2003,
2003,pilot,Pink,2003-08-16,08/16,11370,0,11370,cumulative,PilotCounts.xlsx,Pink,I82,2003,
2003,pilot,Pink,2003-08-17,08/17,11370,0,11370,cumulative,PilotCounts.xlsx,Pink,I83,2003,
2003,pilot,Pink,2003-08-18,08/18,11370,0,11370,cumulative,PilotCounts.xlsx,Pink,I84,2003,
2003,pilot,Pink,2003-08-19,08/19,11370,0,11370,cumulative,PilotCounts.xlsx,Pink,I85,2003,
2003,pilot,Pink,2003-08-20,08/20,11370,0,11370,cumulative,PilotCounts.xlsx,Pink,I86,2003,
2003,pilot,Pink,2003-08-21,08/21,11370,0,11370,cumulative,PilotCounts.xlsx,Pink,I87,2003,
2003,pilot,Pink,2003-08-22,08/22,11370,0,11370,cumulative,PilotCounts.xlsx,Pink,I88,2003,
2003,pilot,Pink,2003-08-23,08/23,11370,0,11370,cumulative,PilotCounts.xlsx,Pink,I89,2003,
2003,pilot,Pink,2003-08-24,08/24,11370,0,11370,cumulative,PilotCounts.xlsx,Pink,I90,2003,
2003,pilot,Pink,2003-08-25,08/25,11370,0,11370,cumulative,PilotCounts.xlsx,Pink,I91,2003,
2003,pilot,Pink,2003-08-26,08/26,11370,0,11370,cumulative,PilotCounts.xlsx,Pink,I92,2003,
2003,pilot,Pink,2003-08-27,08/27,11370,0,11370,cumulative,PilotCounts.xlsx,Pink,I93,2003,
2003,pilot,Pink,2003-08-28,08/28,11370,0,11370,cumulative,PilotCounts.xlsx,Pink,I94,2003,
2003,pilot,Pink,2003-08-29,08/29,11370,0,11370,cumulative,PilotCounts.xlsx,Pink,I95,2003,
2003,pilot,Pink,2003-08-30,08/30,11370,0,11370,cumulative,PilotCounts.xlsx,Pink,I96,2003,
2003,pilot,Pink,2003-08-31,08/31,11370,0,11370,cumulative,PilotCounts.xlsx,Pink,I97,2003,
2004,Anvik,Pink,2004-06-22,06/22,0,,0,cumulative,Anvik_PinkCounts.xlsx,Sheet1,AF10,2004,
2004,Anvik,Pink,2004-06-23,06/23,0,0,0,cumulative,Anvik_PinkCounts.xlsx,Sheet1,AF11,2004,
2004,Anvik,Pink,2004-06-24,06/24,0,0,0,cumulative,Anvik_PinkCounts.xlsx,Sheet1,AF12,2004,
2004,Anvik,Pink,2004-06-25,06/25,0,0,0,cumulative,Anvik_PinkCounts.xlsx,Sheet1,AF13,2004,
2004,Anvik,Pink,2004-06-26,06/26,0,0,0,cumulative,Anvik_PinkCounts.xlsx,Sheet1,AF14,2004,
2004,Anvik,Pink,2004-06-27,06/27,0,0,0,cumulative,Anvik_PinkCounts.xlsx,Sheet1,AF15,2004,
2004,Anvik,Pink,2004-06-28,06/28,0,0,0,cumulative,Anvik_PinkCounts.xlsx,Sheet1,AF16,2004,
2004,Anvik,Pink,2004-06-29,06/29,0,0,0,cumulative,Anvik_PinkCounts.xlsx,Sheet1,AF17,2004,
2004,Anvik,Pink,2004-06-30,06/30,0,0,0,cumulative,Anvik_PinkCounts.xlsx,Sheet1,AF18,2004,
2004,Anvik,Pink,2004-07-01,07/01,0,0,0,cumulative,Anvik_PinkCounts.xlsx,Sheet1,AF19,2004,
2004,Anvik,Pink,2004-07-02,07/02,0,0,0,cumulative,Anvik_PinkCounts.xlsx,Sheet1,AF20,2004,
2004,Anvik,Pink,2004-07-03,07/03,0,0,0,cumulative,Anvik_PinkCounts.xlsx,Sheet1,AF21,2004,
2004,Anvik,Pink,2004-07-04,07/04,0,0,0,cumulative,Anvik_PinkCounts.xlsx,Sheet1,AF22,2004,
2004,Anvik,Pink,2004-07-05,07/05,22,22,22,cumulative,Anvik_PinkCounts.xlsx,Sheet1,AF23,2004,
2004,Anvik,Pink,2004-07-06,07/06,22,0,22,cumulative,Anvik_PinkCounts.xlsx,Sheet1,AF24,2004,
2004,Anvik,Pink,2004-07-07,07/07,22,0,22,cumulative,Anvik_PinkCounts.xlsx,Sheet1,AF25,2004,
2004,Anvik,Pink,2004-07-08,07/08,26,4,26,cumulative,Anvik_PinkCounts.xlsx,Sheet1,AF26,2004,
2004,Anvik,Pink,2004-07-09,07/09,26,0,26,cumulative,Anvik_PinkCounts.xlsx,Sheet1,AF27,2004,
2004,Anvik,Pink,2004-07-10,07/10,26,0,26,cumulative,Anvik_PinkCounts.xlsx,Sheet1,AF28,2004,
2004,Anvik,Pink,2004-07-11,07/11,197,171,197,cumulative,Anvik_PinkCounts.xlsx,Sheet1,AF29,2004,
2004,Anvik,Pink,2004-07-12,07/12,265,68,265,cumulative,Anvik_PinkCounts.xlsx,Sheet1,AF30,2004,
2004,Anvik,Pink,2004-07-13,07/13,316,51,316,cumulative,Anvik_PinkCounts.xlsx,Sheet1,AF31,2004,
2004,Anvik,Pink,2004-07-14,07/14,496,180,496,cumulative,Anvik_PinkCounts.xlsx,Sheet1,AF32,2004,
2004,Anvik,Pink,2004-07-15,07/15,576,80,576,cumulative,Anvik_PinkCounts.xlsx,Sheet1,AF33,2004,
2004,Anvik,Pink,2004-07-16,07/16,904,328,904,cumulative,Anvik_PinkCounts.xlsx,Sheet1,AF34,2004,
2004,Anvik,Pink,2004-07-17,07/17,1547,643,1547,cumulative,Anvik_PinkCounts.xlsx,Sheet1,AF35,2004,
2004,Anvik,Pink,2004-07-18,07/18,1926,379,1926,cumulative,Anvik_PinkCounts.xlsx,Sheet1,AF36,2004,
2004,Anvik,Pink,2004-07-19,07/19,2393,467,2393,cumulative,Anvik_PinkCounts.xlsx,Sheet1,AF37,2004,
2004,Anvik,Pink,2004-07-20,07/20,2741,348,2741,cumulative,Anvik_PinkCounts.xlsx,Sheet1,AF38,2004,
2004,Anvik,Pink,2004-07-21,07/21,3281,540,3281,cumulative,Anvik_PinkCounts.xlsx,Sheet1,AF39,2004,
2004,Anvik,Pink,2004-07-22,07/22,3518,237,3518,cumulative,Anvik_PinkCounts.xlsx,Sheet1,AF40,2004,
2004,Anvik,Pink,2004-07-23,07/23,3919,401,3919,cumulative,Anvik_PinkCounts.xlsx,Sheet1,AF41,2004,
2004,Anvik,Pink,2004-07-24,07/24,4061,142,4061,cumulative,Anvik_PinkCounts.xlsx,Sheet1,AF42,2004,
2004,Anvik,Pink,2004-07-25,07/25,4512,451,4512,cumulative,Anvik_PinkCounts.xlsx,Sheet1,AF43,2004,
2004,Anvik,Pink,2004-07-26,07/26,4512,0,4512,cumulative,Anvik_PinkCounts.xlsx,Sheet1,AF44,2004,
2004,EF_Andreafsky,Pink,2004-06-23,06/23,19,,19,cumulative,EF_Andreafsky_PinkCounts.xlsx,Sheet1,T11,2004,
2004,EF_Andreafsky,Pink,2004-06-24,06/24,34,15,34,cumulative,EF_Andreafsky_PinkCounts.xlsx,Sheet1,T12,2004,
2004,EF_Andreafsky,Pink,2004-06-25,06/25,58,24,58,cumulative,EF_Andreafsky_PinkCounts.xlsx,Sheet1,T13,2004,
2004,EF_Andreafsky,Pink,2004-06-26,06/26,160,102,160,cumulative,EF_Andreafsky_PinkCounts.xlsx,Sheet1,T14,2004,
2004,EF_Andreafsky,Pink,2004-06-27,06/27,349,189,349,cumulative,EF_Andreafsky_PinkCounts.xlsx,Sheet1,T15,2004,
2004,EF_Andreafsky,Pink,2004-06-28,06/28,690,341,690,cumulative,EF_Andreafsky_PinkCounts.xlsx,Sheet1,T16,2004,
2004,EF_Andreafsky,Pink,2004-06-29,06/29,1064,374,1064,cumulative,EF_Andreafsky_PinkCounts.xlsx,Sheet1,T17,2004,
2004,EF_Andreafsky,Pink,2004-06-30,06/30,2735,1671,2735,cumulative,EF_Andreafsky_PinkCounts.xlsx,Sheet1,T18,2004,
2004,EF_Andreafsky,Pink,2004-07-01,07/01,3784,1049,3784,cumulative,EF_Andreafsky_PinkCounts.xlsx,Sheet1,T19,2004,
2004,EF_Andreafsky,Pink,2004-07-02,07/02,3924,140,3924,cumulative,EF_Andreafsky_PinkCounts.xlsx,Sheet1,T20,2004,
2004,EF_Andreafsky,Pink,2004-07-03,07/03,5110,1186,5110,cumulative,EF_Andreafsky_PinkCounts.xlsx,Sheet1,T21,2004,
2004,EF_Andreafsky,Pink,2004-07-04,07/04,7437,2327,7437,cumulative,EF_Andreafsky_PinkCounts.xlsx,Sheet1,T22,2004,
2004,EF_Andreafsky,Pink,2004-07-05,07/05,12612,5175,12612,cumulative,EF_Andreafsky_PinkCounts.xlsx,Sheet1,T23,2004,
2004,EF_Andreafsky,Pink,2004-07-06,07/06,16815,4203,16815,cumulative,EF_Andreafsky_PinkCounts.xlsx,Sheet1,T24,2004,
2004,EF_Andreafsky,Pink,2004-07-07,07/07,34809,17994,34809,cumulative,EF_Andreafsky_PinkCounts.xlsx,Sheet1,T25,2004,
2004,EF_Andreafsky,Pink,2004-07-08,07/08,47888,13079,47888,cumulative,EF_Andreafsky_PinkCounts.xlsx,Sheet1,T26,2004,
2004,EF_Andreafsky,Pink,2004-07-09,07/09,63932,16044,63932,cumulative,EF_Andreafsky_PinkCounts.xlsx,Sheet1,T27,2004,
2004,EF_Andreafsky,Pink,2004-07-10,07/10,86103,22171,86103,cumulative,EF_Andreafsky_PinkCounts.xlsx,Sheet1,T28,2004,
2004,EF_Andreafsky,Pink,2004-07-11,07/11,101767,15664,101767,cumulative,EF_Andreafsky_PinkCounts.xlsx,Sheet1,T29,2004,
2004,EF_Andreafsky,Pink,2004-07-12,07/12,117428,15661,117428,cumulative,EF_Andreafsky_PinkCounts.xlsx,Sheet1,T30,2004,
2004,EF_Andreafsky,Pink,2004-07-13,07/13,132741,15313,132741,cumulative,EF_Andreafsky_PinkCounts.xlsx,Sheet1,T31,2004,
2004,EF_Andreafsky,Pink,2004-07-14,07/14,158521,25780,158521,cumulative,EF_Andreafsky_PinkCounts.xlsx,Sheet1,T32,2004,
2004,EF_Andreafsky,Pink,2004-07-15,07/15,175099,16578,175099,cumulative,EF_Andreafsky_PinkCounts.xlsx,Sheet1,T33,2004,
2004,EF_Andreafsky,Pink,2004-07-16,07/16,197421,22322,197421,cumulative,EF_Andreafsky_PinkCounts.xlsx,Sheet1,T34,2004,
2004,EF_Andreafsky,Pink,2004-07-17,07/17,213564,16143,213564,cumulative,EF_Andreafsky_PinkCounts.xlsx,Sheet1,T35,2004,
2004,EF_Andreafsky,Pink,2004-07-18,07/18,228277,14713,228277,cumulative,EF_Andreafsky_PinkCounts.xlsx,Sheet1,T36,2004,
2004,EF_Andreafsky,Pink,2004-07-19,07/19,243912,15635,243912,cumulative,EF_Andreafsky_PinkCounts.xlsx,Sheet1,T37,2004,
2004,EF_Andreafsky,Pink,2004-07-20,07/20,272543,28631,272543,cumulative,EF_Andreafsky_PinkCounts.xlsx,Sheet1,T38,2004,
2004,EF_Andreafsky,Pink,2004-07-21,07/21,292394,19851,292394,cumulative,EF_Andreafsky_PinkCounts.xlsx,Sheet1,T39,2004,
2004,EF_Andreafsky,Pink,2004-07-22,07/22,304840,12446,304840,cumulative,EF_Andreafsky_PinkCounts.xlsx,Sheet1,T40,2004,
2004,EF_Andreafsky,Pink,2004-07-23,07/23,314720,9880,314720,cumulative,EF_Andreafsky_PinkCounts.xlsx,Sheet1,T41,2004,
2004,EF_Andreafsky,Pink,2004-07-24,07/24,324693,9973,324693,cumulative,EF_Andreafsky_PinkCounts.xlsx,Sheet1,T42,2004,
2004,EF_Andreafsky,Pink,2004-07-25,07/25,337045,12352,337045,cumulative,EF_Andreafsky_PinkCounts.xlsx,Sheet1,T43,2004,
2004,EF_Andreafsky,Pink,2004-07-26,07/26,349229,12184,349229,cumulative,EF_Andreafsky_PinkCounts.xlsx,Sheet1,T44,2004,
2004,EF_Andreafsky,Pink,2004-07-27,07/27,360207,10978,360207,cumulative,EF_Andreafsky_PinkCounts.xlsx,Sheet1,T45,2004,
2004,EF_Andreafsky,Pink,2004-07-28,07/28,369893,9686,369893,cumulative,EF_Andreafsky_PinkCounts.xlsx,Sheet1,T46,2004,
2004,EF_Andreafsky,Pink,2004-07-29,07/29,377804,7911,377804,cumulative,EF_Andreafsky_PinkCounts.xlsx,Sheet1,T47,2004,
2004,EF_Andreafsky,Pink,2004-07-30,07/30,383225,5421,383225,cumulative,EF_Andreafsky_PinkCounts.xlsx,Sheet1,T48,2004,
2004,EF_Andreafsky,Pink,2004-07-31,07/31,387483,4258,387483,cumulative,EF_Andreafsky_PinkCounts.xlsx,Sheet1,T49,2004,
2004,EF_Andreafsky,Pink,2004-08-01,08/01,390152,2669,390152,cumulative,EF_Andreafsky_PinkCounts.xlsx,Sheet1,T50,2004,
2004,EF_Andreafsky,Pink,2004-08-02,08/02,392494,2342,392494,cumulative,EF_Andreafsky_PinkCounts.xlsx,Sheet1,T51,2004,
2004,EF_Andreafsky,Pink,2004-08-03,08/03,393700,1206,393700,cumulative,EF_Andreafsky_PinkCounts.xlsx,Sheet1,T52,2004,
2004,EF_Andreafsky,Pink,2004-08-04,08/04,394543,843,394543,cumulative,EF_Andreafsky_PinkCounts.xlsx,Sheet1,T53,2004,
2004,EF_Andreafsky,Pink,2004-08-05,08/05,395433,890,395433,cumulative,EF_Andreafsky_PinkCounts.xlsx,Sheet1,T54,2004,
2004,EF_Andreafsky,Pink,2004-08-06,08/06,396162,729,396162,cumulative,EF_Andreafsky_PinkCounts.xlsx,Sheet1,T55,2004,
2004,EF_Andreafsky,Pink,2004-08-07,08/07,396951,789,396951,cumulative,EF_Andreafsky_PinkCounts.xlsx,Sheet1,T56,2004,
2004,EF_Andreafsky,Pink,2004-08-08,08/08,397464,513,397464,cumulative,EF_Andreafsky_PinkCounts.xlsx,Sheet1,T57,2004,
2004,EF_Andreafsky,Pink,2004-08-09,08/09,397903,439,397903,cumulative,EF_Andreafsky_PinkCounts.xlsx,Sheet1,T58,2004,
2004,EF_Andreafsky,Pink,2004-08-10,08/10,398287,384,398287,cumulative,EF_Andreafsky_PinkCounts.xlsx,Sheet1,T59,2004,
2004,EF_Andreafsky,Pink,2004-08-11,08/11,398492,205,398492,cumulative,EF_Andreafsky_PinkCounts.xlsx,Sheet1,T60,2004,
2004,EF_Andreafsky,Pink,2004-08-12,08/12,398644,152,398644,cumulative,EF_Andreafsky_PinkCounts.xlsx,Sheet1,T61,2004,
2004,EF_Andreafsky,Pink,2004-08-13,08/13,398784,140,398784,cumulative,EF_Andreafsky_PinkCounts.xlsx,Sheet1,T62,2004,
2004,EF_Andreafsky,Pink,2004-08-14,08/14,398912,128,398912,cumulative,EF_Andreafsky_PinkCounts.xlsx,Sheet1,T63,2004,
2004,EF_Andreafsky,Pink,2004-08-15,08/15,399028,116,399028,cumulative,EF_Andreafsky_PinkCounts.xlsx,Sheet1,T64,2004,
2004,EF_Andreafsky,Pink,2004-08-16,08/16,399132,104,399132,cumulative,EF_Andreafsky_PinkCounts.xlsx,Sheet1,T65,2004,
2004,EF_Andreafsky,Pink,2004-08-17,08/17,399228,96,399228,cumulative,EF_Andreafsky_PinkCounts.xlsx,Sheet1,T66,2004,
2004,EF_Andreafsky,Pink,2004-08-18,08/18,399262,34,399262,cumulative,EF_Andreafsky_PinkCounts.xlsx,Sheet1,T67,2004,
2004,EF_Andreafsky,Pink,2004-08-19,08/19,399297,35,399297,cumulative,EF_Andreafsky_PinkCounts.xlsx,Sheet1,T68,2004,
2004,EF_Andreafsky,Pink,2004-08-20,08/20,399314,17,399314,cumulative,EF_Andreafsky_PinkCounts.xlsx,Sheet1,T69,2004,
2004,EF_Andreafsky,Pink,2004-08-21,08/21,399331,17,399331,cumulative,EF_Andreafsky_PinkCounts.xlsx,Sheet1,T70,2004,
2004,EF_Andreafsky,Pink,2004-08-22,08/22,399338,7,399338,cumulative,EF_Andreafsky_PinkCounts.xlsx,Sheet1,T71,2004,
2004,EF_Andreafsky,Pink,2004-08-23,08/23,399343,5,399343,cumulative,EF_Andreafsky_PinkCounts.xlsx,Sheet1,T72,2004,
2004,EF_Andreafsky,Pink,2004-08-24,08/24,399349,6,399349,cumulative,EF_Andreafsky_PinkCounts.xlsx,Sheet1,T73,2004,
2004,EF_Andreafsky,Pink,2004-08-25,08/25,399356,7,399356,cumulative,EF_Andreafsky_PinkCounts.xlsx,Sheet1,T74,2004,
2004,EF_Andreafsky,Pink,2004-08-26,08/26,399368,12,399368,cumulative,EF_Andreafsky_PinkCounts.xlsx,Sheet1,T75,2004,
2004,EF_Andreafsky,Pink,2004-08-27,08/27,399372,4,399372,cumulative,EF_Andreafsky_PinkCounts.xlsx,Sheet1,T76,2004,
2004,EF_Andreafsky,Pink,2004-08-28,08/28,399376,4,399376,cumulative,EF_Andreafsky_PinkCounts.xlsx,Sheet1,T77,2004,
2004,EF_Andreafsky,Pink,2004-08-29,08/29,399381,5,399381,cumulative,EF_Andreafsky_PinkCounts.xlsx,Sheet1,T78,2004,
2004,EF_Andreafsky,Pink,2004-08-30,08/30,399392,11,399392,cumulative,EF_Andreafsky_PinkCounts.xlsx,Sheet1,T79,2004,
2004,EF_Andreafsky,Pink,2004-08-31,08/31,399410,18,399410,cumulative,EF_Andreafsky_PinkCounts.xlsx,Sheet1,T80,2004,
2004,EF_Andreafsky,Pink,2004-09-01,09/01,399423,13,399423,cumulative,EF_Andreafsky_PinkCounts.xlsx,Sheet1,T81,2004,
2004,EF_Andreafsky,Pink,2004-09-02,09/02,399458,35,399458,cumulative,EF_Andreafsky_PinkCounts.xlsx,Sheet1,T82,2004,
2004,EF_Andreafsky,Pink,2004-09-03,09/03,399464,6,399464,cumulative,EF_Andreafsky_PinkCounts.xlsx,Sheet1,T83,2004,
2004,EF_Andreafsky,Pink,2004-09-04,09/04,399475,11,399475,cumulative,EF_Andreafsky_PinkCounts.xlsx,Sheet1,T84,2004,
2004,EF_Andreafsky,Pink,2004-09-05,09/05,399509,34,399509,cumulative,EF_Andreafsky_PinkCounts.xlsx,Sheet1,T85,2004,
2004,EF_Andreafsky,Pink,2004-09-06,09/06,399556,47,399556,cumulative,EF_Andreafsky_PinkCounts.xlsx,Sheet1,T86,2004,
2004,EF_Andreafsky,Pink,2004-09-07,09/07,399586,30,399586,cumulative,EF_Andreafsky_PinkCounts.xlsx,Sheet1,T87,2004,
2004,EF_Andreafsky,Pink,2004-09-08,09/08,399610,24,399610,cumulative,EF_Andreafsky_PinkCounts.xlsx,Sheet1,T88,2004,
2004,EF_Andreafsky,Pink,2004-09-09,09/09,399632,22,399632,cumulative,EF_Andreafsky_PinkCounts.xlsx,Sheet1,T89,2004,
2004,EF_Andreafsky,Pink,2004-09-10,09/10,399645,13,399645,cumulative,EF_Andreafsky_PinkCounts.xlsx,Sheet1,T90,2004,
2004,EF_Andreafsky,Pink,2004-09-11,09/11,399651,6,399651,cumulative,EF_Andreafsky_PinkCounts.xlsx,Sheet1,T91,2004,
2004,EF_Andreafsky,Pink,2004-09-12,09/12,399655,4,399655,cumulative,EF_Andreafsky_PinkCounts.xlsx,Sheet1,T92,2004,
2004,EF_Andreafsky,Pink,2004-09-13,09/13,399656,1,399656,cumulative,EF_Andreafsky_PinkCounts.xlsx,Sheet1,T93,2004,
2004,EF_Andreafsky,Pink,2004-09-14,09/14,399659,3,399659,cumulative,EF_Andreafsky_PinkCounts.xlsx,Sheet1,T94,2004,
2004,EF_Andreafsky,Pink,2004-09-15,09/15,399662,3,399662,cumulative,EF_Andreafsky_PinkCounts.xlsx,Sheet1,T95,2004,
2004,EF_Andreafsky,Pink,2004-09-16,09/16,399665,3,399665,cumulative,EF_Andreafsky_PinkCounts.xlsx,Sheet1,T96,2004,
2004,EF_Andreafsky,Pink,2004-09-17,09/17,399667,2,399667,cumulative,EF_Andreafsky_PinkCounts.xlsx,Sheet1,T97,2004,
2004,EF_Andreafsky,Pink,2004-09-18,09/18,399670,3,399670,cumulative,EF_Andreafsky_PinkCounts.xlsx,Sheet1,T98,2004,
2004,EF_Andreafsky,Pink,2004-09-19,09/19,399670,0,399670,cumulative,EF_Andreafsky_PinkCounts.xlsx,Sheet1,T99,2004,
2004,pilot,Chinook,2004-05-28,05/28,0,0,0,daily,PilotCounts.xlsx,AllChinook,I2,2004,
2004,pilot,Chinook,2004-05-29,05/29,328,328,328,daily,PilotCounts.xlsx,AllChinook,I3,2004,
2004,pilot,Chinook,2004-05-30,05/30,357,357,685,daily,PilotCounts.xlsx,AllChinook,I4,2004,
2004,pilot,Chinook,2004-05-31,05/31,378,378,1063,daily,PilotCounts.xlsx,AllChinook,I5,2004,
2004,pilot,Chinook,2004-06-01,06/01,191,191,1254,daily,PilotCounts.xlsx,AllChinook,I6,2004,
2004,pilot,Chinook,2004-06-02,06/02,188,188,1442,daily,PilotCounts.xlsx,AllChinook,I7,2004,
2004,pilot,Chinook,2004-06-03,06/03,320,320,1762,daily,PilotCounts.xlsx,AllChinook,I8,2004,
2004,pilot,Chinook,2004-06-04,06/04,331,331,2093,daily,PilotCounts.xlsx,AllChinook,I9,2004,
2004,pilot,Chinook,2004-06-05,06/05,1956,1956,4049,daily,PilotCounts.xlsx,AllChinook,I10,2004,
2004,pilot,Chinook,2004-06-06,06/06,760,760,4809,daily,PilotCounts.xlsx,AllChinook,I11,2004,
2004,pilot,Chinook,2004-06-07,06/07,586,586,5395,daily,PilotCounts.xlsx,AllChinook,I12,2004,
2004,pilot,Chinook,2004-06-08,06/08,1049,1049,6444,daily,PilotCounts.xlsx,AllChinook,I13,2004,
2004,pilot,Chinook,2004-06-09,06/09,1200,1200,7644,daily,PilotCounts.xlsx,AllChinook,I14,2004,
2004,pilot,Chinook,2004-06-10,06/10,1938,1938,9582,daily,PilotCounts.xlsx,AllChinook,I15,2004,
2004,pilot,Chinook,2004-06-11,06/11,2105,2105,11687,daily,PilotCounts.xlsx,AllChinook,I16,2004,
2004,pilot,Chinook,2004-06-12,06/12,2544,2544,14231,daily,PilotCounts.xlsx,AllChinook,I17,2004,
2004,pilot,Chinook,2004-06-13,06/13,2254,2254,16485,daily,PilotCounts.xlsx,AllChinook,I18,2004,
2004,pilot,Chinook,2004-06-14,06/14,3720,3720,20205,daily,PilotCounts.xlsx,AllChinook,I19,2004,
2004,pilot,Chinook,2004-06-15,06/15,9412,9412,29617,daily,PilotCounts.xlsx,AllChinook,I20,2004,
2004,pilot,Chinook,2004-06-16,06/16,12140,12140,41757,daily,PilotCounts.xlsx,AllChinook,I21,2004,
2004,pilot,Chinook,2004-06-17,06/17,10325,10325,52082,daily,PilotCounts.xlsx,AllChinook,I22,2004,
2004,pilot,Chinook,2004-06-18,06/18,6950,6950,59032,daily,PilotCounts.xlsx,AllChinook,I23,2004,
2004,pilot,Chinook,2004-06-19,06/19,6000,6000,65032,daily,PilotCounts.xlsx,AllChinook,I24,2004,
2004,pilot,Chinook,2004-06-20,06/20,4904,4904,69936,daily,PilotCounts.xlsx,AllChinook,I25,2004,
2004,pilot,Chinook,2004-06-21,06/21,2974,2974,72910,daily,PilotCounts.xlsx,AllChinook,I26,2004,
2004,pilot,Chinook,2004-06-22,06/22,17326,17326,90236,daily,PilotCounts.xlsx,AllChinook,I27,2004,
2004,pilot,Chinook,2004-06-23,06/23,11137,11137,101373,daily,PilotCounts.xlsx,AllChinook,I28,2004,
2004,pilot,Chinook,2004-06-24,06/24,11849,11849,113222,daily,PilotCounts.xlsx,AllChinook,I29,2004,
2004,pilot,Chinook,2004-06-25,06/25,8432,8432,121654,daily,PilotCounts.xlsx,AllChinook,I30,2004,
2004,pilot,Chinook,2004-06-26,06/26,8325,8325,129979,daily,PilotCounts.xlsx,AllChinook,I31,2004,
2004,pilot,Chinook,2004-06-27,06/27,8506,8506,138485,daily,PilotCounts.xlsx,AllChinook,I32,2004,
2004,pilot,Chinook,2004-06-28,06/28,5916,5916,144401,daily,PilotCounts.xlsx,AllChinook,I33,2004,
2004,pilot,Chinook,2004-06-29,06/29,6526,6526,150927,daily,PilotCounts.xlsx,AllChinook,I34,2004,
2004,pilot,Chinook,2004-06-30,06/30,4331,4331,155258,daily,PilotCounts.xlsx,AllChinook,I35,2004,
2004,pilot,Chinook,2004-07-01,07/01,4285,4285,159543,daily,PilotCounts.xlsx,AllChinook,I36,2004,
2004,pilot,Chinook,2004-07-02,07/02,5321,5321,164864,daily,PilotCounts.xlsx,AllChinook,I37,2004,
2004,pilot,Chinook,2004-07-03,07/03,2678,2678,167542,daily,PilotCounts.xlsx,AllChinook,I38,2004,
2004,pilot,Chinook,2004-07-04,07/04,4767,4767,172309,daily,PilotCounts.xlsx,AllChinook,I39,2004,
2004,pilot,Chinook,2004-07-05,07/05,3120,3120,175429,daily,PilotCounts.xlsx,AllChinook,I40,2004,
2004,pilot,Chinook,2004-07-06,07/06,2690,2690,178119,daily,PilotCounts.xlsx,AllChinook,I41,2004,
2004,pilot,Chinook,2004-07-07,07/07,3297,3297,181416,daily,PilotCounts.xlsx,AllChinook,I42,2004,
2004,pilot,Chinook,2004-07-08,07/08,474,474,181890,daily,PilotCounts.xlsx,AllChinook,I43,2004,
2004,pilot,Chinook,2004-07-09,07/09,2890,2890,184780,daily,PilotCounts.xlsx,AllChinook,I44,2004,
2004,pilot,Chinook,2004-07-10,07/10,1998,1998,186778,daily,PilotCounts.xlsx,AllChinook,I45,2004,
2004,pilot,Chinook,2004-07-11,07/11,1066,1066,187844,daily,PilotCounts.xlsx,AllChinook,I46,2004,
2004,pilot,Chinook,2004-07-12,07/12,1511,1511,189355,daily,PilotCounts.xlsx,AllChinook,I47,2004,
2004,pilot,Chinook,2004-07-13,07/13,1200,1200,190555,daily,PilotCounts.xlsx,AllChinook,I48,2004,
2004,pilot,Chinook,2004-07-14,07/14,708,708,191263,daily,PilotCounts.xlsx,AllChinook,I49,2004,
2004,pilot,Chinook,2004-07-15,07/15,1160,1160,192423,daily,PilotCounts.xlsx,AllChinook,I50,2004,
2004,pilot,Chinook,2004-07-16,07/16,736,736,193159,daily,PilotCounts.xlsx,AllChinook,I51,2004,
2004,pilot,Chinook,2004-07-17,07/17,836,836,193995,daily,PilotCounts.xlsx,AllChinook,I52,2004,
2004,pilot,Chinook,2004-07-18,07/18,360,360,194355,daily,PilotCounts.xlsx,AllChinook,I53,2004,
2004,pilot,Chinook,2004-07-19,07/19,720,720,195075,daily,PilotCounts.xlsx,AllChinook,I54,2004,
2004,pilot,Chinook,2004-07-20,07/20,0,0,195075,daily,PilotCounts.xlsx,AllChinook,I55,2004,
2004,pilot,Chinook,2004-07-21,07/21,306,306,195381,daily,PilotCounts.xlsx,AllChinook,I56,2004,
2004,pilot,Chinook,2004-07-22,07/22,885,885,196266,daily,PilotCounts.xlsx,AllChinook,I57,2004,
2004,pilot,Chinook,2004-07-23,07/23,0,0,196266,daily,PilotCounts.xlsx,AllChinook,I58,2004,
2004,pilot,Chinook,2004-07-24,07/24,682,682,196948,daily,PilotCounts.xlsx,AllChinook,I59,2004,
2004,pilot,Chinook,2004-07-25,07/25,1649,1649,198597,daily,PilotCounts.xlsx,AllChinook,I60,2004,
2004,pilot,Chinook,2004-07-26,07/26,116,116,198713,daily,PilotCounts.xlsx,AllChinook,I61,2004,
2004,pilot,Chinook,2004-07-27,07/27,0,0,198713,daily,PilotCounts.xlsx,AllChinook,I62,2004,
2004,pilot,Chinook,2004-07-28,07/28,0,0,198713,daily,PilotCounts.xlsx,AllChinook,I63,2004,
2004,pilot,Chinook,2004-07-29,07/29,1297,1297,200010,daily,PilotCounts.xlsx,AllChinook,I64,2004,
2004,pilot,Chinook,2004-07-30,07/30,154,154,200164,daily,PilotCounts.xlsx,AllChinook,I65,2004,
2004,pilot,Chinook,2004-07-31,07/31,0,0,200164,daily,PilotCounts.xlsx,AllChinook,I66,2004,
2004,pilot,Chinook,2004-08-01,08/01,437,437,200601,daily,PilotCounts.xlsx,AllChinook,I67,2004,
2004,pilot,Chinook,2004-08-02,08/02,0,0,200601,daily,PilotCounts.xlsx,AllChinook,I68,2004,
2004,pilot,Chinook,2004-08-03,08/03,0,0,200601,daily,PilotCounts.xlsx,AllChinook,I69,2004,
2004,pilot,Chinook,2004-08-04,08/04,160,160,200761,daily,PilotCounts.xlsx,AllChinook,I70,2004,
2004,pilot,Chinook,2004-08-05,08/05,0,0,200761,daily,PilotCounts.xlsx,AllChinook,I71,2004,
2004,pilot,Chinook,2004-08-06,08/06,0,0,200761,daily,PilotCounts.xlsx,AllChinook,I72,2004,
2004,pilot,Chinook,2004-08-07,08/07,0,0,200761,daily,PilotCounts.xlsx,AllChinook,I73,2004,
2004,pilot,Chinook,2004-08-08,08/08,0,0,200761,daily,PilotCounts.xlsx,AllChinook,I74,2004,
2004,pilot,Chinook,2004-08-09,08/09,0,0,200761,daily,PilotCounts.xlsx,AllChinook,I75,2004,
2004,pilot,Chinook,2004-08-10,08/10,0,0,200761,daily,PilotCounts.xlsx,AllChinook,I76,2004,
2004,pilot,Chinook,2004-08-11,08/11,0,0,200761,daily,PilotCounts.xlsx,AllChinook,I77,2004,
2004,pilot,Chinook,2004-08-12,08/12,0,0,200761,daily,PilotCounts.xlsx,AllChinook,I78,2004,
2004,pilot,Chinook,2004-08-13,08/13,0,0,200761,daily,PilotCounts.xlsx,AllChinook,I79,2004,
2004,pilot,Chinook,2004-08-14,08/14,0,0,200761,daily,PilotCounts.xlsx,AllChinook,I80,2004,
2004,pilot,Chinook,2004-08-15,08/15,0,0,200761,daily,PilotCounts.xlsx,AllChinook,I81,2004,
2004,pilot,Chinook,2004-08-16,08/16,0,0,200761,daily,PilotCounts.xlsx,AllChinook,I82,2004,
2004,pilot,Chinook,2004-08-17,08/17,0,0,200761,daily,PilotCounts.xlsx,AllChinook,I83,2004,
2004,pilot,Chinook,2004-08-18,08/18,0,0,200761,daily,PilotCounts.xlsx,AllChinook,I84,2004,
2004,pilot,Chinook,2004-08-19,08/19,0,0,200761,daily,PilotCounts.xlsx,AllChinook,I85,2004,
2004,pilot,Chinook,2004-08-20,08/20,0,0,200761,daily,PilotCounts.xlsx,AllChinook,I86,2004,
2004,pilot,Chinook,2004-08-21,08/21,0,0,200761,daily,PilotCounts.xlsx,AllChinook,I87,2004,
2004,pilot,Chinook,2004-08-22,08/22,0,0,200761,daily,PilotCounts.xlsx,AllChinook,I88,2004,
2004,pilot,Chinook,2004-08-23,08/23,0,0,200761,daily,PilotCounts.xlsx,AllChinook,I89,2004,
2004,pilot,Chinook,2004-08-24,08/24,0,0,200761,daily,PilotCounts.xlsx,AllChinook,I90,2004,
2004,pilot,Chinook,2004-08-25,08/25,0,0,200761,daily,PilotCounts.xlsx,AllChinook,I91,2004,
2004,pilot,Chinook,2004-08-26,08/26,0,0,200761,daily,PilotCounts.xlsx,AllChinook,I92,2004,
2004,pilot,Chinook,2004-08-27,08/27,0,0,200761,daily,PilotCounts.xlsx,AllChinook,I93,2004,
2004,pilot,Chinook,2004-08-28,08/28,0,0,200761,daily,PilotCounts.xlsx,AllChinook,I94,2004,
2004,pilot,Chinook,2004-08-29,08/29,0,0,200761,daily,PilotCounts.xlsx,AllChinook,I95,2004,
2004,pilot,Chinook,2004-08-30,08/30,0,0,200761,daily,PilotCounts.xlsx,AllChinook,I96,2004,
2004,pilot,Chinook,2004-08-31,08/31,0,0,200761,daily,PilotCounts.xlsx,AllChinook,I97,2004,
2004,pilot,Chum,2004-05-28,05/28,430,430,430,daily,PilotCounts.xlsx,AllChum,J2,2004,
2004,pilot,Chum,2004-05-29,05/29,2976,2976,3406,daily,PilotCounts.xlsx,AllChum,J3,2004,
2004,pilot,Chum,2004-05-30,05/30,3696,3696,7102,daily,PilotCounts.xlsx,AllChum,J4,2004,
2004,pilot,Chum,2004-05-31,05/31,2037,2037,9139,daily,PilotCounts.xlsx,AllChum,J5,2004,
2004,pilot,Chum,2004-06-01,06/01,2738,2738,11877,daily,PilotCounts.xlsx,AllChum,J6,2004,
2004,pilot,Chum,2004-06-02,06/02,2861,2861,14738,daily,PilotCounts.xlsx,AllChum,J7,2004,
2004,pilot,Chum,2004-06-03,06/03,2719,2719,17457,daily,PilotCounts.xlsx,AllChum,J8,2004,
2004,pilot,Chum,2004-06-04,06/04,1953,1953,19410,daily,PilotCounts.xlsx,AllChum,J9,2004,
2004,pilot,Chum,2004-06-05,06/05,2092,2092,21502,daily,PilotCounts.xlsx,AllChum,J10,2004,
2004,pilot,Chum,2004-06-06,06/06,3710,3710,25212,daily,PilotCounts.xlsx,AllChum,J11,2004,
2004,pilot,Chum,2004-06-07,06/07,1868,1868,27080,daily,PilotCounts.xlsx,AllChum,J12,2004,
2004,pilot,Chum,2004-06-08,06/08,1506,1506,28586,daily,PilotCounts.xlsx,AllChum,J13,2004,
2004,pilot,Chum,2004-06-09,06/09,3497,3497,32083,daily,PilotCounts.xlsx,AllChum,J14,2004,
2004,pilot,Chum,2004-06-10,06/10,3005,3005,35088,daily,PilotCounts.xlsx,AllChum,J15,2004,
2004,pilot,Chum,2004-06-11,06/11,12487,12487,47575,daily,PilotCounts.xlsx,AllChum,J16,2004,
2004,pilot,Chum,2004-06-12,06/12,19388,19388,66963,daily,PilotCounts.xlsx,AllChum,J17,2004,
2004,pilot,Chum,2004-06-13,06/13,7586,7586,74549,daily,PilotCounts.xlsx,AllChum,J18,2004,
2004,pilot,Chum,2004-06-14,06/14,7605,7605,82154,daily,PilotCounts.xlsx,AllChum,J19,2004,
2004,pilot,Chum,2004-06-15,06/15,18214,18214,100368,daily,PilotCounts.xlsx,AllChum,J20,2004,
2004,pilot,Chum,2004-06-16,06/16,55153,55153,155521,daily,PilotCounts.xlsx,AllChum,J21,2004,
2004,pilot,Chum,2004-06-17,06/17,53297,53297,208818,daily,PilotCounts.xlsx,AllChum,J22,2004,
2004,pilot,Chum,2004-06-18,06/18,31760,31760,240578,daily,PilotCounts.xlsx,AllChum,J23,2004,
2004,pilot,Chum,2004-06-19,06/19,15599,15599,256177,daily,PilotCounts.xlsx,AllChum,J24,2004,
2004,pilot,Chum,2004-06-20,06/20,13617,13617,269794,daily,PilotCounts.xlsx,AllChum,J25,2004,
2004,pilot,Chum,2004-06-21,06/21,11356,11356,281150,daily,PilotCounts.xlsx,AllChum,J26,2004,
2004,pilot,Chum,2004-06-22,06/22,55267,55267,336417,daily,PilotCounts.xlsx,AllChum,J27,2004,
2004,pilot,Chum,2004-06-23,06/23,80944,80944,417361,daily,PilotCounts.xlsx,AllChum,J28,2004,
2004,pilot,Chum,2004-06-24,06/24,48186,48186,465547,daily,PilotCounts.xlsx,AllChum,J29,2004,
2004,pilot,Chum,2004-06-25,06/25,69313,69313,534860,daily,PilotCounts.xlsx,AllChum,J30,2004,
2004,pilot,Chum,2004-06-26,06/26,84267,84267,619127,daily,PilotCounts.xlsx,AllChum,J31,2004,
2004,pilot,Chum,2004-06-27,06/27,80290,80290,699417,daily,PilotCounts.xlsx,AllChum,J32,2004,
2004,pilot,Chum,2004-06-28,06/28,75344,75344,774761,daily,PilotCounts.xlsx,AllChum,J33,2004,
2004,pilot,Chum,2004-06-29,06/29,55005,55005,829766,daily,PilotCounts.xlsx,AllChum,J34,2004,
2004,pilot,Chum,2004-06-30,06/30,32939,32939,862705,daily,PilotCounts.xlsx,AllChum,J35,2004,
2004,pilot,Chum,2004-07-01,07/01,36944,36944,899649,daily,PilotCounts.xlsx,AllChum,J36,2004,
2004,pilot,Chum,2004-07-02,07/02,39853,39853,939502,daily,PilotCounts.xlsx,AllChum,J37,2004,
2004,pilot,Chum,2004-07-03,07/03,49528,49528,989030,daily,PilotCounts.xlsx,AllChum,J38,2004,
2004,pilot,Chum,2004-07-04,07/04,23765,23765,1012795,daily,PilotCounts.xlsx,AllChum,J39,2004,
2004,pilot,Chum,2004-07-05,07/05,20545,20545,1033340,daily,PilotCounts.xlsx,AllChum,J40,2004,
2004,pilot,Chum,2004-07-06,07/06,26388,26388,1059728,daily,PilotCounts.xlsx,AllChum,J41,2004,
2004,pilot,Chum,2004-07-07,07/07,42918,42918,1102646,daily,PilotCounts.xlsx,AllChum,J42,2004,
2004,pilot,Chum,2004-07-08,07/08,44987,44987,1147633,daily,PilotCounts.xlsx,AllChum,J43,2004,
2004,pilot,Chum,2004-07-09,07/09,53156,53156,1200789,daily,PilotCounts.xlsx,AllChum,J44,2004,
2004,pilot,Chum,2004-07-10,07/10,45813,45813,1246602,daily,PilotCounts.xlsx,AllChum,J45,2004,
2004,pilot,Chum,2004-07-11,07/11,20415,20415,1267017,daily,PilotCounts.xlsx,AllChum,J46,2004,
2004,pilot,Chum,2004-07-12,07/12,12408,12408,1279425,daily,PilotCounts.xlsx,AllChum,J47,2004,
2004,pilot,Chum,2004-07-13,07/13,7039,7039,1286464,daily,PilotCounts.xlsx,AllChum,J48,2004,
2004,pilot,Chum,2004-07-14,07/14,20603,20603,1307067,daily,PilotCounts.xlsx,AllChum,J49,2004,
2004,pilot,Chum,2004-07-15,07/15,12455,12455,1319522,daily,PilotCounts.xlsx,AllChum,J50,2004,
2004,pilot,Chum,2004-07-16,07/16,10261,10261,1329783,daily,PilotCounts.xlsx,AllChum,J51,2004,
2004,pilot,Chum,2004-07-17,07/17,10132,10132,1339915,daily,PilotCounts.xlsx,AllChum,J52,2004,
2004,pilot,Chum,2004-07-18,07/18,4298,4298,1344213,daily,PilotCounts.xlsx,AllChum,J53,2004,
2004,pilot,Chum,2004-07-19,07/19,1138,1138,1345351,daily,PilotCounts.xlsx,AllChum,J54,2004,
2004,pilot,Chum,2004-07-20,07/20,1937,1937,1347288,daily,PilotCounts.xlsx,AllChum,J55,2004,
2004,pilot,Chum,2004-07-21,07/21,11269,11269,1358557,daily,PilotCounts.xlsx,AllChum,J56,2004,
2004,pilot,Chum,2004-07-22,07/22,29613,29613,1388170,daily,PilotCounts.xlsx,AllChum,J57,2004,
2004,pilot,Chum,2004-07-23,07/23,17733,17733,1405903,daily,PilotCounts.xlsx,AllChum,J58,2004,
2004,pilot,Chum,2004-07-24,07/24,7494,7494,1413397,daily,PilotCounts.xlsx,AllChum,J59,2004,
2004,pilot,Chum,2004-07-25,07/25,3391,3391,1416788,daily,PilotCounts.xlsx,AllChum,J60,2004,
2004,pilot,Chum,2004-07-26,07/26,2775,2775,1419563,daily,PilotCounts.xlsx,AllChum,J61,2004,
2004,pilot,Chum,2004-07-27,07/27,3794,3794,1423357,daily,PilotCounts.xlsx,AllChum,J62,2004,
2004,pilot,Chum,2004-07-28,07/28,2870,2870,1426227,daily,PilotCounts.xlsx,AllChum,J63,2004,
2004,pilot,Chum,2004-07-29,07/29,4484,4484,1430711,daily,PilotCounts.xlsx,AllChum,J64,2004,
2004,pilot,Chum,2004-07-30,07/30,1649,1649,1432360,daily,PilotCounts.xlsx,AllChum,J65,2004,
2004,pilot,Chum,2004-07-31,07/31,2290,2290,1434650,daily,PilotCounts.xlsx,AllChum,J66,2004,
2004,pilot,Chum,2004-08-01,08/01,2141,2141,1436791,daily,PilotCounts.xlsx,AllChum,J67,2004,
2004,pilot,Chum,2004-08-02,08/02,5514,5514,1442305,daily,PilotCounts.xlsx,AllChum,J68,2004,
2004,pilot,Chum,2004-08-03,08/03,36211,36211,1478516,daily,PilotCounts.xlsx,AllChum,J69,2004,
2004,pilot,Chum,2004-08-04,08/04,69053,69053,1547569,daily,PilotCounts.xlsx,AllChum,J70,2004,
2004,pilot,Chum,2004-08-05,08/05,21667,21667,1569236,daily,PilotCounts.xlsx,AllChum,J71,2004,
2004,pilot,Chum,2004-08-06,08/06,9553,9553,1578789,daily,PilotCounts.xlsx,AllChum,J72,2004,
2004,pilot,Chum,2004-08-07,08/07,5148,5148,1583937,daily,PilotCounts.xlsx,AllChum,J73,2004,
2004,pilot,Chum,2004-08-08,08/08,4568,4568,1588505,daily,PilotCounts.xlsx,AllChum,J74,2004,
2004,pilot,Chum,2004-08-09,08/09,3304,3304,1591809,daily,PilotCounts.xlsx,AllChum,J75,2004,
2004,pilot,Chum,2004-08-10,08/10,43012,43012,1634821,daily,PilotCounts.xlsx,AllChum,J76,2004,
2004,pilot,Chum,2004-08-11,08/11,51814,51814,1686635,daily,PilotCounts.xlsx,AllChum,J77,2004,
2004,pilot,Chum,2004-08-12,08/12,21431,21431,1708066,daily,PilotCounts.xlsx,AllChum,J78,2004,
2004,pilot,Chum,2004-08-13,08/13,6512,6512,1714578,daily,PilotCounts.xlsx,AllChum,J79,2004,
2004,pilot,Chum,2004-08-14,08/14,2707,2707,1717285,daily,PilotCounts.xlsx,AllChum,J80,2004,
2004,pilot,Chum,2004-08-15,08/15,2942,2942,1720227,daily,PilotCounts.xlsx,AllChum,J81,2004,
2004,pilot,Chum,2004-08-16,08/16,10134,10134,1730361,daily,PilotCounts.xlsx,AllChum,J82,2004,
2004,pilot,Chum,2004-08-17,08/17,12850,12850,1743211,daily,PilotCounts.xlsx,AllChum,J83,2004,
2004,pilot,Chum,2004-08-18,08/18,8475,8475,1751686,daily,PilotCounts.xlsx,AllChum,J84,2004,
2004,pilot,Chum,2004-08-19,08/19,2504,2504,1754190,daily,PilotCounts.xlsx,AllChum,J85,2004,
2004,pilot,Chum,2004-08-20,08/20,1913,1913,1756103,daily,PilotCounts.xlsx,AllChum,J86,2004,
2004,pilot,Chum,2004-08-21,08/21,151,151,1756254,daily,PilotCounts.xlsx,AllChum,J87,2004,
2004,pilot,Chum,2004-08-22,08/22,30513,30513,1786767,daily,PilotCounts.xlsx,AllChum,J88,2004,
2004,pilot,Chum,2004-08-23,08/23,31369,31369,1818136,daily,PilotCounts.xlsx,AllChum,J89,2004,
2004,pilot,Chum,2004-08-24,08/24,6458,6458,1824594,daily,PilotCounts.xlsx,AllChum,J90,2004,
2004,pilot,Chum,2004-08-25,08/25,6979,6979,1831573,daily,PilotCounts.xlsx,AllChum,J91,2004,
2004,pilot,Chum,2004-08-26,08/26,6330,6330,1837903,daily,PilotCounts.xlsx,AllChum,J92,2004,
2004,pilot,Chum,2004-08-27,08/27,12040,12040,1849943,daily,PilotCounts.xlsx,AllChum,J93,2004,
2004,pilot,Chum,2004-08-28,08/28,23246,23246,1873189,daily,PilotCounts.xlsx,AllChum,J94,2004,
2004,pilot,Chum,2004-08-29,08/29,67799,67799,1940988,daily,PilotCounts.xlsx,AllChum,J95,2004,
2004,pilot,Chum,2004-08-30,08/30,34279,34279,1975267,daily,PilotCounts.xlsx,AllChum,J96,2004,
2004,pilot,Chum,2004-08-31,08/31,2314,2314,1977581,daily,PilotCounts.xlsx,AllChum,J97,2004,
2004,pilot,Pink,2004-06-21,06/21,237,,237,cumulative,PilotCounts.xlsx,Pink,J26,2004,
2004,pilot,Pink,2004-06-22,06/22,237,0,237,cumulative,PilotCounts.xlsx,Pink,J27,2004,
2004,pilot,Pink,2004-06-23,06/23,467,230,467,cumulative,PilotCounts.xlsx,Pink,J28,2004,
2004,pilot,Pink,2004-06-24,06/24,467,0,467,cumulative,PilotCounts.xlsx,Pink,J29,2004,
2004,pilot,Pink,2004-06-25,06/25,764,297,764,cumulative,PilotCounts.xlsx,Pink,J30,2004,
2004,pilot,Pink,2004-06-26,06/26,2845,2081,2845,cumulative,PilotCounts.xlsx,Pink,J31,2004,
2004,pilot,Pink,2004-06-27,06/27,5139,2294,5139,cumulative,PilotCounts.xlsx,Pink,J32,2004,
2004,pilot,Pink,2004-06-28,06/28,7526,2387,7526,cumulative,PilotCounts.xlsx,Pink,J33,2004,
2004,pilot,Pink,2004-06-29,06/29,9775,2249,9775,cumulative,PilotCounts.xlsx,Pink,J34,2004,
2004,pilot,Pink,2004-06-30,06/30,11191,1416,11191,cumulative,PilotCounts.xlsx,Pink,J35,2004,
2004,pilot,Pink,2004-07-01,07/01,16982,5791,16982,cumulative,PilotCounts.xlsx,Pink,J36,2004,
2004,pilot,Pink,2004-07-02,07/02,21648,4666,21648,cumulative,PilotCounts.xlsx,Pink,J37,2004,
2004,pilot,Pink,2004-07-03,07/03,28172,6524,28172,cumulative,PilotCounts.xlsx,Pink,J38,2004,
2004,pilot,Pink,2004-07-04,07/04,35928,7756,35928,cumulative,PilotCounts.xlsx,Pink,J39,2004,
2004,pilot,Pink,2004-07-05,07/05,50960,15032,50960,cumulative,PilotCounts.xlsx,Pink,J40,2004,
2004,pilot,Pink,2004-07-06,07/06,59320,8360,59320,cumulative,PilotCounts.xlsx,Pink,J41,2004,
2004,pilot,Pink,2004-07-07,07/07,65619,6299,65619,cumulative,PilotCounts.xlsx,Pink,J42,2004,
2004,pilot,Pink,2004-07-08,07/08,82816,17197,82816,cumulative,PilotCounts.xlsx,Pink,J43,2004,
2004,pilot,Pink,2004-07-09,07/09,94329,11513,94329,cumulative,PilotCounts.xlsx,Pink,J44,2004,
2004,pilot,Pink,2004-07-10,07/10,106635,12306,106635,cumulative,PilotCounts.xlsx,Pink,J45,2004,
2004,pilot,Pink,2004-07-11,07/11,122600,15965,122600,cumulative,PilotCounts.xlsx,Pink,J46,2004,
2004,pilot,Pink,2004-07-12,07/12,135257,12657,135257,cumulative,PilotCounts.xlsx,Pink,J47,2004,
2004,pilot,Pink,2004-07-13,07/13,156547,21290,156547,cumulative,PilotCounts.xlsx,Pink,J48,2004,
2004,pilot,Pink,2004-07-14,07/14,174284,17737,174284,cumulative,PilotCounts.xlsx,Pink,J49,2004,
2004,pilot,Pink,2004-07-15,07/15,192377,18093,192377,cumulative,PilotCounts.xlsx,Pink,J50,2004,
2004,pilot,Pink,2004-07-16,07/16,208482,16105,208482,cumulative,PilotCounts.xlsx,Pink,J51,2004,
2004,pilot,Pink,2004-07-17,07/17,228242,19760,228242,cumulative,PilotCounts.xlsx,Pink,J52,2004,
2004,pilot,Pink,2004-07-18,07/18,252231,23989,252231,cumulative,PilotCounts.xlsx,Pink,J53,2004,
2004,pilot,Pink,2004-07-19,07/19,274606,22375,274606,cumulative,PilotCounts.xlsx,Pink,J54,2004,
2004,pilot,Pink,2004-07-20,07/20,292370,17764,292370,cumulative,PilotCounts.xlsx,Pink,J55,2004,
2004,pilot,Pink,2004-07-21,07/21,311297,18927,311297,cumulative,PilotCounts.xlsx,Pink,J56,2004,
2004,pilot,Pink,2004-07-22,07/22,319208,7911,319208,cumulative,PilotCounts.xlsx,Pink,J57,2004,
2004,pilot,Pink,2004-07-23,07/23,330390,11182,330390,cumulative,PilotCounts.xlsx,Pink,J58,2004,
2004,pilot,Pink,2004-07-24,07/24,335955,5565,335955,cumulative,PilotCounts.xlsx,Pink,J59,2004,
2004,pilot,Pink,2004-07-25,07/25,346238,10283,346238,cumulative,PilotCounts.xlsx,Pink,J60,2004,
2004,pilot,Pink,2004-07-26,07/26,352989,6751,352989,cumulative,PilotCounts.xlsx,Pink,J61,2004,
2004,pilot,Pink,2004-07-27,07/27,361322,8333,361322,cumulative,PilotCounts.xlsx,Pink,J62,2004,
2004,pilot,Pink,2004-07-28,07/28,365866,4544,365866,cumulative,PilotCounts.xlsx,Pink,J63,2004,
2004,pilot,Pink,2004-07-29,07/29,372080,6214,372080,cumulative,PilotCounts.xlsx,Pink,J64,2004,
2004,pilot,Pink,2004-07-30,07/30,377666,5586,377666,cumulative,PilotCounts.xlsx,Pink,J65,2004,
2004,pilot,Pink,2004-07-31,07/31,381927,4261,381927,cumulative,PilotCounts.xlsx,Pink,J66,2004,
2004,pilot,Pink,2004-08-01,08/01,383355,1428,383355,cumulative,PilotCounts.xlsx,Pink,J67,2004,
2004,pilot,Pink,2004-08-02,08/02,383355,0,383355,cumulative,PilotCounts.xlsx,Pink,J68,2004,
2004,pilot,Pink,2004-08-03,08/03,385243,1888,385243,cumulative,PilotCounts.xlsx,Pink,J69,2004,
2004,pilot,Pink,2004-08-04,08/04,385840,597,385840,cumulative,PilotCounts.xlsx,Pink,J70,2004,
2004,pilot,Pink,2004-08-05,08/05,389606,3766,389606,cumulative,PilotCounts.xlsx,Pink,J71,2004,
2004,pilot,Pink,2004-08-06,08/06,390917,1311,390917,cumulative,PilotCounts.xlsx,Pink,J72,2004,
2004,pilot,Pink,2004-08-07,08/07,392326,1409,392326,cumulative,PilotCounts.xlsx,Pink,J73,2004,
2004,pilot,Pink,2004-08-08,08/08,393937,1611,393937,cumulative,PilotCounts.xlsx,Pink,J74,2004,
2004,pilot,Pink,2004-08-09,08/09,394526,589,394526,cumulative,PilotCounts.xlsx,Pink,J75,2004,
2004,pilot,Pink,2004-08-10,08/10,396557,2031,396557,cumulative,PilotCounts.xlsx,Pink,J76,2004,
2004,pilot,Pink,2004-08-11,08/11,398151,1594,398151,cumulative,PilotCounts.xlsx,Pink,J77,2004,
2004,pilot,Pink,2004-08-12,08/12,398274,123,398274,cumulative,PilotCounts.xlsx,Pink,J78,2004,
2004,pilot,Pink,2004-08-13,08/13,398274,0,398274,cumulative,PilotCounts.xlsx,Pink,J79,2004,
2004,pilot,Pink,2004-08-14,08/14,398361,87,398361,cumulative,PilotCounts.xlsx,Pink,J80,2004,
2004,pilot,Pink,2004-08-15,08/15,398361,0,398361,cumulative,PilotCounts.xlsx,Pink,J81,2004,
2004,pilot,Pink,2004-08-16,08/16,398361,0,398361,cumulative,PilotCounts.xlsx,Pink,J82,2004,
2004,pilot,Pink,2004-08-17,08/17,399078,717,399078,cumulative,PilotCounts.xlsx,Pink,J83,2004,
2004,pilot,Pink,2004-08-18,08/18,399078,0,399078,cumulative,PilotCounts.xlsx,Pink,J84,2004,
2004,pilot,Pink,2004-08-19,08/19,399134,56,399134,cumulative,PilotCounts.xlsx,Pink,J85,2004,
2004,pilot,Pink,2004-08-20,08/20,399134,0,399134,cumulative,PilotCounts.xlsx,Pink,J86,2004,
2004,pilot,Pink,2004-08-21,08/21,399185,51,399185,cumulative,PilotCounts.xlsx,Pink,J87,2004,
2004,pilot,Pink,2004-08-22,08/22,399185,0,399185,cumulative,PilotCounts.xlsx,Pink,J88,2004,
2004,pilot,Pink,2004-08-23,08/23,399185,0,399185,cumulative,PilotCounts.xlsx,Pink,J89,2004,
2004,pilot,Pink,2004-08-24,08/24,399185,0,399185,cumulative,PilotCounts.xlsx,Pink,J90,2004,
2004,pilot,Pink,2004-08-25,08/25,399185,0,399185,cumulative,PilotCounts.xlsx,Pink,J91,2004,
2004,pilot,Pink,2004-08-26,08/26,399185,0,399185,cumulative,PilotCounts.xlsx,Pink,J92,2004,
2004,pilot,Pink,2004-08-27,08/27,399185,0,399185,cumulative,PilotCounts.xlsx,Pink,J93,2004,
2004,pilot,Pink,2004-08-28,08/28,399185,0,399185,cumulative,PilotCounts.xlsx,Pink,J94,2004,
2004,pilot,Pink,2004-08-29,08/29,399339,154,399339,cumulative,PilotCounts.xlsx,Pink,J95,2004,
2004,pilot,Pink,2004-08-30,08/30,399339,0,399339,cumulative,PilotCounts.xlsx,Pink,J96,2004,
2004,pilot,Pink,2004-08-31,08/31,399339,0,399339,cumulative,PilotCounts.xlsx,Pink,J97,2004,
2005,EF_Andreafsky,Pink,2005-06-26,06/26,0,,0,cumulative,EF_Andreafsky_PinkCounts.xlsx,Sheet1,U14,2005,
2005,EF_Andreafsky,Pink,2005-06-27,06/27,2,2,2,cumulative,EF_Andreafsky_PinkCounts.xlsx,Sheet1,U15,2005,
2005,EF_Andreafsky,Pink,2005-06-28,06/28,12,10,12,cumulative,EF_Andreafsky_PinkCounts.xlsx,Sheet1,U16,2005,
2005,EF_Andreafsky,Pink,2005-06-29,06/29,39,27,39,cumulative,EF_Andreafsky_PinkCounts.xlsx,Sheet1,U17,2005,
2005,EF_Andreafsky,Pink,2005-06-30,06/30,136,97,136,cumulative,EF_Andreafsky_PinkCounts.xlsx,Sheet1,U18,2005,
2005,EF_Andreafsky,Pink,2005-07-01,07/01,151,15,151,cumulative,EF_Andreafsky_PinkCounts.xlsx,Sheet1,U19,2005,
2005,EF_Andreafsky,Pink,2005-07-02,07/02,240,89,240,cumulative,EF_Andreafsky_PinkCounts.xlsx,Sheet1,U20,2005,
2005,EF_Andreafsky,Pink,2005-07-03,07/03,693,453,693,cumulative,EF_Andreafsky_PinkCounts.xlsx,Sheet1,U21,2005,
2005,EF_Andreafsky,Pink,2005-07-04,07/04,1345,652,1345,cumulative,EF_Andreafsky_PinkCounts.xlsx,Sheet1,U22,2005,
2005,EF_Andreafsky,Pink,2005-07-05,07/05,2330,985,2330,cumulative,EF_Andreafsky_PinkCounts.xlsx,Sheet1,U23,2005,
2005,EF_Andreafsky,Pink,2005-07-06,07/06,4664,2334,4664,cumulative,EF_Andreafsky_PinkCounts.xlsx,Sheet1,U24,2005,
2005,EF_Andreafsky,Pink,2005-07-07,07/07,7735,3071,7735,cumulative,EF_Andreafsky_PinkCounts.xlsx,Sheet1,U25,2005,
2005,EF_Andreafsky,Pink,2005-07-08,07/08,10178,2443,10178,cumulative,EF_Andreafsky_PinkCounts.xlsx,Sheet1,U26,2005,
2005,EF_Andreafsky,Pink,2005-07-09,07/09,11870,1692,11870,cumulative,EF_Andreafsky_PinkCounts.xlsx,Sheet1,U27,2005,
2005,EF_Andreafsky,Pink,2005-07-10,07/10,13136,1266,13136,cumulative,EF_Andreafsky_PinkCounts.xlsx,Sheet1,U28,2005,
2005,EF_Andreafsky,Pink,2005-07-11,07/11,14589,1453,14589,cumulative,EF_Andreafsky_PinkCounts.xlsx,Sheet1,U29,2005,
2005,EF_Andreafsky,Pink,2005-07-12,07/12,14974,385,14974,cumulative,EF_Andreafsky_PinkCounts.xlsx,Sheet1,U30,2005,
2005,EF_Andreafsky,Pink,2005-07-13,07/13,17839,2865,17839,cumulative,EF_Andreafsky_PinkCounts.xlsx,Sheet1,U31,2005,
2005,EF_Andreafsky,Pink,2005-07-14,07/14,22945,5106,22945,cumulative,EF_Andreafsky_PinkCounts.xlsx,Sheet1,U32,2005,
2005,EF_Andreafsky,Pink,2005-07-15,07/15,25434,2489,25434,cumulative,EF_Andreafsky_PinkCounts.xlsx,Sheet1,U33,2005,
2005,EF_Andreafsky,Pink,2005-07-16,07/16,27426,1992,27426,cumulative,EF_Andreafsky_PinkCounts.xlsx,Sheet1,U34,2005,
2005,EF_Andreafsky,Pink,2005-07-17,07/17,28104,678,28104,cumulative,EF_Andreafsky_PinkCounts.xlsx,Sheet1,U35,2005,
2005,EF_Andreafsky,Pink,2005-07-18,07/18,29049,945,29049,cumulative,EF_Andreafsky_PinkCounts.xlsx,Sheet1,U36,2005,
2005,EF_Andreafsky,Pink,2005-07-19,07/19,29499,450,29499,cumulative,EF_Andreafsky_PinkCounts.xlsx,Sheet1,U37,2005,
2005,EF_Andreafsky,Pink,2005-07-20,07/20,30639,1140,30639,cumulative,EF_Andreafsky_PinkCounts.xlsx,Sheet1,U38,2005,
2005,EF_Andreafsky,Pink,2005-07-21,07/21,32491,1852,32491,cumulative,EF_Andreafsky_PinkCounts.xlsx,Sheet1,U39,2005,
2005,EF_Andreafsky,Pink,2005-07-22,07/22,33305,814,33305,cumulative,EF_Andreafsky_PinkCounts.xlsx,Sheet1,U40,2005,
2005,EF_Andreafsky,Pink,2005-07-23,07/23,34028,723,34028,cumulative,EF_Andreafsky_PinkCounts.xlsx,Sheet1,U41,2005,
2005,EF_Andreafsky,Pink,2005-07-24,07/24,34284,256,34284,cumulative,EF_Andreafsky_PinkCounts.xlsx,Sheet1,U42,2005,
2005,EF_Andreafsky,Pink,2005-07-25,07/25,34442,158,34442,cumulative,EF_Andreafsky_PinkCounts.xlsx,Sheet1,U43,2005,
2005,EF_Andreafsky,Pink,2005-07-26,07/26,34867,425,34867,cumulative,EF_Andreafsky_PinkCounts.xlsx,Sheet1,U44,2005,
2005,EF_Andreafsky,Pink,2005-07-27,07/27,35174,307,35174,cumulative,EF_Andreafsky_PinkCounts.xlsx,Sheet1,U45,2005,
2005,EF_Andreafsky,Pink,2005-07-28,07/28,36063,889,36063,cumulative,EF_Andreafsky_PinkCounts.xlsx,Sheet1,U46,2005,
2005,EF_Andreafsky,Pink,2005-07-29,07/29,36807,744,36807,cumulative,EF_Andreafsky_PinkCounts.xlsx,Sheet1,U47,2005,
2005,EF_Andreafsky,Pink,2005-07-30,07/30,37494,687,37494,cumulative,EF_Andreafsky_PinkCounts.xlsx,Sheet1,U48,2005,
2005,EF_Andreafsky,Pink,2005-07-31,07/31,37835,341,37835,cumulative,EF_Andreafsky_PinkCounts.xlsx,Sheet1,U49,2005,
2005,EF_Andreafsky,Pink,2005-08-01,08/01,38265,430,38265,cumulative,EF_Andreafsky_PinkCounts.xlsx,Sheet1,U50,2005,
2005,EF_Andreafsky,Pink,2005-08-02,08/02,38405,140,38405,cumulative,EF_Andreafsky_PinkCounts.xlsx,Sheet1,U51,2005,
2005,EF_Andreafsky,Pink,2005-08-03,08/03,38484,79,38484,cumulative,EF_Andreafsky_PinkCounts.xlsx,Sheet1,U52,2005,
2005,EF_Andreafsky,Pink,2005-08-04,08/04,38539,55,38539,cumulative,EF_Andreafsky_PinkCounts.xlsx,Sheet1,U53,2005,
2005,EF_Andreafsky,Pink,2005-08-05,08/05,38630,91,38630,cumulative,EF_Andreafsky_PinkCounts.xlsx,Sheet1,U54,2005,
2005,EF_Andreafsky,Pink,2005-08-06,08/06,38744,114,38744,cumulative,EF_Andreafsky_PinkCounts.xlsx,Sheet1,U55,2005,
2005,EF_Andreafsky,Pink,2005-08-07,08/07,38785,41,38785,cumulative,EF_Andreafsky_PinkCounts.xlsx,Sheet1,U56,2005,
2005,EF_Andreafsky,Pink,2005-08-08,08/08,38853,68,38853,cumulative,EF_Andreafsky_PinkCounts.xlsx,Sheet1,U57,2005,
2005,EF_Andreafsky,Pink,2005-08-09,08/09,38892,39,38892,cumulative,EF_Andreafsky_PinkCounts.xlsx,Sheet1,U58,2005,
2005,EF_Andreafsky,Pink,2005-08-10,08/10,38909,17,38909,cumulative,EF_Andreafsky_PinkCounts.xlsx,Sheet1,U59,2005,
2005,EF_Andreafsky,Pink,2005-08-11,08/11,38932,23,38932,cumulative,EF_Andreafsky_PinkCounts.xlsx,Sheet1,U60,2005,
2005,EF_Andreafsky,Pink,2005-08-12,08/12,38942,10,38942,cumulative,EF_Andreafsky_PinkCounts.xlsx,Sheet1,U61,2005,
2005,EF_Andreafsky,Pink,2005-08-13,08/13,38945,3,38945,cumulative,EF_Andreafsky_PinkCounts.xlsx,Sheet1,U62,2005,
2005,EF_Andreafsky,Pink,2005-08-14,08/14,38956,11,38956,cumulative,EF_Andreafsky_PinkCounts.xlsx,Sheet1,U63,2005,
2005,EF_Andreafsky,Pink,2005-08-15,08/15,38966,10,38966,cumulative,EF_Andreafsky_PinkCounts.xlsx,Sheet1,U64,2005,
2005,EF_Andreafsky,Pink,2005-08-16,08/16,38978,12,38978,cumulative,EF_Andreafsky_PinkCounts.xlsx,Sheet1,U65,2005,
2005,EF_Andreafsky,Pink,2005-08-17,08/17,38983,5,38983,cumulative,EF_Andreafsky_PinkCounts.xlsx,Sheet1,U66,2005,
2005,EF_Andreafsky,Pink,2005-08-18,08/18,38986,3,38986,cumulative,EF_Andreafsky_PinkCounts.xlsx,Sheet1,U67,2005,
2005,EF_Andreafsky,Pink,2005-08-19,08/19,38987,1,38987,cumulative,EF_Andreafsky_PinkCounts.xlsx,Sheet1,U68,2005,
2005,EF_Andreafsky,Pink,2005-08-20,08/20,38987,0,38987,cumulative,EF_Andreafsky_PinkCounts.xlsx,Sheet1,U69,2005,
2005,EF_Andreafsky,Pink,2005-08-21,08/21,38990,3,38990,cumulative,EF_Andreafsky_PinkCounts.xlsx,Sheet1,U70,2005,
2005,EF_Andreafsky,Pink,2005-08-22,08/22,38990,0,38990,cumulative,EF_Andreafsky_PinkCounts.xlsx,Sheet1,U71,2005,
2005,EF_Andreafsky,Pink,2005-08-23,08/23,38990,0,38990,cumulative,EF_Andreafsky_PinkCounts.xlsx,Sheet1,U72,2005,
2005,EF_Andreafsky,Pink,2005-08-24,08/24,38992,2,38992,cumulative,EF_Andreafsky_PinkCounts.xlsx,Sheet1,U73,2005,
2005,EF_Andreafsky,Pink,2005-08-25,08/25,38994,2,38994,cumulative,EF_Andreafsky_PinkCounts.xlsx,Sheet1,U74,2005,
2005,EF_Andreafsky,Pink,2005-08-26,08/26,38995,1,38995,cumulative,EF_Andreafsky_PinkCounts.xlsx,Sheet1,U75,2005,
2005,EF_Andreafsky,Pink,2005-08-27,08/27,38997,2,38997,cumulative,EF_Andreafsky_PinkCounts.xlsx,Sheet1,U76,2005,
2005,EF_Andreafsky,Pink,2005-08-28,08/28,39004,7,39004,cumulative,EF_Andreafsky_PinkCounts.xlsx,Sheet1,U77,2005,
2005,EF_Andreafsky,Pink,2005-08-29,08/29,39007,3,39007,cumulative,EF_Andreafsky_PinkCounts.xlsx,Sheet1,U78,2005,
2005,EF_Andreafsky,Pink,2005-08-30,08/30,39008,1,39008,cumulative,EF_Andreafsky_PinkCounts.xlsx,Sheet1,U79,2005,
2005,EF_Andreafsky,Pink,2005-08-31,08/31,39010,2,39010,cumulative,EF_Andreafsky_PinkCounts.xlsx,Sheet1,U80,2005,
2005,EF_Andreafsky,Pink,2005-09-01,09/01,39013,3,39013,cumulative,EF_Andreafsky_PinkCounts.xlsx,Sheet1,U81,2005,
2005,EF_Andreafsky,Pink,2005-09-02,09/02,39015,2,39015,cumulative,EF_Andreafsky_PinkCounts.xlsx,Sheet1,U82,2005,
2005,EF_Andreafsky,Pink,2005-09-03,09/03,39016,1,39016,cumulative,EF_Andreafsky_PinkCounts.xlsx,Sheet1,U83,2005,
2005,EF_Andreafsky,Pink,2005-09-04,09/04,39016,0,39016,cumulative,EF_Andreafsky_PinkCounts.xlsx,Sheet1,U84,2005,
2005,EF_Andreafsky,Pink,2005-09-05,09/05,39018,2,39018,cumulative,EF_Andreafsky_PinkCounts.xlsx,Sheet1,U85,2005,
2005,EF_Andreafsky,Pink,2005-09-06,09/06,39018,0,39018,cumulative,EF_Andreafsky_PinkCounts.xlsx,Sheet1,U86,2005,
2005,EF_Andreafsky,Pink,2005-09-07,09/07,39019,1,39019,cumulative,EF_Andreafsky_PinkCounts.xlsx,Sheet1,U87,2005,
2005,EF_Andreafsky,Pink,2005-09-08,09/08,39019,0,39019,cumulative,EF_Andreafsky_PinkCounts.xlsx,Sheet1,U88,2005,
2005,EF_Andreafsky,Pink,2005-09-09,09/09,39021,2,39021,cumulative,EF_Andreafsky_PinkCounts.xlsx,Sheet1,U89,2005,
2005,EF_Andreafsky,Pink,2005-09-10,09/10,39024,3,39024,cumulative,EF_Andreafsky_PinkCounts.xlsx,Sheet1,U90,2005,
2005,EF_Andreafsky,Pink,2005-09-11,09/11,39030,6,39030,cumulative,EF_Andreafsky_PinkCounts.xlsx,Sheet1,U91,2005,
2005,pilot,Chinook,2005-05-29,05/29,0,0,0,daily,PilotCounts.xlsx,AllChinook,J3,2005,
2005,pilot,Chinook,2005-05-30,05/30,0,0,0,daily,PilotCounts.xlsx,AllChinook,J4,2005,
2005,pilot,Chinook,2005-05-31,05/31,0,0,0,daily,PilotCounts.xlsx,AllChinook,J5,2005,
2005,pilot,Chinook,2005-06-01,06/01,0,0,0,daily,PilotCounts.xlsx,AllChinook,J6,2005,
2005,pilot,Chinook,2005-06-02,06/02,0,0,0,daily,PilotCounts.xlsx,AllChinook,J7,2005,
2005,pilot,Chinook,2005-06-03,06/03,0,0,0,daily,PilotCounts.xlsx,AllChinook,J8,2005,
2005,pilot,Chinook,2005-06-04,06/04,604,604,604,daily,PilotCounts.xlsx,AllChinook,J9,2005,
2005,pilot,Chinook,2005-06-05,06/05,1209,1209,1813,daily,PilotCounts.xlsx,AllChinook,J10,2005,
2005,pilot,Chinook,2005-06-06,06/06,1566,1566,3379,daily,PilotCounts.xlsx,AllChinook,J11,2005,
2005,pilot,Chinook,2005-06-07,06/07,4097,4097,7476,daily,PilotCounts.xlsx,AllChinook,J12,2005,
2005,pilot,Chinook,2005-06-08,06/08,3343,3343,10819,daily,PilotCounts.xlsx,AllChinook,J13,2005,
2005,pilot,Chinook,2005-06-09,06/09,3730,3730,14549,daily,PilotCounts.xlsx,AllChinook,J14,2005,
2005,pilot,Chinook,2005-06-10,06/10,2763,2763,17312,daily,PilotCounts.xlsx,AllChinook,J15,2005,
2005,pilot,Chinook,2005-06-11,06/11,3694,3694,21006,daily,PilotCounts.xlsx,AllChinook,J16,2005,
2005,pilot,Chinook,2005-06-12,06/12,9281,9281,30287,daily,PilotCounts.xlsx,AllChinook,J17,2005,
2005,pilot,Chinook,2005-06-13,06/13,7480,7480,37767,daily,PilotCounts.xlsx,AllChinook,J18,2005,
2005,pilot,Chinook,2005-06-14,06/14,24884,24884,62651,daily,PilotCounts.xlsx,AllChinook,J19,2005,
2005,pilot,Chinook,2005-06-15,06/15,21435,21435,84086,daily,PilotCounts.xlsx,AllChinook,J20,2005,
2005,pilot,Chinook,2005-06-16,06/16,5554,5554,89640,daily,PilotCounts.xlsx,AllChinook,J21,2005,
2005,pilot,Chinook,2005-06-17,06/17,1497,1497,91137,daily,PilotCounts.xlsx,AllChinook,J22,2005,
2005,pilot,Chinook,2005-06-18,06/18,3132,3132,94269,daily,PilotCounts.xlsx,AllChinook,J23,2005,
2005,pilot,Chinook,2005-06-19,06/19,4689,4689,98958,daily,PilotCounts.xlsx,AllChinook,J24,2005,
2005,pilot,Chinook,2005-06-20,06/20,4940,4940,103898,daily,PilotCounts.xlsx,AllChinook,J25,2005,
2005,pilot,Chinook,2005-06-21,06/21,14076,14076,117974,daily,PilotCounts.xlsx,AllChinook,J26,2005,
2005,pilot,Chinook,2005-06-22,06/22,13253,13253,131227,daily,PilotCounts.xlsx,AllChinook,J27,2005,
2005,pilot,Chinook,2005-06-23,06/23,7965,7965,139192,daily,PilotCounts.xlsx,AllChinook,J28,2005,
2005,pilot,Chinook,2005-06-24,06/24,9653,9653,148845,daily,PilotCounts.xlsx,AllChinook,J29,2005,
2005,pilot,Chinook,2005-06-25,06/25,15925,15925,164770,daily,PilotCounts.xlsx,AllChinook,J30,2005,
2005,pilot,Chinook,2005-06-26,06/26,14717,14717,179487,daily,PilotCounts.xlsx,AllChinook,J31,2005,
2005,pilot,Chinook,2005-06-27,06/27,3102,3102,182589,daily,PilotCounts.xlsx,AllChinook,J32,2005,
2005,pilot,Chinook,2005-06-28,06/28,8170,8170,190759,daily,PilotCounts.xlsx,AllChinook,J33,2005,
2005,pilot,Chinook,2005-06-29,06/29,4024,4024,194783,daily,PilotCounts.xlsx,AllChinook,J34,2005,
2005,pilot,Chinook,2005-06-30,06/30,5402,5402,200185,daily,PilotCounts.xlsx,AllChinook,J35,2005,
2005,pilot,Chinook,2005-07-01,07/01,4618,4618,204803,daily,PilotCounts.xlsx,AllChinook,J36,2005,
2005,pilot,Chinook,2005-07-02,07/02,3767,3767,208570,daily,PilotCounts.xlsx,AllChinook,J37,2005,
2005,pilot,Chinook,2005-07-03,07/03,2174,2174,210744,daily,PilotCounts.xlsx,AllChinook,J38,2005,
2005,pilot,Chinook,2005-07-04,07/04,1279,1279,212023,daily,PilotCounts.xlsx,AllChinook,J39,2005,
2005,pilot,Chinook,2005-07-05,07/05,2931,2931,214954,daily,PilotCounts.xlsx,AllChinook,J40,2005,
2005,pilot,Chinook,2005-07-06,07/06,4569,4569,219523,daily,PilotCounts.xlsx,AllChinook,J41,2005,
2005,pilot,Chinook,2005-07-07,07/07,2211,2211,221734,daily,PilotCounts.xlsx,AllChinook,J42,2005,
2005,pilot,Chinook,2005-07-08,07/08,5237,5237,226971,daily,PilotCounts.xlsx,AllChinook,J43,2005,
2005,pilot,Chinook,2005-07-09,07/09,6096,6096,233067,daily,PilotCounts.xlsx,AllChinook,J44,2005,
2005,pilot,Chinook,2005-07-10,07/10,5715,5715,238782,daily,PilotCounts.xlsx,AllChinook,J45,2005,
2005,pilot,Chinook,2005-07-11,07/11,7206,7206,245988,daily,PilotCounts.xlsx,AllChinook,J46,2005,
2005,pilot,Chinook,2005-07-12,07/12,3979,3979,249967,daily,PilotCounts.xlsx,AllChinook,J47,2005,
2005,pilot,Chinook,2005-07-13,07/13,1720,1720,251687,daily,PilotCounts.xlsx,AllChinook,J48,2005,
2005,pilot,Chinook,2005-07-14,07/14,1298,1298,252985,daily,PilotCounts.xlsx,AllChinook,J49,2005,
2005,pilot,Chinook,2005-07-15,07/15,852,852,253837,daily,PilotCounts.xlsx,AllChinook,J50,2005,
2005,pilot,Chinook,2005-07-16,07/16,881,881,254718,daily,PilotCounts.xlsx,AllChinook,J51,2005,
2005,pilot,Chinook,2005-07-17,07/17,766,766,255484,daily,PilotCounts.xlsx,AllChinook,J52,2005,
2005,pilot,Chinook,2005-07-18,07/18,811,811,256295,daily,PilotCounts.xlsx,AllChinook,J53,2005,
2005,pilot,Chinook,2005-07-19,07/19,160,160,256455,daily,PilotCounts.xlsx,AllChinook,J54,2005,
2005,pilot,Chinook,2005-07-20,07/20,0,0,256455,daily,PilotCounts.xlsx,AllChinook,J55,2005,
2005,pilot,Chinook,2005-07-21,07/21,752,752,257207,daily,PilotCounts.xlsx,AllChinook,J56,2005,
2005,pilot,Chinook,2005-07-22,07/22,0,0,257207,daily,PilotCounts.xlsx,AllChinook,J57,2005,
2005,pilot,Chinook,2005-07-23,07/23,98,98,257305,daily,PilotCounts.xlsx,AllChinook,J58,2005,
2005,pilot,Chinook,2005-07-24,07/24,51,51,257356,daily,PilotCounts.xlsx,AllChinook,J59,2005,
2005,pilot,Chinook,2005-07-25,07/25,208,208,257564,daily,PilotCounts.xlsx,AllChinook,J60,2005,
2005,pilot,Chinook,2005-07-26,07/26,72,72,257636,daily,PilotCounts.xlsx,AllChinook,J61,2005,
2005,pilot,Chinook,2005-07-27,07/27,0,0,257636,daily,PilotCounts.xlsx,AllChinook,J62,2005,
2005,pilot,Chinook,2005-07-28,07/28,0,0,257636,daily,PilotCounts.xlsx,AllChinook,J63,2005,
2005,pilot,Chinook,2005-07-29,07/29,470,470,258106,daily,PilotCounts.xlsx,AllChinook,J64,2005,
2005,pilot,Chinook,2005-07-30,07/30,73,73,258179,daily,PilotCounts.xlsx,AllChinook,J65,2005,
2005,pilot,Chinook,2005-07-31,07/31,295,295,258474,daily,PilotCounts.xlsx,AllChinook,J66,2005,
2005,pilot,Chinook,2005-08-01,08/01,0,0,258474,daily,PilotCounts.xlsx,AllChinook,J67,2005,
2005,pilot,Chinook,2005-08-02,08/02,0,0,258474,daily,PilotCounts.xlsx,AllChinook,J68,2005,
2005,pilot,Chinook,2005-08-03,08/03,0,0,258474,daily,PilotCounts.xlsx,AllChinook,J69,2005,
2005,pilot,Chinook,2005-08-04,08/04,0,0,258474,daily,PilotCounts.xlsx,AllChinook,J70,2005,
2005,pilot,Chinook,2005-08-05,08/05,46,46,258520,daily,PilotCounts.xlsx,AllChinook,J71,2005,
2005,pilot,Chinook,2005-08-06,08/06,47,47,258567,daily,PilotCounts.xlsx,AllChinook,J72,2005,
2005,pilot,Chinook,2005-08-07,08/07,203,203,258770,daily,PilotCounts.xlsx,AllChinook,J73,2005,
2005,pilot,Chinook,2005-08-08,08/08,0,0,258770,daily,PilotCounts.xlsx,AllChinook,J74,2005,
2005,pilot,Chinook,2005-08-09,08/09,0,0,258770,daily,PilotCounts.xlsx,AllChinook,J75,2005,
2005,pilot,Chinook,2005-08-10,08/10,0,0,258770,daily,PilotCounts.xlsx,AllChinook,J76,2005,
2005,pilot,Chinook,2005-08-11,08/11,0,0,258770,daily,PilotCounts.xlsx,AllChinook,J77,2005,
2005,pilot,Chinook,2005-08-12,08/12,0,0,258770,daily,PilotCounts.xlsx,AllChinook,J78,2005,
2005,pilot,Chinook,2005-08-13,08/13,0,0,258770,daily,PilotCounts.xlsx,AllChinook,J79,2005,
2005,pilot,Chinook,2005-08-14,08/14,0,0,258770,daily,PilotCounts.xlsx,AllChinook,J80,2005,
2005,pilot,Chinook,2005-08-15,08/15,138,138,258908,daily,PilotCounts.xlsx,AllChinook,J81,2005,
2005,pilot,Chinook,2005-08-16,08/16,0,0,258908,daily,PilotCounts.xlsx,AllChinook,J82,2005,
2005,pilot,Chinook,2005-08-17,08/17,0,0,258908,daily,PilotCounts.xlsx,AllChinook,J83,2005,
2005,pilot,Chinook,2005-08-18,08/18,0,0,258908,daily,PilotCounts.xlsx,AllChinook,J84,2005,
2005,pilot,Chinook,2005-08-19,08/19,0,0,258908,daily,PilotCounts.xlsx,AllChinook,J85,2005,
2005,pilot,Chinook,2005-08-20,08/20,107,107,259015,daily,PilotCounts.xlsx,AllChinook,J86,2005,
2005,pilot,Chinook,2005-08-21,08/21,0,0,259015,daily,PilotCounts.xlsx,AllChinook,J87,2005,
2005,pilot,Chinook,2005-08-22,08/22,0,0,259015,daily,PilotCounts.xlsx,AllChinook,J88,2005,
2005,pilot,Chinook,2005-08-23,08/23,0,0,259015,daily,PilotCounts.xlsx,AllChinook,J89,2005,
2005,pilot,Chinook,2005-08-24,08/24,0,0,259015,daily,PilotCounts.xlsx,AllChinook,J90,2005,
2005,pilot,Chinook,2005-08-25,08/25,0,0,259015,daily,PilotCounts.xlsx,AllChinook,J91,2005,
2005,pilot,Chinook,2005-08-26,08/26,0,0,259015,daily,PilotCounts.xlsx,AllChinook,J92,2005,
2005,pilot,Chinook,2005-08-27,08/27,0,0,259015,daily,PilotCounts.xlsx,AllChinook,J93,2005,
2005,pilot,Chinook,2005-08-28,08/28,0,0,259015,daily,PilotCounts.xlsx,AllChinook,J94,2005,
2005,pilot,Chinook,2005-08-29,08/29,0,0,259015,daily,PilotCounts.xlsx,AllChinook,J95,2005,
2005,pilot,Chinook,2005-08-30,08/30,0,0,259015,daily,PilotCounts.xlsx,AllChinook,J96,2005,
2005,pilot,Chinook,2005-08-31,08/31,0,0,259015,daily,PilotCounts.xlsx,AllChinook,J97,2005,
2005,pilot,Chum,2005-05-28,05/28,0,0,0,daily,PilotCounts.xlsx,AllChum,K2,2005,
2005,pilot,Chum,2005-05-29,05/29,0,0,0,daily,PilotCounts.xlsx,AllChum,K3,2005,
2005,pilot,Chum,2005-05-30,05/30,0,0,0,daily,PilotCounts.xlsx,AllChum,K4,2005,
2005,pilot,Chum,2005-05-31,05/31,0,0,0,daily,PilotCounts.xlsx,AllChum,K5,2005,
2005,pilot,Chum,2005-06-01,06/01,0,0,0,daily,PilotCounts.xlsx,AllChum,K6,2005,
2005,pilot,Chum,2005-06-02,06/02,0,0,0,daily,PilotCounts.xlsx,AllChum,K7,2005,
2005,pilot,Chum,2005-06-03,06/03,0,0,0,daily,PilotCounts.xlsx,AllChum,K8,2005,
2005,pilot,Chum,2005-06-04,06/04,0,0,0,daily,PilotCounts.xlsx,AllChum,K9,2005,
2005,pilot,Chum,2005-06-05,06/05,0,0,0,daily,PilotCounts.xlsx,AllChum,K10,2005,
2005,pilot,Chum,2005-06-06,06/06,0,0,0,daily,PilotCounts.xlsx,AllChum,K11,2005,
2005,pilot,Chum,2005-06-07,06/07,39,39,39,daily,PilotCounts.xlsx,AllChum,K12,2005,
2005,pilot,Chum,2005-06-08,06/08,3473,3473,3512,daily,PilotCounts.xlsx,AllChum,K13,2005,
2005,pilot,Chum,2005-06-09,06/09,5063,5063,8575,daily,PilotCounts.xlsx,AllChum,K14,2005,
2005,pilot,Chum,2005-06-10,06/10,4939,4939,13514,daily,PilotCounts.xlsx,AllChum,K15,2005,
2005,pilot,Chum,2005-06-11,06/11,6343,6343,19857,daily,PilotCounts.xlsx,AllChum,K16,2005,
2005,pilot,Chum,2005-06-12,06/12,11757,11757,31614,daily,PilotCounts.xlsx,AllChum,K17,2005,
2005,pilot,Chum,2005-06-13,06/13,21269,21269,52883,daily,PilotCounts.xlsx,AllChum,K18,2005,
2005,pilot,Chum,2005-06-14,06/14,71402,71402,124285,daily,PilotCounts.xlsx,AllChum,K19,2005,
2005,pilot,Chum,2005-06-15,06/15,69901,69901,194186,daily,PilotCounts.xlsx,AllChum,K20,2005,
2005,pilot,Chum,2005-06-16,06/16,38204,38204,232390,daily,PilotCounts.xlsx,AllChum,K21,2005,
2005,pilot,Chum,2005-06-17,06/17,41698,41698,274088,daily,PilotCounts.xlsx,AllChum,K22,2005,
2005,pilot,Chum,2005-06-18,06/18,38573,38573,312661,daily,PilotCounts.xlsx,AllChum,K23,2005,
2005,pilot,Chum,2005-06-19,06/19,35829,35829,348490,daily,PilotCounts.xlsx,AllChum,K24,2005,
2005,pilot,Chum,2005-06-20,06/20,40657,40657,389147,daily,PilotCounts.xlsx,AllChum,K25,2005,
2005,pilot,Chum,2005-06-21,06/21,64015,64015,453162,daily,PilotCounts.xlsx,AllChum,K26,2005,
2005,pilot,Chum,2005-06-22,06/22,171167,171167,624329,daily,PilotCounts.xlsx,AllChum,K27,2005,
2005,pilot,Chum,2005-06-23,06/23,113774,113774,738103,daily,PilotCounts.xlsx,AllChum,K28,2005,
2005,pilot,Chum,2005-06-24,06/24,56876,56876,794979,daily,PilotCounts.xlsx,AllChum,K29,2005,
2005,pilot,Chum,2005-06-25,06/25,94432,94432,889411,daily,PilotCounts.xlsx,AllChum,K30,2005,
2005,pilot,Chum,2005-06-26,06/26,89253,89253,978664,daily,PilotCounts.xlsx,AllChum,K31,2005,
2005,pilot,Chum,2005-06-27,06/27,53129,53129,1031793,daily,PilotCounts.xlsx,AllChum,K32,2005,
2005,pilot,Chum,2005-06-28,06/28,67400,67400,1099193,daily,PilotCounts.xlsx,AllChum,K33,2005,
2005,pilot,Chum,2005-06-29,06/29,109558,109558,1208751,daily,PilotCounts.xlsx,AllChum,K34,2005,
2005,pilot,Chum,2005-06-30,06/30,78060,78060,1286811,daily,PilotCounts.xlsx,AllChum,K35,2005,
2005,pilot,Chum,2005-07-01,07/01,84716,84716,1371527,daily,PilotCounts.xlsx,AllChum,K36,2005,
2005,pilot,Chum,2005-07-02,07/02,72641,72641,1444168,daily,PilotCounts.xlsx,AllChum,K37,2005,
2005,pilot,Chum,2005-07-03,07/03,55827,55827,1499995,daily,PilotCounts.xlsx,AllChum,K38,2005,
2005,pilot,Chum,2005-07-04,07/04,138251,138251,1638246,daily,PilotCounts.xlsx,AllChum,K39,2005,
2005,pilot,Chum,2005-07-05,07/05,119328,119328,1757574,daily,PilotCounts.xlsx,AllChum,K40,2005,
2005,pilot,Chum,2005-07-06,07/06,81300,81300,1838874,daily,PilotCounts.xlsx,AllChum,K41,2005,
2005,pilot,Chum,2005-07-07,07/07,60994,60994,1899868,daily,PilotCounts.xlsx,AllChum,K42,2005,
2005,pilot,Chum,2005-07-08,07/08,53614,53614,1953482,daily,PilotCounts.xlsx,AllChum,K43,2005,
2005,pilot,Chum,2005-07-09,07/09,81778,81778,2035260,daily,PilotCounts.xlsx,AllChum,K44,2005,
2005,pilot,Chum,2005-07-10,07/10,106161,106161,2141421,daily,PilotCounts.xlsx,AllChum,K45,2005,
2005,pilot,Chum,2005-07-11,07/11,80779,80779,2222200,daily,PilotCounts.xlsx,AllChum,K46,2005,
2005,pilot,Chum,2005-07-12,07/12,64482,64482,2286682,daily,PilotCounts.xlsx,AllChum,K47,2005,
2005,pilot,Chum,2005-07-13,07/13,78653,78653,2365335,daily,PilotCounts.xlsx,AllChum,K48,2005,
2005,pilot,Chum,2005-07-14,07/14,80613,80613,2445948,daily,PilotCounts.xlsx,AllChum,K49,2005,
2005,pilot,Chum,2005-07-15,07/15,60767,60767,2506715,daily,PilotCounts.xlsx,AllChum,K50,2005,
2005,pilot,Chum,2005-07-16,07/16,33413,33413,2540128,daily,PilotCounts.xlsx,AllChum,K51,2005,
2005,pilot,Chum,2005-07-17,07/17,18465,18465,2558593,daily,PilotCounts.xlsx,AllChum,K52,2005,
2005,pilot,Chum,2005-07-18,07/18,13992,13992,2572585,daily,PilotCounts.xlsx,AllChum,K53,2005,
2005,pilot,Chum,2005-07-19,07/19,15207,15207,2587792,daily,PilotCounts.xlsx,AllChum,K54,2005,
2005,pilot,Chum,2005-07-20,07/20,28996,28996,2616788,daily,PilotCounts.xlsx,AllChum,K55,2005,
2005,pilot,Chum,2005-07-21,07/21,104406,104406,2721194,daily,PilotCounts.xlsx,AllChum,K56,2005,
2005,pilot,Chum,2005-07-22,07/22,68526,68526,2789720,daily,PilotCounts.xlsx,AllChum,K57,2005,
2005,pilot,Chum,2005-07-23,07/23,26185,26185,2815905,daily,PilotCounts.xlsx,AllChum,K58,2005,
2005,pilot,Chum,2005-07-24,07/24,10622,10622,2826527,daily,PilotCounts.xlsx,AllChum,K59,2005,
2005,pilot,Chum,2005-07-25,07/25,6543,6543,2833070,daily,PilotCounts.xlsx,AllChum,K60,2005,
2005,pilot,Chum,2005-07-26,07/26,5013,5013,2838083,daily,PilotCounts.xlsx,AllChum,K61,2005,
2005,pilot,Chum,2005-07-27,07/27,4976,4976,2843059,daily,PilotCounts.xlsx,AllChum,K62,2005,
2005,pilot,Chum,2005-07-28,07/28,2610,2610,2845669,daily,PilotCounts.xlsx,AllChum,K63,2005,
2005,pilot,Chum,2005-07-29,07/29,6024,6024,2851693,daily,PilotCounts.xlsx,AllChum,K64,2005,
2005,pilot,Chum,2005-07-30,07/30,3101,3101,2854794,daily,PilotCounts.xlsx,AllChum,K65,2005,
2005,pilot,Chum,2005-07-31,07/31,17134,17134,2871928,daily,PilotCounts.xlsx,AllChum,K66,2005,
2005,pilot,Chum,2005-08-01,08/01,44801,44801,2916729,daily,PilotCounts.xlsx,AllChum,K67,2005,
2005,pilot,Chum,2005-08-02,08/02,70752,70752,2987481,daily,PilotCounts.xlsx,AllChum,K68,2005,
2005,pilot,Chum,2005-08-03,08/03,65228,65228,3052709,daily,PilotCounts.xlsx,AllChum,K69,2005,
2005,pilot,Chum,2005-08-04,08/04,16742,16742,3069451,daily,PilotCounts.xlsx,AllChum,K70,2005,
2005,pilot,Chum,2005-08-05,08/05,3952,3952,3073403,daily,PilotCounts.xlsx,AllChum,K71,2005,
2005,pilot,Chum,2005-08-06,08/06,3285,3285,3076688,daily,PilotCounts.xlsx,AllChum,K72,2005,
2005,pilot,Chum,2005-08-07,08/07,101548,101548,3178236,daily,PilotCounts.xlsx,AllChum,K73,2005,
2005,pilot,Chum,2005-08-08,08/08,318809,318809,3497045,daily,PilotCounts.xlsx,AllChum,K74,2005,
2005,pilot,Chum,2005-08-09,08/09,244365,244365,3741410,daily,PilotCounts.xlsx,AllChum,K75,2005,
2005,pilot,Chum,2005-08-10,08/10,121059,121059,3862469,daily,PilotCounts.xlsx,AllChum,K76,2005,
2005,pilot,Chum,2005-08-11,08/11,45663,45663,3908132,daily,PilotCounts.xlsx,AllChum,K77,2005,
2005,pilot,Chum,2005-08-12,08/12,23345,23345,3931477,daily,PilotCounts.xlsx,AllChum,K78,2005,
2005,pilot,Chum,2005-08-13,08/13,25269,25269,3956746,daily,PilotCounts.xlsx,AllChum,K79,2005,
2005,pilot,Chum,2005-08-14,08/14,17650,17650,3974396,daily,PilotCounts.xlsx,AllChum,K80,2005,
2005,pilot,Chum,2005-08-15,08/15,5880,5880,3980276,daily,PilotCounts.xlsx,AllChum,K81,2005,
2005,pilot,Chum,2005-08-16,08/16,15504,15504,3995780,daily,PilotCounts.xlsx,AllChum,K82,2005,
2005,pilot,Chum,2005-08-17,08/17,22550,22550,4018330,daily,PilotCounts.xlsx,AllChum,K83,2005,
2005,pilot,Chum,2005-08-18,08/18,6935,6935,4025265,daily,PilotCounts.xlsx,AllChum,K84,2005,
2005,pilot,Chum,2005-08-19,08/19,4840,4840,4030105,daily,PilotCounts.xlsx,AllChum,K85,2005,
2005,pilot,Chum,2005-08-20,08/20,27545,27545,4057650,daily,PilotCounts.xlsx,AllChum,K86,2005,
2005,pilot,Chum,2005-08-21,08/21,54955,54955,4112605,daily,PilotCounts.xlsx,AllChum,K87,2005,
2005,pilot,Chum,2005-08-22,08/22,35449,35449,4148054,daily,PilotCounts.xlsx,AllChum,K88,2005,
2005,pilot,Chum,2005-08-23,08/23,43198,43198,4191252,daily,PilotCounts.xlsx,AllChum,K89,2005,
2005,pilot,Chum,2005-08-24,08/24,37002,37002,4228254,daily,PilotCounts.xlsx,AllChum,K90,2005,
2005,pilot,Chum,2005-08-25,08/25,54766,54766,4283020,daily,PilotCounts.xlsx,AllChum,K91,2005,
2005,pilot,Chum,2005-08-26,08/26,70824,70824,4353844,daily,PilotCounts.xlsx,AllChum,K92,2005,
2005,pilot,Chum,2005-08-27,08/27,52092,52092,4405936,daily,PilotCounts.xlsx,AllChum,K93,2005,
2005,pilot,Chum,2005-08-28,08/28,22490,22490,4428426,daily,PilotCounts.xlsx,AllChum,K94,2005,
2005,pilot,Chum,2005-08-29,08/29,16394,16394,4444820,daily,PilotCounts.xlsx,AllChum,K95,2005,
2005,pilot,Chum,2005-08-30,08/30,11318,11318,4456138,daily,PilotCounts.xlsx,AllChum,K96,2005,
2005,pilot,Chum,2005-08-31,08/31,10135,10135,4466273,daily,PilotCounts.xlsx,AllChum,K97,2005,
2005,pilot,Pink,2005-06-02,06/02,0,,0,cumulative,PilotCounts.xlsx,Pink,K7,2005,
2005,pilot,Pink,2005-06-03,06/03,0,0,0,cumulative,PilotCounts.xlsx,Pink,K8,2005,
2005,pilot,Pink,2005-06-04,06/04,0,0,0,cumulative,PilotCounts.xlsx,Pink,K9,2005,
2005,pilot,Pink,2005-06-05,06/05,0,0,0,cumulative,PilotCounts.xlsx,Pink,K10,2005,
2005,pilot,Pink,2005-06-06,06/06,0,0,0,cumulative,PilotCounts.xlsx,Pink,K11,2005,
2005,pilot,Pink,2005-06-07,06/07,0,0,0,cumulative,PilotCounts.xlsx,Pink,K12,2005,
2005,pilot,Pink,2005-06-08,06/08,0,0,0,cumulative,PilotCounts.xlsx,Pink,K13,2005,
2005,pilot,Pink,2005-06-09,06/09,0,0,0,cumulative,PilotCounts.xlsx,Pink,K14,2005,
2005,pilot,Pink,2005-06-10,06/10,0,0,0,cumulative,PilotCounts.xlsx,Pink,K15,2005,
2005,pilot,Pink,2005-06-11,06/11,0,0,0,cumulative,PilotCounts.xlsx,Pink,K16,2005,
2005,pilot,Pink,2005-06-12,06/12,0,0,0,cumulative,PilotCounts.xlsx,Pink,K17,2005,
2005,pilot,Pink,2005-06-13,06/13,0,0,0,cumulative,PilotCounts.xlsx,Pink,K18,2005,
2005,pilot,Pink,2005-06-14,06/14,0,0,0,cumulative,PilotCounts.xlsx,Pink,K19,2005,
2005,pilot,Pink,2005-06-15,06/15,0,0,0,cumulative,PilotCounts.xlsx,Pink,K20,2005,
2005,pilot,Pink,2005-06-16,06/16,0,0,0,cumulative,PilotCounts.xlsx,Pink,K21,2005,
2005,pilot,Pink,2005-06-17,06/17,0,0,0,cumulative,PilotCounts.xlsx,Pink,K22,2005,
2005,pilot,Pink,2005-06-18,06/18,0,0,0,cumulative,PilotCounts.xlsx,Pink,K23,2005,
2005,pilot,Pink,2005-06-19,06/19,0,0,0,cumulative,PilotCounts.xlsx,Pink,K24,2005,
2005,pilot,Pink,2005-06-20,06/20,0,0,0,cumulative,PilotCounts.xlsx,Pink,K25,2005,
2005,pilot,Pink,2005-06-21,06/21,0,0,0,cumulative,PilotCounts.xlsx,Pink,K26,2005,
2005,pilot,Pink,2005-06-22,06/22,0,0,0,cumulative,PilotCounts.xlsx,Pink,K27,2005,
2005,pilot,Pink,2005-06-23,06/23,0,0,0,cumulative,PilotCounts.xlsx,Pink,K28,2005,
2005,pilot,Pink,2005-06-24,06/24,0,0,0,cumulative,PilotCounts.xlsx,Pink,K29,2005,
2005,pilot,Pink,2005-06-25,06/25,116,116,116,cumulative,PilotCounts.xlsx,Pink,K30,2005,
2005,pilot,Pink,2005-06-26,06/26,230,114,230,cumulative,PilotCounts.xlsx,Pink,K31,2005,
2005,pilot,Pink,2005-06-27,06/27,230,0,230,cumulative,PilotCounts.xlsx,Pink,K32,2005,
2005,pilot,Pink,2005-06-28,06/28,230,0,230,cumulative,PilotCounts.xlsx,Pink,K33,2005,
2005,pilot,Pink,2005-06-29,06/29,230,0,230,cumulative,PilotCounts.xlsx,Pink,K34,2005,
2005,pilot,Pink,2005-06-30,06/30,824,594,824,cumulative,PilotCounts.xlsx,Pink,K35,2005,
2005,pilot,Pink,2005-07-01,07/01,1248,424,1248,cumulative,PilotCounts.xlsx,Pink,K36,2005,
2005,pilot,Pink,2005-07-02,07/02,1551,303,1551,cumulative,PilotCounts.xlsx,Pink,K37,2005,
2005,pilot,Pink,2005-07-03,07/03,1551,0,1551,cumulative,PilotCounts.xlsx,Pink,K38,2005,
2005,pilot,Pink,2005-07-04,07/04,1551,0,1551,cumulative,PilotCounts.xlsx,Pink,K39,2005,
2005,pilot,Pink,2005-07-05,07/05,2636,1085,2636,cumulative,PilotCounts.xlsx,Pink,K40,2005,
2005,pilot,Pink,2005-07-06,07/06,2636,0,2636,cumulative,PilotCounts.xlsx,Pink,K41,2005,
2005,pilot,Pink,2005-07-07,07/07,2636,0,2636,cumulative,PilotCounts.xlsx,Pink,K42,2005,
2005,pilot,Pink,2005-07-08,07/08,3868,1232,3868,cumulative,PilotCounts.xlsx,Pink,K43,2005,
2005,pilot,Pink,2005-07-09,07/09,5204,1336,5204,cumulative,PilotCounts.xlsx,Pink,K44,2005,
2005,pilot,Pink,2005-07-10,07/10,6552,1348,6552,cumulative,PilotCounts.xlsx,Pink,K45,2005,
2005,pilot,Pink,2005-07-11,07/11,7078,526,7078,cumulative,PilotCounts.xlsx,Pink,K46,2005,
2005,pilot,Pink,2005-07-12,07/12,8026,948,8026,cumulative,PilotCounts.xlsx,Pink,K47,2005,
2005,pilot,Pink,2005-07-13,07/13,10085,2059,10085,cumulative,PilotCounts.xlsx,Pink,K48,2005,
2005,pilot,Pink,2005-07-14,07/14,10372,287,10372,cumulative,PilotCounts.xlsx,Pink,K49,2005,
2005,pilot,Pink,2005-07-15,07/15,10372,0,10372,cumulative,PilotCounts.xlsx,Pink,K50,2005,
2005,pilot,Pink,2005-07-16,07/16,11348,976,11348,cumulative,PilotCounts.xlsx,Pink,K51,2005,
2005,pilot,Pink,2005-07-17,07/17,12559,1211,12559,cumulative,PilotCounts.xlsx,Pink,K52,2005,
2005,pilot,Pink,2005-07-18,07/18,13747,1188,13747,cumulative,PilotCounts.xlsx,Pink,K53,2005,
2005,pilot,Pink,2005-07-19,07/19,19532,5785,19532,cumulative,PilotCounts.xlsx,Pink,K54,2005,
2005,pilot,Pink,2005-07-20,07/20,19532,0,19532,cumulative,PilotCounts.xlsx,Pink,K55,2005,
2005,pilot,Pink,2005-07-21,07/21,20540,1008,20540,cumulative,PilotCounts.xlsx,Pink,K56,2005,
2005,pilot,Pink,2005-07-22,07/22,23738,3198,23738,cumulative,PilotCounts.xlsx,Pink,K57,2005,
2005,pilot,Pink,2005-07-23,07/23,28371,4633,28371,cumulative,PilotCounts.xlsx,Pink,K58,2005,
2005,pilot,Pink,2005-07-24,07/24,30408,2037,30408,cumulative,PilotCounts.xlsx,Pink,K59,2005,
2005,pilot,Pink,2005-07-25,07/25,33854,3446,33854,cumulative,PilotCounts.xlsx,Pink,K60,2005,
2005,pilot,Pink,2005-07-26,07/26,35912,2058,35912,cumulative,PilotCounts.xlsx,Pink,K61,2005,
2005,pilot,Pink,2005-07-27,07/27,41002,5090,41002,cumulative,PilotCounts.xlsx,Pink,K62,2005,
2005,pilot,Pink,2005-07-28,07/28,43216,2214,43216,cumulative,PilotCounts.xlsx,Pink,K63,2005,
2005,pilot,Pink,2005-07-29,07/29,43790,574,43790,cumulative,PilotCounts.xlsx,Pink,K64,2005,
2005,pilot,Pink,2005-07-30,07/30,48219,4429,48219,cumulative,PilotCounts.xlsx,Pink,K65,2005,
2005,pilot,Pink,2005-07-31,07/31,51972,3753,51972,cumulative,PilotCounts.xlsx,Pink,K66,2005,
2005,pilot,Pink,2005-08-01,08/01,53057,1085,53057,cumulative,PilotCounts.xlsx,Pink,K67,2005,
2005,pilot,Pink,2005-08-02,08/02,54741,1684,54741,cumulative,PilotCounts.xlsx,Pink,K68,2005,
2005,pilot,Pink,2005-08-03,08/03,55204,463,55204,cumulative,PilotCounts.xlsx,Pink,K69,2005,
2005,pilot,Pink,2005-08-04,08/04,56043,839,56043,cumulative,PilotCounts.xlsx,Pink,K70,2005,
2005,pilot,Pink,2005-08-05,08/05,56802,759,56802,cumulative,PilotCounts.xlsx,Pink,K71,2005,
2005,pilot,Pink,2005-08-06,08/06,57403,601,57403,cumulative,PilotCounts.xlsx,Pink,K72,2005,
2005,pilot,Pink,2005-08-07,08/07,58354,951,58354,cumulative,PilotCounts.xlsx,Pink,K73,2005,
2005,pilot,Pink,2005-08-08,08/08,58354,0,58354,cumulative,PilotCounts.xlsx,Pink,K74,2005,
2005,pilot,Pink,2005-08-09,08/09,58354,0,58354,cumulative,PilotCounts.xlsx,Pink,K75,2005,
2005,pilot,Pink,2005-08-10,08/10,58354,0,58354,cumulative,PilotCounts.xlsx,Pink,K76,2005,
2005,pilot,Pink,2005-08-11,08/11,59311,957,59311,cumulative,PilotCounts.xlsx,Pink,K77,2005,
2005,pilot,Pink,2005-08-12,08/12,59311,0,59311,cumulative,PilotCounts.xlsx,Pink,K78,2005,
2005,pilot,Pink,2005-08-13,08/13,59760,449,59760,cumulative,PilotCounts.xlsx,Pink,K79,2005,
2005,pilot,Pink,2005-08-14,08/14,59760,0,59760,cumulative,PilotCounts.xlsx,Pink,K80,2005,
2005,pilot,Pink,2005-08-15,08/15,59760,0,59760,cumulative,PilotCounts.xlsx,Pink,K81,2005,
2005,pilot,Pink,2005-08-16,08/16,59760,0,59760,cumulative,PilotCounts.xlsx,Pink,K82,2005,
2005,pilot,Pink,2005-08-17,08/17,59760,0,59760,cumulative,PilotCounts.xlsx,Pink,K83,2005,
2005,pilot,Pink,2005-08-18,08/18,60208,448,60208,cumulative,PilotCounts.xlsx,Pink,K84,2005,
2005,pilot,Pink,2005-08-19,08/19,60208,0,60208,cumulative,PilotCounts.xlsx,Pink,K85,2005,
2005,pilot,Pink,2005-08-20,08/20,60208,0,60208,cumulative,PilotCounts.xlsx,Pink,K86,2005,
2005,pilot,Pink,2005-08-21,08/21,60208,0,60208,cumulative,PilotCounts.xlsx,Pink,K87,2005,
2005,pilot,Pink,2005-08-22,08/22,61091,883,61091,cumulative,PilotCounts.xlsx,Pink,K88,2005,
2005,pilot,Pink,2005-08-23,08/23,61091,0,61091,cumulative,PilotCounts.xlsx,Pink,K89,2005,
2005,pilot,Pink,2005-08-24,08/24,61091,0,61091,cumulative,PilotCounts.xlsx,Pink,K90,2005,
2005,pilot,Pink,2005-08-25,08/25,61091,0,61091,cumulative,PilotCounts.xlsx,Pink,K91,2005,
2005,pilot,Pink,2005-08-26,08/26,61091,0,61091,cumulative,PilotCounts.xlsx,Pink,K92,2005,
2005,pilot,Pink,2005-08-27,08/27,61091,0,61091,cumulative,PilotCounts.xlsx,Pink,K93,2005,
2005,pilot,Pink,2005-08-28,08/28,61091,0,61091,cumulative,PilotCounts.xlsx,Pink,K94,2005,
2005,pilot,Pink,2005-08-29,08/29,61091,0,61091,cumulative,PilotCounts.xlsx,Pink,K95,2005,
2005,pilot,Pink,2005-08-30,08/30,61091,0,61091,cumulative,PilotCounts.xlsx,Pink,K96,2005,
2005,pilot,Pink,2005-08-31,08/31,61091,0,61091,cumulative,PilotCounts.xlsx,Pink,K97,2005,
2006,EF_Andreafsky,Pink,2006-06-28,06/28,43,,43,cumulative,EF_Andreafsky_PinkCounts.xlsx,Sheet1,V16,2006,
2006,EF_Andreafsky,Pink,2006-06-29,06/29,97,54,97,cumulative,EF_Andreafsky_PinkCounts.xlsx,Sheet1,V17,2006,
2006,EF_Andreafsky,Pink,2006-06-30,06/30,411,314,411,cumulative,EF_Andreafsky_PinkCounts.xlsx,Sheet1,V18,2006,
2006,EF_Andreafsky,Pink,2006-07-01,07/01,692,281,692,cumulative,EF_Andreafsky_PinkCounts.xlsx,Sheet1,V19,2006,
2006,EF_Andreafsky,Pink,2006-07-02,07/02,826,134,826,cumulative,EF_Andreafsky_PinkCounts.xlsx,Sheet1,V20,2006,
2006,EF_Andreafsky,Pink,2006-07-03,07/03,1152,326,1152,cumulative,EF_Andreafsky_PinkCounts.xlsx,Sheet1,V21,2006,
2006,EF_Andreafsky,Pink,2006-07-04,07/04,2583,1431,2583,cumulative,EF_Andreafsky_PinkCounts.xlsx,Sheet1,V22,2006,
2006,EF_Andreafsky,Pink,2006-07-05,07/05,2864,281,2864,cumulative,EF_Andreafsky_PinkCounts.xlsx,Sheet1,V23,2006,
2006,EF_Andreafsky,Pink,2006-07-06,07/06,2998,134,2998,cumulative,EF_Andreafsky_PinkCounts.xlsx,Sheet1,V24,2006,
2006,EF_Andreafsky,Pink,2006-07-07,07/07,3324,326,3324,cumulative,EF_Andreafsky_PinkCounts.xlsx,Sheet1,V25,2006,
2006,EF_Andreafsky,Pink,2006-07-08,07/08,4755,1431,4755,cumulative,EF_Andreafsky_PinkCounts.xlsx,Sheet1,V26,2006,
2006,EF_Andreafsky,Pink,2006-07-09,07/09,6080,1325,6080,cumulative,EF_Andreafsky_PinkCounts.xlsx,Sheet1,V27,2006,
2006,EF_Andreafsky,Pink,2006-07-10,07/10,9172,3092,9172,cumulative,EF_Andreafsky_PinkCounts.xlsx,Sheet1,V28,2006,
2006,EF_Andreafsky,Pink,2006-07-11,07/11,17268,8096,17268,cumulative,EF_Andreafsky_PinkCounts.xlsx,Sheet1,V29,2006,
2006,EF_Andreafsky,Pink,2006-07-12,07/12,30487,13219,30487,cumulative,EF_Andreafsky_PinkCounts.xlsx,Sheet1,V30,2006,
2006,EF_Andreafsky,Pink,2006-07-13,07/13,38428,7941,38428,cumulative,EF_Andreafsky_PinkCounts.xlsx,Sheet1,V31,2006,
2006,EF_Andreafsky,Pink,2006-07-14,07/14,50033,11605,50033,cumulative,EF_Andreafsky_PinkCounts.xlsx,Sheet1,V32,2006,
2006,EF_Andreafsky,Pink,2006-07-15,07/15,63360,13327,63360,cumulative,EF_Andreafsky_PinkCounts.xlsx,Sheet1,V33,2006,
2006,EF_Andreafsky,Pink,2006-07-16,07/16,78204,14844,78204,cumulative,EF_Andreafsky_PinkCounts.xlsx,Sheet1,V34,2006,
2006,EF_Andreafsky,Pink,2006-07-17,07/17,85408,7204,85408,cumulative,EF_Andreafsky_PinkCounts.xlsx,Sheet1,V35,2006,
2006,EF_Andreafsky,Pink,2006-07-18,07/18,86525,1117,86525,cumulative,EF_Andreafsky_PinkCounts.xlsx,Sheet1,V36,2006,
2006,EF_Andreafsky,Pink,2006-07-19,07/19,89383,2858,89383,cumulative,EF_Andreafsky_PinkCounts.xlsx,Sheet1,V37,2006,
2006,EF_Andreafsky,Pink,2006-07-20,07/20,92199,2816,92199,cumulative,EF_Andreafsky_PinkCounts.xlsx,Sheet1,V38,2006,
2006,EF_Andreafsky,Pink,2006-07-21,07/21,101168,8969,101168,cumulative,EF_Andreafsky_PinkCounts.xlsx,Sheet1,V39,2006,
2006,EF_Andreafsky,Pink,2006-07-22,07/22,118373,17205,118373,cumulative,EF_Andreafsky_PinkCounts.xlsx,Sheet1,V40,2006,
2006,EF_Andreafsky,Pink,2006-07-23,07/23,137063,18690,137063,cumulative,EF_Andreafsky_PinkCounts.xlsx,Sheet1,V41,2006,
2006,EF_Andreafsky,Pink,2006-07-24,07/24,155420,18357,155420,cumulative,EF_Andreafsky_PinkCounts.xlsx,Sheet1,V42,2006,
2006,EF_Andreafsky,Pink,2006-07-25,07/25,168739,13319,168739,cumulative,EF_Andreafsky_PinkCounts.xlsx,Sheet1,V43,2006,
2006,EF_Andreafsky,Pink,2006-07-26,07/26,184925,16186,184925,cumulative,EF_Andreafsky_PinkCounts.xlsx,Sheet1,V44,2006,
2006,EF_Andreafsky,Pink,2006-07-27,07/27,196360,11435,196360,cumulative,EF_Andreafsky_PinkCounts.xlsx,Sheet1,V45,2006,
2006,pilot,Chinook,2006-06-08,06/08,330,330,330,daily,PilotCounts.xlsx,AllChinook,K13,2006,
2006,pilot,Chinook,2006-06-09,06/09,100,100,430,daily,PilotCounts.xlsx,AllChinook,K14,2006,
2006,pilot,Chinook,2006-06-10,06/10,740,740,1170,daily,PilotCounts.xlsx,AllChinook,K15,2006,
2006,pilot,Chinook,2006-06-11,06/11,231,231,1401,daily,PilotCounts.xlsx,AllChinook,K16,2006,
2006,pilot,Chinook,2006-06-12,06/12,557,557,1958,daily,PilotCounts.xlsx,AllChinook,K17,2006,
2006,pilot,Chinook,2006-06-13,06/13,454,454,2412,daily,PilotCounts.xlsx,AllChinook,K18,2006,
2006,pilot,Chinook,2006-06-14,06/14,850,850,3262,daily,PilotCounts.xlsx,AllChinook,K19,2006,
2006,pilot,Chinook,2006-06-15,06/15,1153,1153,4415,daily,PilotCounts.xlsx,AllChinook,K20,2006,
2006,pilot,Chinook,2006-06-16,06/16,523,523,4938,daily,PilotCounts.xlsx,AllChinook,K21,2006,
2006,pilot,Chinook,2006-06-17,06/17,3879,3879,8817,daily,PilotCounts.xlsx,AllChinook,K22,2006,
2006,pilot,Chinook,2006-06-18,06/18,13952,13952,22769,daily,PilotCounts.xlsx,AllChinook,K23,2006,
2006,pilot,Chinook,2006-06-19,06/19,6042,6042,28811,daily,PilotCounts.xlsx,AllChinook,K24,2006,
2006,pilot,Chinook,2006-06-20,06/20,9175,9175,37986,daily,PilotCounts.xlsx,AllChinook,K25,2006,
2006,pilot,Chinook,2006-06-21,06/21,5842,5842,43828,daily,PilotCounts.xlsx,AllChinook,K26,2006,
2006,pilot,Chinook,2006-06-22,06/22,3612,3612,47440,daily,PilotCounts.xlsx,AllChinook,K27,2006,
2006,pilot,Chinook,2006-06-23,06/23,9353,9353,56793,daily,PilotCounts.xlsx,AllChinook,K28,2006,
2006,pilot,Chinook,2006-06-24,06/24,6581,6581,63374,daily,PilotCounts.xlsx,AllChinook,K29,2006,
2006,pilot,Chinook,2006-06-25,06/25,12734,12734,76108,daily,PilotCounts.xlsx,AllChinook,K30,2006,
2006,pilot,Chinook,2006-06-26,06/26,34003,34003,110111,daily,PilotCounts.xlsx,AllChinook,K31,2006,
2006,pilot,Chinook,2006-06-27,06/27,12164,12164,122275,daily,PilotCounts.xlsx,AllChinook,K32,2006,
2006,pilot,Chinook,2006-06-28,06/28,12280,12280,134555,daily,PilotCounts.xlsx,AllChinook,K33,2006,
2006,pilot,Chinook,2006-06-29,06/29,17150,17150,151705,daily,PilotCounts.xlsx,AllChinook,K34,2006,
2006,pilot,Chinook,2006-06-30,06/30,19744,19744,171449,daily,PilotCounts.xlsx,AllChinook,K35,2006,
2006,pilot,Chinook,2006-07-01,07/01,9575,9575,181024,daily,PilotCounts.xlsx,AllChinook,K36,2006,
2006,pilot,Chinook,2006-07-02,07/02,7928,7928,188952,daily,PilotCounts.xlsx,AllChinook,K37,2006,
2006,pilot,Chinook,2006-07-03,07/03,3543,3543,192495,daily,PilotCounts.xlsx,AllChinook,K38,2006,
2006,pilot,Chinook,2006-07-04,07/04,6589,6589,199084,daily,PilotCounts.xlsx,AllChinook,K39,2006,
2006,pilot,Chinook,2006-07-05,07/05,5644,5644,204728,daily,PilotCounts.xlsx,AllChinook,K40,2006,
2006,pilot,Chinook,2006-07-06,07/06,1188,1188,205916,daily,PilotCounts.xlsx,AllChinook,K41,2006,
2006,pilot,Chinook,2006-07-07,07/07,1002,1002,206918,daily,PilotCounts.xlsx,AllChinook,K42,2006,
2006,pilot,Chinook,2006-07-08,07/08,2932,2932,209850,daily,PilotCounts.xlsx,AllChinook,K43,2006,
2006,pilot,Chinook,2006-07-09,07/09,1653,1653,211503,daily,PilotCounts.xlsx,AllChinook,K44,2006,
2006,pilot,Chinook,2006-07-10,07/10,3228,3228,214731,daily,PilotCounts.xlsx,AllChinook,K45,2006,
2006,pilot,Chinook,2006-07-11,07/11,1514,1514,216245,daily,PilotCounts.xlsx,AllChinook,K46,2006,
2006,pilot,Chinook,2006-07-12,07/12,2315,2315,218560,daily,PilotCounts.xlsx,AllChinook,K47,2006,
2006,pilot,Chinook,2006-07-13,07/13,1720,1720,220280,daily,PilotCounts.xlsx,AllChinook,K48,2006,
2006,pilot,Chinook,2006-07-14,07/14,2353,2353,222633,daily,PilotCounts.xlsx,AllChinook,K49,2006,
2006,pilot,Chinook,2006-07-15,07/15,1606,1606,224239,daily,PilotCounts.xlsx,AllChinook,K50,2006,
2006,pilot,Chinook,2006-07-16,07/16,505,505,224744,daily,PilotCounts.xlsx,AllChinook,K51,2006,
2006,pilot,Chinook,2006-07-17,07/17,408,408,225152,daily,PilotCounts.xlsx,AllChinook,K52,2006,
2006,pilot,Chinook,2006-07-18,07/18,295,295,225447,daily,PilotCounts.xlsx,AllChinook,K53,2006,
2006,pilot,Chinook,2006-07-19,07/19,475,475,225922,daily,PilotCounts.xlsx,AllChinook,K54,2006,
2006,pilot,Chinook,2006-07-20,07/20,366,366,226288,daily,PilotCounts.xlsx,AllChinook,K55,2006,
2006,pilot,Chinook,2006-07-21,07/21,417,417,226705,daily,PilotCounts.xlsx,AllChinook,K56,2006,
2006,pilot,Chinook,2006-07-22,07/22,0,0,226705,daily,PilotCounts.xlsx,AllChinook,K57,2006,
2006,pilot,Chinook,2006-07-23,07/23,0,0,226705,daily,PilotCounts.xlsx,AllChinook,K58,2006,
2006,pilot,Chinook,2006-07-24,07/24,0,0,226705,daily,PilotCounts.xlsx,AllChinook,K59,2006,
2006,pilot,Chinook,2006-07-25,07/25,560,560,227265,daily,PilotCounts.xlsx,AllChinook,K60,2006,
2006,pilot,Chinook,2006-07-26,07/26,529,529,227794,daily,PilotCounts.xlsx,AllChinook,K61,2006,
2006,pilot,Chinook,2006-07-27,07/27,0,0,227794,daily,PilotCounts.xlsx,AllChinook,K62,2006,
2006,pilot,Chinook,2006-07-28,07/28,0,0,227794,daily,PilotCounts.xlsx,AllChinook,K63,2006,
2006,pilot,Chinook,2006-07-29,07/29,0,0,227794,daily,PilotCounts.xlsx,AllChinook,K64,2006,
2006,pilot,Chinook,2006-07-30,07/30,0,0,227794,daily,PilotCounts.xlsx,AllChinook,K65,2006,
2006,pilot,Chinook,2006-07-31,07/31,0,0,227794,daily,PilotCounts.xlsx,AllChinook,K66,2006,
2006,pilot,Chinook,2006-08-01,08/01,0,0,227794,daily,PilotCounts.xlsx,AllChinook,K67,2006,
2006,pilot,Chinook,2006-08-02,08/02,0,0,227794,daily,PilotCounts.xlsx,AllChinook,K68,2006,
2006,pilot,Chinook,2006-08-03,08/03,0,0,227794,daily,PilotCounts.xlsx,AllChinook,K69,2006,
2006,pilot,Chinook,2006-08-04,08/04,0,0,227794,daily,PilotCounts.xlsx,AllChinook,K70,2006,
2006,pilot,Chinook,2006-08-05,08/05,969,969,228763,daily,PilotCounts.xlsx,AllChinook,K71,2006,
2006,pilot,Chum,2006-06-08,06/08,1993,1993,1993,daily,PilotCounts.xlsx,AllChum,L13,2006,
2006,pilot,Chum,2006-06-09,06/09,2365,2365,4358,daily,PilotCounts.xlsx,AllChum,L14,2006,
2006,pilot,Chum,2006-06-10,06/10,9045,9045,13403,daily,PilotCounts.xlsx,AllChum,L15,2006,
2006,pilot,Chum,2006-06-11,06/11,11954,11954,25357,daily,PilotCounts.xlsx,AllChum,L16,2006,
2006,pilot,Chum,2006-06-12,06/12,16657,16657,42014,daily,PilotCounts.xlsx,AllChum,L17,2006,
2006,pilot,Chum,2006-06-13,06/13,16654,16654,58668,daily,PilotCounts.xlsx,AllChum,L18,2006,
2006,pilot,Chum,2006-06-14,06/14,18389,18389,77057,daily,PilotCounts.xlsx,AllChum,L19,2006,
2006,pilot,Chum,2006-06-15,06/15,25307,25307,102364,daily,PilotCounts.xlsx,AllChum,L20,2006,
2006,pilot,Chum,2006-06-16,06/16,64405,64405,166769,daily,PilotCounts.xlsx,AllChum,L21,2006,
2006,pilot,Chum,2006-06-17,06/17,134753,134753,301522,daily,PilotCounts.xlsx,AllChum,L22,2006,
2006,pilot,Chum,2006-06-18,06/18,261557,261557,563079,daily,PilotCounts.xlsx,AllChum,L23,2006,
2006,pilot,Chum,2006-06-19,06/19,256972,256972,820051,daily,PilotCounts.xlsx,AllChum,L24,2006,
2006,pilot,Chum,2006-06-20,06/20,227555,227555,1047606,daily,PilotCounts.xlsx,AllChum,L25,2006,
2006,pilot,Chum,2006-06-21,06/21,147576,147576,1195182,daily,PilotCounts.xlsx,AllChum,L26,2006,
2006,pilot,Chum,2006-06-22,06/22,141167,141167,1336349,daily,PilotCounts.xlsx,AllChum,L27,2006,
2006,pilot,Chum,2006-06-23,06/23,182548,182548,1518897,daily,PilotCounts.xlsx,AllChum,L28,2006,
2006,pilot,Chum,2006-06-24,06/24,128423,128423,1647320,daily,PilotCounts.xlsx,AllChum,L29,2006,
2006,pilot,Chum,2006-06-25,06/25,153642,153642,1800962,daily,PilotCounts.xlsx,AllChum,L30,2006,
2006,pilot,Chum,2006-06-26,06/26,302549,302549,2103511,daily,PilotCounts.xlsx,AllChum,L31,2006,
2006,pilot,Chum,2006-06-27,06/27,196440,196440,2299951,daily,PilotCounts.xlsx,AllChum,L32,2006,
2006,pilot,Chum,2006-06-28,06/28,187695,187695,2487646,daily,PilotCounts.xlsx,AllChum,L33,2006,
2006,pilot,Chum,2006-06-29,06/29,129715,129715,2617361,daily,PilotCounts.xlsx,AllChum,L34,2006,
2006,pilot,Chum,2006-06-30,06/30,141912,141912,2759273,daily,PilotCounts.xlsx,AllChum,L35,2006,
2006,pilot,Chum,2006-07-01,07/01,144010,144010,2903283,daily,PilotCounts.xlsx,AllChum,L36,2006,
2006,pilot,Chum,2006-07-02,07/02,115387,115387,3018670,daily,PilotCounts.xlsx,AllChum,L37,2006,
2006,pilot,Chum,2006-07-03,07/03,99523,99523,3118193,daily,PilotCounts.xlsx,AllChum,L38,2006,
2006,pilot,Chum,2006-07-04,07/04,105902,105902,3224095,daily,PilotCounts.xlsx,AllChum,L39,2006,
2006,pilot,Chum,2006-07-05,07/05,82251,82251,3306346,daily,PilotCounts.xlsx,AllChum,L40,2006,
2006,pilot,Chum,2006-07-06,07/06,59595,59595,3365941,daily,PilotCounts.xlsx,AllChum,L41,2006,
2006,pilot,Chum,2006-07-07,07/07,68182,68182,3434123,daily,PilotCounts.xlsx,AllChum,L42,2006,
2006,pilot,Chum,2006-07-08,07/08,47026,47026,3481149,daily,PilotCounts.xlsx,AllChum,L43,2006,
2006,pilot,Chum,2006-07-09,07/09,27764,27764,3508913,daily,PilotCounts.xlsx,AllChum,L44,2006,
2006,pilot,Chum,2006-07-10,07/10,38291,38291,3547204,daily,PilotCounts.xlsx,AllChum,L45,2006,
2006,pilot,Chum,2006-07-11,07/11,45660,45660,3592864,daily,PilotCounts.xlsx,AllChum,L46,2006,
2006,pilot,Chum,2006-07-12,07/12,28544,28544,3621408,daily,PilotCounts.xlsx,AllChum,L47,2006,
2006,pilot,Chum,2006-07-13,07/13,19948,19948,3641356,daily,PilotCounts.xlsx,AllChum,L48,2006,
2006,pilot,Chum,2006-07-14,07/14,20489,20489,3661845,daily,PilotCounts.xlsx,AllChum,L49,2006,
2006,pilot,Chum,2006-07-15,07/15,13796,13796,3675641,daily,PilotCounts.xlsx,AllChum,L50,2006,
2006,pilot,Chum,2006-07-16,07/16,34458,34458,3710099,daily,PilotCounts.xlsx,AllChum,L51,2006,
2006,pilot,Chum,2006-07-17,07/17,31645,31645,3741744,daily,PilotCounts.xlsx,AllChum,L52,2006,
2006,pilot,Chum,2006-07-18,07/18,39016,39016,3780760,daily,PilotCounts.xlsx,AllChum,L53,2006,
2006,pilot,Chum,2006-07-19,07/19,54636,54636,3835396,daily,PilotCounts.xlsx,AllChum,L54,2006,
2006,pilot,Chum,2006-07-20,07/20,36561,36561,3871957,daily,PilotCounts.xlsx,AllChum,L55,2006,
2006,pilot,Chum,2006-07-21,07/21,17886,17886,3889843,daily,PilotCounts.xlsx,AllChum,L56,2006,
2006,pilot,Chum,2006-07-22,07/22,13231,13231,3903074,daily,PilotCounts.xlsx,AllChum,L57,2006,
2006,pilot,Chum,2006-07-23,07/23,13765,13765,3916839,daily,PilotCounts.xlsx,AllChum,L58,2006,
2006,pilot,Chum,2006-07-24,07/24,19415,19415,3936254,daily,PilotCounts.xlsx,AllChum,L59,2006,
2006,pilot,Chum,2006-07-25,07/25,15269,15269,3951523,daily,PilotCounts.xlsx,AllChum,L60,2006,
2006,pilot,Chum,2006-07-26,07/26,13859,13859,3965382,daily,PilotCounts.xlsx,AllChum,L61,2006,
2006,pilot,Chum,2006-07-27,07/27,12202,12202,3977584,daily,PilotCounts.xlsx,AllChum,L62,2006,
2006,pilot,Chum,2006-07-28,07/28,10602,10602,3988186,daily,PilotCounts.xlsx,AllChum,L63,2006,
2006,pilot,Chum,2006-07-29,07/29,43808,43808,4031994,daily,PilotCounts.xlsx,AllChum,L64,2006,
2006,pilot,Chum,2006-07-30,07/30,85203,85203,4117197,daily,PilotCounts.xlsx,AllChum,L65,2006,
2006,pilot,Chum,2006-07-31,07/31,57376,57376,4174573,daily,PilotCounts.xlsx,AllChum,L66,2006,
2006,pilot,Chum,2006-08-01,08/01,60114,60114,4234687,daily,PilotCounts.xlsx,AllChum,L67,2006,
2006,pilot,Chum,2006-08-02,08/02,51191,51191,4285878,daily,PilotCounts.xlsx,AllChum,L68,2006,
2006,pilot,Chum,2006-08-03,08/03,28721,28721,4314599,daily,PilotCounts.xlsx,AllChum,L69,2006,
2006,pilot,Chum,2006-08-04,08/04,19683,19683,4334282,daily,PilotCounts.xlsx,AllChum,L70,2006,
2006,pilot,Chum,2006-08-05,08/05,8302,8302,4342584,daily,PilotCounts.xlsx,AllChum,L71,2006,
2006,pilot,Chum,2006-08-06,08/06,7087,7087,4349671,daily,PilotCounts.xlsx,AllChum,L72,2006,
2006,pilot,Chum,2006-08-07,08/07,11458,11458,4361129,daily,PilotCounts.xlsx,AllChum,L73,2006,
2006,pilot,Chum,2006-08-08,08/08,12538,12538,4373667,daily,PilotCounts.xlsx,AllChum,L74,2006,
2006,pilot,Chum,2006-08-09,08/09,12414,12414,4386081,daily,PilotCounts.xlsx,AllChum,L75,2006,
2006,pilot,Chum,2006-08-10,08/10,9111,9111,4395192,daily,PilotCounts.xlsx,AllChum,L76,2006,
2006,pilot,Chum,2006-08-11,08/11,8877,8877,4404069,daily,PilotCounts.xlsx,AllChum,L77,2006,
2006,pilot,Chum,2006-08-12,08/12,7336,7336,4411405,daily,PilotCounts.xlsx,AllChum,L78,2006,
2006,pilot,Chum,2006-08-13,08/13,3257,3257,4414662,daily,PilotCounts.xlsx,AllChum,L79,2006,
2006,pilot,Chum,2006-08-14,08/14,45153,45153,4459815,daily,PilotCounts.xlsx,AllChum,L80,2006,
2006,pilot,Chum,2006-08-15,08/15,80878,80878,4540693,daily,PilotCounts.xlsx,AllChum,L81,2006,
2006,pilot,Chum,2006-08-16,08/16,22024,22024,4562717,daily,PilotCounts.xlsx,AllChum,L82,2006,
2006,pilot,Chum,2006-08-17,08/17,11880,11880,4574597,daily,PilotCounts.xlsx,AllChum,L83,2006,
2006,pilot,Chum,2006-08-18,08/18,14772,14772,4589369,daily,PilotCounts.xlsx,AllChum,L84,2006,
2006,pilot,Chum,2006-08-19,08/19,13374,13374,4602743,daily,PilotCounts.xlsx,AllChum,L85,2006,
2006,pilot,Chum,2006-08-20,08/20,20371,20371,4623114,daily,PilotCounts.xlsx,AllChum,L86,2006,
2006,pilot,Chum,2006-08-21,08/21,18772,18772,4641886,daily,PilotCounts.xlsx,AllChum,L87,2006,
2006,pilot,Chum,2006-08-22,08/22,37790,37790,4679676,daily,PilotCounts.xlsx,AllChum,L88,2006,
2006,pilot,Chum,2006-08-23,08/23,6256,6256,4685932,daily,PilotCounts.xlsx,AllChum,L89,2006,
2006,pilot,Chum,2006-08-24,08/24,5470,5470,4691402,daily,PilotCounts.xlsx,AllChum,L90,2006,
2006,pilot,Chum,2006-08-25,08/25,11668,11668,4703070,daily,PilotCounts.xlsx,AllChum,L91,2006,
2006,pilot,Chum,2006-08-26,08/26,8112,8112,4711182,daily,PilotCounts.xlsx,AllChum,L92,2006,
2006,pilot,Chum,2006-08-27,08/27,3475,3475,4714657,daily,PilotCounts.xlsx,AllChum,L93,2006,
2006,pilot,Chum,2006-08-28,08/28,4041,4041,4718698,daily,PilotCounts.xlsx,AllChum,L94,2006,
2006,pilot,Chum,2006-08-29,08/29,9382,9382,4728080,daily,PilotCounts.xlsx,AllChum,L95,2006,
2006,pilot,Chum,2006-08-30,08/30,9968,9968,4738048,daily,PilotCounts.xlsx,AllChum,L96,2006,
2006,pilot,Chum,2006-08-31,08/31,6950,6950,4744998,daily,PilotCounts.xlsx,AllChum,L97,2006,
2006,pilot,Pink,2006-06-22,06/22,1193,,1193,cumulative,PilotCounts.xlsx,Pink,L27,2006,
2006,pilot,Pink,2006-06-23,06/23,1777,584,1777,cumulative,PilotCounts.xlsx,Pink,L28,2006,
2006,pilot,Pink,2006-06-24,06/24,2185,408,2185,cumulative,PilotCounts.xlsx,Pink,L29,2006,
2006,pilot,Pink,2006-06-25,06/25,4170,1985,4170,cumulative,PilotCounts.xlsx,Pink,L30,2006,
2006,pilot,Pink,2006-06-26,06/26,5698,1528,5698,cumulative,PilotCounts.xlsx,Pink,L31,2006,
2006,pilot,Pink,2006-06-27,06/27,6927,1229,6927,cumulative,PilotCounts.xlsx,Pink,L32,2006,
2006,pilot,Pink,2006-06-28,06/28,7781,854,7781,cumulative,PilotCounts.xlsx,Pink,L33,2006,
2006,pilot,Pink,2006-06-29,06/29,12999,5218,12999,cumulative,PilotCounts.xlsx,Pink,L34,2006,
2006,pilot,Pink,2006-06-30,06/30,16769,3770,16769,cumulative,PilotCounts.xlsx,Pink,L35,2006,
2006,pilot,Pink,2006-07-01,07/01,23311,6542,23311,cumulative,PilotCounts.xlsx,Pink,L36,2006,
2006,pilot,Pink,2006-07-02,07/02,28387,5076,28387,cumulative,PilotCounts.xlsx,Pink,L37,2006,
2006,pilot,Pink,2006-07-03,07/03,37823,9436,37823,cumulative,PilotCounts.xlsx,Pink,L38,2006,
2006,pilot,Pink,2006-07-04,07/04,45971,8148,45971,cumulative,PilotCounts.xlsx,Pink,L39,2006,
2006,pilot,Pink,2006-07-05,07/05,55778,9807,55778,cumulative,PilotCounts.xlsx,Pink,L40,2006,
2006,pilot,Pink,2006-07-06,07/06,59105,3327,59105,cumulative,PilotCounts.xlsx,Pink,L41,2006,
2006,pilot,Pink,2006-07-07,07/07,60395,1290,60395,cumulative,PilotCounts.xlsx,Pink,L42,2006,
2006,pilot,Pink,2006-07-08,07/08,62757,2362,62757,cumulative,PilotCounts.xlsx,Pink,L43,2006,
2006,pilot,Pink,2006-07-09,07/09,72064,9307,72064,cumulative,PilotCounts.xlsx,Pink,L44,2006,
2006,pilot,Pink,2006-07-10,07/10,79957,7893,79957,cumulative,PilotCounts.xlsx,Pink,L45,2006,
2006,pilot,Pink,2006-07-11,07/11,82436,2479,82436,cumulative,PilotCounts.xlsx,Pink,L46,2006,
2006,pilot,Pink,2006-07-12,07/12,86285,3849,86285,cumulative,PilotCounts.xlsx,Pink,L47,2006,
2006,pilot,Pink,2006-07-13,07/13,90477,4192,90477,cumulative,PilotCounts.xlsx,Pink,L48,2006,
2006,pilot,Pink,2006-07-14,07/14,93329,2852,93329,cumulative,PilotCounts.xlsx,Pink,L49,2006,
2006,pilot,Pink,2006-07-15,07/15,96370,3041,96370,cumulative,PilotCounts.xlsx,Pink,L50,2006,
2006,pilot,Pink,2006-07-16,07/16,100441,4071,100441,cumulative,PilotCounts.xlsx,Pink,L51,2006,
2006,pilot,Pink,2006-07-17,07/17,105117,4676,105117,cumulative,PilotCounts.xlsx,Pink,L52,2006,
2006,pilot,Pink,2006-07-18,07/18,113402,8285,113402,cumulative,PilotCounts.xlsx,Pink,L53,2006,
2006,pilot,Pink,2006-07-19,07/19,116575,3173,116575,cumulative,PilotCounts.xlsx,Pink,L54,2006,
2006,pilot,Pink,2006-07-20,07/20,121387,4812,121387,cumulative,PilotCounts.xlsx,Pink,L55,2006,
2006,pilot,Pink,2006-07-21,07/21,128632,7245,128632,cumulative,PilotCounts.xlsx,Pink,L56,2006,
2006,pilot,Pink,2006-07-22,07/22,131712,3080,131712,cumulative,PilotCounts.xlsx,Pink,L57,2006,
2006,pilot,Pink,2006-07-23,07/23,137697,5985,137697,cumulative,PilotCounts.xlsx,Pink,L58,2006,
2006,pilot,Pink,2006-07-24,07/24,141900,4203,141900,cumulative,PilotCounts.xlsx,Pink,L59,2006,
2006,pilot,Pink,2006-07-25,07/25,146320,4420,146320,cumulative,PilotCounts.xlsx,Pink,L60,2006,
2006,pilot,Pink,2006-07-26,07/26,149731,3411,149731,cumulative,PilotCounts.xlsx,Pink,L61,2006,
2006,pilot,Pink,2006-07-27,07/27,151849,2118,151849,cumulative,PilotCounts.xlsx,Pink,L62,2006,
2006,pilot,Pink,2006-07-28,07/28,152958,1109,152958,cumulative,PilotCounts.xlsx,Pink,L63,2006,
2006,pilot,Pink,2006-07-29,07/29,156049,3091,156049,cumulative,PilotCounts.xlsx,Pink,L64,2006,
2006,pilot,Pink,2006-07-30,07/30,157606,1557,157606,cumulative,PilotCounts.xlsx,Pink,L65,2006,
2006,pilot,Pink,2006-07-31,07/31,161289,3683,161289,cumulative,PilotCounts.xlsx,Pink,L66,2006,
2006,pilot,Pink,2006-08-01,08/01,165255,3966,165255,cumulative,PilotCounts.xlsx,Pink,L67,2006,
2006,pilot,Pink,2006-08-02,08/02,168651,3396,168651,cumulative,PilotCounts.xlsx,Pink,L68,2006,
2006,pilot,Pink,2006-08-03,08/03,169687,1036,169687,cumulative,PilotCounts.xlsx,Pink,L69,2006,
2006,pilot,Pink,2006-08-04,08/04,174546,4859,174546,cumulative,PilotCounts.xlsx,Pink,L70,2006,
2006,pilot,Pink,2006-08-05,08/05,176802,2256,176802,cumulative,PilotCounts.xlsx,Pink,L71,2006,
2006,pilot,Pink,2006-08-06,08/06,177579,777,177579,cumulative,PilotCounts.xlsx,Pink,L72,2006,
2006,pilot,Pink,2006-08-07,08/07,178386,807,178386,cumulative,PilotCounts.xlsx,Pink,L73,2006,
2006,pilot,Pink,2006-08-08,08/08,179825,1439,179825,cumulative,PilotCounts.xlsx,Pink,L74,2006,
2006,pilot,Pink,2006-08-09,08/09,180898,1073,180898,cumulative,PilotCounts.xlsx,Pink,L75,2006,
2006,pilot,Pink,2006-08-10,08/10,181794,896,181794,cumulative,PilotCounts.xlsx,Pink,L76,2006,
2006,pilot,Pink,2006-08-11,08/11,181908,114,181908,cumulative,PilotCounts.xlsx,Pink,L77,2006,
2006,pilot,Pink,2006-08-12,08/12,182046,138,182046,cumulative,PilotCounts.xlsx,Pink,L78,2006,
2006,pilot,Pink,2006-08-13,08/13,182589,543,182589,cumulative,PilotCounts.xlsx,Pink,L79,2006,
2006,pilot,Pink,2006-08-14,08/14,182589,0,182589,cumulative,PilotCounts.xlsx,Pink,L80,2006,
2006,pilot,Pink,2006-08-15,08/15,182589,0,182589,cumulative,PilotCounts.xlsx,Pink,L81,2006,
2006,pilot,Pink,2006-08-16,08/16,182663,74,182663,cumulative,PilotCounts.xlsx,Pink,L82,2006,
2006,pilot,Pink,2006-08-17,08/17,182719,56,182719,cumulative,PilotCounts.xlsx,Pink,L83,2006,
2006,pilot,Pink,2006-08-18,08/18,182821,102,182821,cumulative,PilotCounts.xlsx,Pink,L84,2006,
2006,pilot,Pink,2006-08-19,08/19,183006,185,183006,cumulative,PilotCounts.xlsx,Pink,L85,2006,
2007,EF_Andreafsky,Pink,2007-06-19,06/19,0,,0,cumulative,EF_Andreafsky_PinkCounts.xlsx,Sheet1,W7,2007,
2007,EF_Andreafsky,Pink,2007-06-20,06/20,0,0,0,cumulative,EF_Andreafsky_PinkCounts.xlsx,Sheet1,W8,2007,
2007,EF_Andreafsky,Pink,2007-06-21,06/21,0,0,0,cumulative,EF_Andreafsky_PinkCounts.xlsx,Sheet1,W9,2007,
2007,EF_Andreafsky,Pink,2007-06-22,06/22,0,0,0,cumulative,EF_Andreafsky_PinkCounts.xlsx,Sheet1,W10,2007,
2007,EF_Andreafsky,Pink,2007-06-23,06/23,0,0,0,cumulative,EF_Andreafsky_PinkCounts.xlsx,Sheet1,W11,2007,
2007,EF_Andreafsky,Pink,2007-06-24,06/24,0,0,0,cumulative,EF_Andreafsky_PinkCounts.xlsx,Sheet1,W12,2007,
2007,EF_Andreafsky,Pink,2007-06-25,06/25,0,0,0,cumulative,EF_Andreafsky_PinkCounts.xlsx,Sheet1,W13,2007,
2007,EF_Andreafsky,Pink,2007-06-26,06/26,0,0,0,cumulative,EF_Andreafsky_PinkCounts.xlsx,Sheet1,W14,2007,
2007,EF_Andreafsky,Pink,2007-06-27,06/27,0,0,0,cumulative,EF_Andreafsky_PinkCounts.xlsx,Sheet1,W15,2007,
2007,EF_Andreafsky,Pink,2007-06-28,06/28,0,0,0,cumulative,EF_Andreafsky_PinkCounts.xlsx,Sheet1,W16,2007,
2007,EF_Andreafsky,Pink,2007-06-29,06/29,3,3,3,cumulative,EF_Andreafsky_PinkCounts.xlsx,Sheet1,W17,2007,
2007,EF_Andreafsky,Pink,2007-06-30,06/30,5,2,5,cumulative,EF_Andreafsky_PinkCounts.xlsx,Sheet1,W18,2007,
2007,EF_Andreafsky,Pink,2007-07-01,07/01,10,5,10,cumulative,EF_Andreafsky_PinkCounts.xlsx,Sheet1,W19,2007,
2007,EF_Andreafsky,Pink,2007-07-02,07/02,48,38,48,cumulative,EF_Andreafsky_PinkCounts.xlsx,Sheet1,W20,2007,
2007,EF_Andreafsky,Pink,2007-07-03,07/03,84,36,84,cumulative,EF_Andreafsky_PinkCounts.xlsx,Sheet1,W21,2007,
2007,EF_Andreafsky,Pink,2007-07-04,07/04,227,143,227,cumulative,EF_Andreafsky_PinkCounts.xlsx,Sheet1,W22,2007,
2007,EF_Andreafsky,Pink,2007-07-05,07/05,411,184,411,cumulative,EF_Andreafsky_PinkCounts.xlsx,Sheet1,W23,2007,
2007,EF_Andreafsky,Pink,2007-07-06,07/06,662,251,662,cumulative,EF_Andreafsky_PinkCounts.xlsx,Sheet1,W24,2007,
2007,EF_Andreafsky,Pink,2007-07-07,07/07,826,164,826,cumulative,EF_Andreafsky_PinkCounts.xlsx,Sheet1,W25,2007,
2007,EF_Andreafsky,Pink,2007-07-08,07/08,951,125,951,cumulative,EF_Andreafsky_PinkCounts.xlsx,Sheet1,W26,2007,
2007,EF_Andreafsky,Pink,2007-07-09,07/09,1229,278,1229,cumulative,EF_Andreafsky_PinkCounts.xlsx,Sheet1,W27,2007,
2007,EF_Andreafsky,Pink,2007-07-10,07/10,1690,461,1690,cumulative,EF_Andreafsky_PinkCounts.xlsx,Sheet1,W28,2007,
2007,EF_Andreafsky,Pink,2007-07-11,07/11,1802,112,1802,cumulative,EF_Andreafsky_PinkCounts.xlsx,Sheet1,W29,2007,
2007,EF_Andreafsky,Pink,2007-07-12,07/12,2117,315,2117,cumulative,EF_Andreafsky_PinkCounts.xlsx,Sheet1,W30,2007,
2007,EF_Andreafsky,Pink,2007-07-13,07/13,2191,74,2191,cumulative,EF_Andreafsky_PinkCounts.xlsx,Sheet1,W31,2007,
2007,EF_Andreafsky,Pink,2007-07-14,07/14,2320,129,2320,cumulative,EF_Andreafsky_PinkCounts.xlsx,Sheet1,W32,2007,
2007,EF_Andreafsky,Pink,2007-07-15,07/15,2423,103,2423,cumulative,EF_Andreafsky_PinkCounts.xlsx,Sheet1,W33,2007,
2007,EF_Andreafsky,Pink,2007-07-16,07/16,2790,367,2790,cumulative,EF_Andreafsky_PinkCounts.xlsx,Sheet1,W34,2007,
2007,EF_Andreafsky,Pink,2007-07-17,07/17,3308,518,3308,cumulative,EF_Andreafsky_PinkCounts.xlsx,Sheet1,W35,2007,
2007,EF_Andreafsky,Pink,2007-07-18,07/18,4151,843,4151,cumulative,EF_Andreafsky_PinkCounts.xlsx,Sheet1,W36,2007,
2007,EF_Andreafsky,Pink,2007-07-19,07/19,4675,524,4675,cumulative,EF_Andreafsky_PinkCounts.xlsx,Sheet1,W37,2007,
2007,EF_Andreafsky,Pink,2007-07-20,07/20,5317,642,5317,cumulative,EF_Andreafsky_PinkCounts.xlsx,Sheet1,W38,2007,
2007,EF_Andreafsky,Pink,2007-07-21,07/21,5659,342,5659,cumulative,EF_Andreafsky_PinkCounts.xlsx,Sheet1,W39,2007,
2007,EF_Andreafsky,Pink,2007-07-22,07/22,6699,1040,6699,cumulative,EF_Andreafsky_PinkCounts.xlsx,Sheet1,W40,2007,
2007,EF_Andreafsky,Pink,2007-07-23,07/23,7092,393,7092,cumulative,EF_Andreafsky_PinkCounts.xlsx,Sheet1,W41,2007,
2007,EF_Andreafsky,Pink,2007-07-24,07/24,7398,306,7398,cumulative,EF_Andreafsky_PinkCounts.xlsx,Sheet1,W42,2007,
2007,EF_Andreafsky,Pink,2007-07-25,07/25,8629,1231,8629,cumulative,EF_Andreafsky_PinkCounts.xlsx,Sheet1,W43,2007,
2007,EF_Andreafsky,Pink,2007-07-26,07/26,9104,475,9104,cumulative,EF_Andreafsky_PinkCounts.xlsx,Sheet1,W44,2007,
2007,EF_Andreafsky,Pink,2007-07-27,07/27,9507,403,9507,cumulative,EF_Andreafsky_PinkCounts.xlsx,Sheet1,W45,2007,
2007,EF_Andreafsky,Pink,2007-07-28,07/28,9650,143,9650,cumulative,EF_Andreafsky_PinkCounts.xlsx,Sheet1,W46,2007,
2007,EF_Andreafsky,Pink,2007-07-29,07/29,9856,206,9856,cumulative,EF_Andreafsky_PinkCounts.xlsx,Sheet1,W47,2007,
2007,EF_Andreafsky,Pink,2007-07-30,07/30,10092,236,10092,cumulative,EF_Andreafsky_PinkCounts.xlsx,Sheet1,W48,2007,
2007,pilot,Chinook,2007-06-06,06/06,674,674,674,daily,PilotCounts.xlsx,AllChinook,L11,2007,
2007,pilot,Chinook,2007-06-07,06/07,2027,2027,2701,daily,PilotCounts.xlsx,AllChinook,L12,2007,
2007,pilot,Chinook,2007-06-08,06/08,518,518,3219,daily,PilotCounts.xlsx,AllChinook,L13,2007,
2007,pilot,Chinook,2007-06-09,06/09,403,403,3622,daily,PilotCounts.xlsx,AllChinook,L14,2007,
2007,pilot,Chinook,2007-06-10,06/10,1819,1819,5441,daily,PilotCounts.xlsx,AllChinook,L15,2007,
2007,pilot,Chinook,2007-06-11,06/11,558,558,5999,daily,PilotCounts.xlsx,AllChinook,L16,2007,
2007,pilot,Chinook,2007-06-12,06/12,767,767,6766,daily,PilotCounts.xlsx,AllChinook,L17,2007,
2007,pilot,Chinook,2007-06-13,06/13,1156,1156,7922,daily,PilotCounts.xlsx,AllChinook,L18,2007,
2007,pilot,Chinook,2007-06-14,06/14,1060,1060,8982,daily,PilotCounts.xlsx,AllChinook,L19,2007,
2007,pilot,Chinook,2007-06-15,06/15,3418,3418,12400,daily,PilotCounts.xlsx,AllChinook,L20,2007,
2007,pilot,Chinook,2007-06-16,06/16,6611,6611,19011,daily,PilotCounts.xlsx,AllChinook,L21,2007,
2007,pilot,Chinook,2007-06-17,06/17,9973,9973,28984,daily,PilotCounts.xlsx,AllChinook,L22,2007,
2007,pilot,Chinook,2007-06-18,06/18,7844,7844,36828,daily,PilotCounts.xlsx,AllChinook,L23,2007,
2007,pilot,Chinook,2007-06-19,06/19,13255,13255,50083,daily,PilotCounts.xlsx,AllChinook,L24,2007,
2007,pilot,Chinook,2007-06-20,06/20,11401,11401,61484,daily,PilotCounts.xlsx,AllChinook,L25,2007,
2007,pilot,Chinook,2007-06-21,06/21,6235,6235,67719,daily,PilotCounts.xlsx,AllChinook,L26,2007,
2007,pilot,Chinook,2007-06-22,06/22,3258,3258,70977,daily,PilotCounts.xlsx,AllChinook,L27,2007,
2007,pilot,Chinook,2007-06-23,06/23,4260,4260,75237,daily,PilotCounts.xlsx,AllChinook,L28,2007,
2007,pilot,Chinook,2007-06-24,06/24,6391,6391,81628,daily,PilotCounts.xlsx,AllChinook,L29,2007,
2007,pilot,Chinook,2007-06-25,06/25,4650,4650,86278,daily,PilotCounts.xlsx,AllChinook,L30,2007,
2007,pilot,Chinook,2007-06-26,06/26,4685,4685,90963,daily,PilotCounts.xlsx,AllChinook,L31,2007,
2007,pilot,Chinook,2007-06-27,06/27,4371,4371,95334,daily,PilotCounts.xlsx,AllChinook,L32,2007,
2007,pilot,Chinook,2007-06-28,06/28,5741,5741,101075,daily,PilotCounts.xlsx,AllChinook,L33,2007,
2007,pilot,Chinook,2007-06-29,06/29,413,413,101488,daily,PilotCounts.xlsx,AllChinook,L34,2007,
2007,pilot,Chinook,2007-06-30,06/30,11502,11502,112990,daily,PilotCounts.xlsx,AllChinook,L35,2007,
2007,pilot,Chinook,2007-07-01,07/01,14748,14748,127738,daily,PilotCounts.xlsx,AllChinook,L36,2007,
2007,pilot,Chinook,2007-07-02,07/02,10131,10131,137869,daily,PilotCounts.xlsx,AllChinook,L37,2007,
2007,pilot,Chinook,2007-07-03,07/03,5507,5507,143376,daily,PilotCounts.xlsx,AllChinook,L38,2007,
2007,pilot,Chinook,2007-07-04,07/04,3376,3376,146752,daily,PilotCounts.xlsx,AllChinook,L39,2007,
2007,pilot,Chinook,2007-07-05,07/05,4399,4399,151151,daily,PilotCounts.xlsx,AllChinook,L40,2007,
2007,pilot,Chinook,2007-07-06,07/06,1318,1318,152469,daily,PilotCounts.xlsx,AllChinook,L41,2007,
2007,pilot,Chinook,2007-07-07,07/07,2255,2255,154724,daily,PilotCounts.xlsx,AllChinook,L42,2007,
2007,pilot,Chinook,2007-07-08,07/08,1534,1534,156258,daily,PilotCounts.xlsx,AllChinook,L43,2007,
2007,pilot,Chinook,2007-07-09,07/09,2593,2593,158851,daily,PilotCounts.xlsx,AllChinook,L44,2007,
2007,pilot,Chinook,2007-07-10,07/10,1769,1769,160620,daily,PilotCounts.xlsx,AllChinook,L45,2007,
2007,pilot,Chinook,2007-07-11,07/11,2289,2289,162909,daily,PilotCounts.xlsx,AllChinook,L46,2007,
2007,pilot,Chinook,2007-07-12,07/12,1764,1764,164673,daily,PilotCounts.xlsx,AllChinook,L47,2007,
2007,pilot,Chinook,2007-07-13,07/13,1218,1218,165891,daily,PilotCounts.xlsx,AllChinook,L48,2007,
2007,pilot,Chinook,2007-07-14,07/14,751,751,166642,daily,PilotCounts.xlsx,AllChinook,L49,2007,
2007,pilot,Chinook,2007-07-15,07/15,1250,1250,167892,daily,PilotCounts.xlsx,AllChinook,L50,2007,
2007,pilot,Chinook,2007-07-16,07/16,181,181,168073,daily,PilotCounts.xlsx,AllChinook,L51,2007,
2007,pilot,Chinook,2007-07-17,07/17,78,78,168151,daily,PilotCounts.xlsx,AllChinook,L52,2007,
2007,pilot,Chinook,2007-07-18,07/18,0,0,168151,daily,PilotCounts.xlsx,AllChinook,L53,2007,
2007,pilot,Chinook,2007-07-19,07/19,0,0,168151,daily,PilotCounts.xlsx,AllChinook,L54,2007,
2007,pilot,Chinook,2007-07-20,07/20,462,462,168613,daily,PilotCounts.xlsx,AllChinook,L55,2007,
2007,pilot,Chinook,2007-07-21,07/21,132,132,168745,daily,PilotCounts.xlsx,AllChinook,L56,2007,
2007,pilot,Chinook,2007-07-22,07/22,0,0,168745,daily,PilotCounts.xlsx,AllChinook,L57,2007,
2007,pilot,Chinook,2007-07-23,07/23,428,428,169173,daily,PilotCounts.xlsx,AllChinook,L58,2007,
2007,pilot,Chinook,2007-07-24,07/24,0,0,169173,daily,PilotCounts.xlsx,AllChinook,L59,2007,
2007,pilot,Chinook,2007-07-25,07/25,528,528,169701,daily,PilotCounts.xlsx,AllChinook,L60,2007,
2007,pilot,Chinook,2007-07-26,07/26,103,103,169804,daily,PilotCounts.xlsx,AllChinook,L61,2007,
2007,pilot,Chinook,2007-07-27,07/27,0,0,169804,daily,PilotCounts.xlsx,AllChinook,L62,2007,
2007,pilot,Chinook,2007-07-28,07/28,0,0,169804,daily,PilotCounts.xlsx,AllChinook,L63,2007,
2007,pilot,Chinook,2007-07-29,07/29,128,128,169932,daily,PilotCounts.xlsx,AllChinook,L64,2007,
2007,pilot,Chinook,2007-07-30,07/30,0,0,169932,daily,PilotCounts.xlsx,AllChinook,L65,2007,
2007,pilot,Chinook,2007-07-31,07/31,0,0,169932,daily,PilotCounts.xlsx,AllChinook,L66,2007,
2007,pilot,Chinook,2007-08-01,08/01,0,0,169932,daily,PilotCounts.xlsx,AllChinook,L67,2007,
2007,pilot,Chinook,2007-08-02,08/02,0,0,169932,daily,PilotCounts.xlsx,AllChinook,L68,2007,
2007,pilot,Chinook,2007-08-03,08/03,0,0,169932,daily,PilotCounts.xlsx,AllChinook,L69,2007,
2007,pilot,Chinook,2007-08-04,08/04,0,0,169932,daily,PilotCounts.xlsx,AllChinook,L70,2007,
2007,pilot,Chinook,2007-08-05,08/05,0,0,169932,daily,PilotCounts.xlsx,AllChinook,L71,2007,
2007,pilot,Chinook,2007-08-06,08/06,0,0,169932,daily,PilotCounts.xlsx,AllChinook,L72,2007,
2007,pilot,Chinook,2007-08-07,08/07,0,0,169932,daily,PilotCounts.xlsx,AllChinook,L73,2007,
2007,pilot,Chinook,2007-08-08,08/08,0,0,169932,daily,PilotCounts.xlsx,AllChinook,L74,2007,
2007,pilot,Chinook,2007-08-09,08/09,0,0,169932,daily,PilotCounts.xlsx,AllChinook,L75,2007,
2007,pilot,Chinook,2007-08-10,08/10,0,0,169932,daily,PilotCounts.xlsx,AllChinook,L76,2007,
2007,pilot,Chinook,2007-08-11,08/11,0,0,169932,daily,PilotCounts.xlsx,AllChinook,L77,2007,
2007,pilot,Chinook,2007-08-12,08/12,0,0,169932,daily,PilotCounts.xlsx,AllChinook,L78,2007,
2007,pilot,Chinook,2007-08-13,08/13,0,0,169932,daily,PilotCounts.xlsx,AllChinook,L79,2007,
2007,pilot,Chinook,2007-08-14,08/14,0,0,169932,daily,PilotCounts.xlsx,AllChinook,L80,2007,
2007,pilot,Chinook,2007-08-15,08/15,188,188,170120,daily,PilotCounts.xlsx,AllChinook,L81,2007,
2007,pilot,Chinook,2007-08-16,08/16,126,126,170246,daily,PilotCounts.xlsx,AllChinook,L82,2007,
2007,pilot,Chum,2007-05-31,05/31,0,0,0,daily,PilotCounts.xlsx,AllChum,M5,2007,
2007,pilot,Chum,2007-06-01,06/01,0,0,0,daily,PilotCounts.xlsx,AllChum,M6,2007,
2007,pilot,Chum,2007-06-02,06/02,0,0,0,daily,PilotCounts.xlsx,AllChum,M7,2007,
2007,pilot,Chum,2007-06-03,06/03,0,0,0,daily,PilotCounts.xlsx,AllChum,M8,2007,
2007,pilot,Chum,2007-06-04,06/04,1667,1667,1667,daily,PilotCounts.xlsx,AllChum,M9,2007,
2007,pilot,Chum,2007-06-05,06/05,1279,1279,2946,daily,PilotCounts.xlsx,AllChum,M10,2007,
2007,pilot,Chum,2007-06-06,06/06,0,0,2946,daily,PilotCounts.xlsx,AllChum,M11,2007,
2007,pilot,Chum,2007-06-07,06/07,0,0,2946,daily,PilotCounts.xlsx,AllChum,M12,2007,
2007,pilot,Chum,2007-06-08,06/08,768,768,3714,daily,PilotCounts.xlsx,AllChum,M13,2007,
2007,pilot,Chum,2007-06-09,06/09,727,727,4441,daily,PilotCounts.xlsx,AllChum,M14,2007,
2007,pilot,Chum,2007-06-10,06/10,1027,1027,5468,daily,PilotCounts.xlsx,AllChum,M15,2007,
2007,pilot,Chum,2007-06-11,06/11,2397,2397,7865,daily,PilotCounts.xlsx,AllChum,M16,2007,
2007,pilot,Chum,2007-06-12,06/12,3135,3135,11000,daily,PilotCounts.xlsx,AllChum,M17,2007,
2007,pilot,Chum,2007-06-13,06/13,2595,2595,13595,daily,PilotCounts.xlsx,AllChum,M18,2007,
2007,pilot,Chum,2007-06-14,06/14,4165,4165,17760,daily,PilotCounts.xlsx,AllChum,M19,2007,
2007,pilot,Chum,2007-06-15,06/15,14768,14768,32528,daily,PilotCounts.xlsx,AllChum,M20,2007,
2007,pilot,Chum,2007-06-16,06/16,28064,28064,60592,daily,PilotCounts.xlsx,AllChum,M21,2007,
2007,pilot,Chum,2007-06-17,06/17,95442,95442,156034,daily,PilotCounts.xlsx,AllChum,M22,2007,
2007,pilot,Chum,2007-06-18,06/18,85410,85410,241444,daily,PilotCounts.xlsx,AllChum,M23,2007,
2007,pilot,Chum,2007-06-19,06/19,71703,71703,313147,daily,PilotCounts.xlsx,AllChum,M24,2007,
2007,pilot,Chum,2007-06-20,06/20,62697,62697,375844,daily,PilotCounts.xlsx,AllChum,M25,2007,
2007,pilot,Chum,2007-06-21,06/21,34294,34294,410138,daily,PilotCounts.xlsx,AllChum,M26,2007,
2007,pilot,Chum,2007-06-22,06/22,34860,34860,444998,daily,PilotCounts.xlsx,AllChum,M27,2007,
2007,pilot,Chum,2007-06-23,06/23,49988,49988,494986,daily,PilotCounts.xlsx,AllChum,M28,2007,
2007,pilot,Chum,2007-06-24,06/24,71331,71331,566317,daily,PilotCounts.xlsx,AllChum,M29,2007,
2007,pilot,Chum,2007-06-25,06/25,68444,68444,634761,daily,PilotCounts.xlsx,AllChum,M30,2007,
2007,pilot,Chum,2007-06-26,06/26,80531,80531,715292,daily,PilotCounts.xlsx,AllChum,M31,2007,
2007,pilot,Chum,2007-06-27,06/27,68777,68777,784069,daily,PilotCounts.xlsx,AllChum,M32,2007,
2007,pilot,Chum,2007-06-28,06/28,88287,88287,872356,daily,PilotCounts.xlsx,AllChum,M33,2007,
2007,pilot,Chum,2007-06-29,06/29,101919,101919,974275,daily,PilotCounts.xlsx,AllChum,M34,2007,
2007,pilot,Chum,2007-06-30,06/30,92186,92186,1066461,daily,PilotCounts.xlsx,AllChum,M35,2007,
2007,pilot,Chum,2007-07-01,07/01,98376,98376,1164837,daily,PilotCounts.xlsx,AllChum,M36,2007,
2007,pilot,Chum,2007-07-02,07/02,69290,69290,1234127,daily,PilotCounts.xlsx,AllChum,M37,2007,
2007,pilot,Chum,2007-07-03,07/03,39741,39741,1273868,daily,PilotCounts.xlsx,AllChum,M38,2007,
2007,pilot,Chum,2007-07-04,07/04,42018,42018,1315886,daily,PilotCounts.xlsx,AllChum,M39,2007,
2007,pilot,Chum,2007-07-05,07/05,86301,86301,1402187,daily,PilotCounts.xlsx,AllChum,M40,2007,
2007,pilot,Chum,2007-07-06,07/06,83481,83481,1485668,daily,PilotCounts.xlsx,AllChum,M41,2007,
2007,pilot,Chum,2007-07-07,07/07,47792,47792,1533460,daily,PilotCounts.xlsx,AllChum,M42,2007,
2007,pilot,Chum,2007-07-08,07/08,29676,29676,1563136,daily,PilotCounts.xlsx,AllChum,M43,2007,
2007,pilot,Chum,2007-07-09,07/09,28745,28745,1591881,daily,PilotCounts.xlsx,AllChum,M44,2007,
2007,pilot,Chum,2007-07-10,07/10,55212,55212,1647093,daily,PilotCounts.xlsx,AllChum,M45,2007,
2007,pilot,Chum,2007-07-11,07/11,44944,44944,1692037,daily,PilotCounts.xlsx,AllChum,M46,2007,
2007,pilot,Chum,2007-07-12,07/12,22874,22874,1714911,daily,PilotCounts.xlsx,AllChum,M47,2007,
2007,pilot,Chum,2007-07-13,07/13,50029,50029,1764940,daily,PilotCounts.xlsx,AllChum,M48,2007,
2007,pilot,Chum,2007-07-14,07/14,38390,38390,1803330,daily,PilotCounts.xlsx,AllChum,M49,2007,
2007,pilot,Chum,2007-07-15,07/15,19682,19682,1823012,daily,PilotCounts.xlsx,AllChum,M50,2007,
2007,pilot,Chum,2007-07-16,07/16,10537,10537,1833549,daily,PilotCounts.xlsx,AllChum,M51,2007,
2007,pilot,Chum,2007-07-17,07/17,17995,17995,1851544,daily,PilotCounts.xlsx,AllChum,M52,2007,
2007,pilot,Chum,2007-07-18,07/18,23947,23947,1875491,daily,PilotCounts.xlsx,AllChum,M53,2007,
2007,pilot,Chum,2007-07-19,07/19,19312,19312,1894803,daily,PilotCounts.xlsx,AllChum,M54,2007,
2007,pilot,Chum,2007-07-20,07/20,9395,9395,1904198,daily,PilotCounts.xlsx,AllChum,M55,2007,
2007,pilot,Chum,2007-07-21,07/21,10193,10193,1914391,daily,PilotCounts.xlsx,AllChum,M56,2007,
2007,pilot,Chum,2007-07-22,07/22,5907,5907,1920298,daily,PilotCounts.xlsx,AllChum,M57,2007,
2007,pilot,Chum,2007-07-23,07/23,6315,6315,1926613,daily,PilotCounts.xlsx,AllChum,M58,2007,
2007,pilot,Chum,2007-07-24,07/24,2316,2316,1928929,daily,PilotCounts.xlsx,AllChum,M59,2007,
2007,pilot,Chum,2007-07-25,07/25,2024,2024,1930953,daily,PilotCounts.xlsx,AllChum,M60,2007,
2007,pilot,Chum,2007-07-26,07/26,2243,2243,1933196,daily,PilotCounts.xlsx,AllChum,M61,2007,
2007,pilot,Chum,2007-07-27,07/27,2707,2707,1935903,daily,PilotCounts.xlsx,AllChum,M62,2007,
2007,pilot,Chum,2007-07-28,07/28,4055,4055,1939958,daily,PilotCounts.xlsx,AllChum,M63,2007,
2007,pilot,Chum,2007-07-29,07/29,3417,3417,1943375,daily,PilotCounts.xlsx,AllChum,M64,2007,
2007,pilot,Chum,2007-07-30,07/30,7760,7760,1951135,daily,PilotCounts.xlsx,AllChum,M65,2007,
2007,pilot,Chum,2007-07-31,07/31,14812,14812,1965947,daily,PilotCounts.xlsx,AllChum,M66,2007,
2007,pilot,Chum,2007-08-01,08/01,9645,9645,1975592,daily,PilotCounts.xlsx,AllChum,M67,2007,
2007,pilot,Chum,2007-08-02,08/02,5596,5596,1981188,daily,PilotCounts.xlsx,AllChum,M68,2007,
2007,pilot,Chum,2007-08-03,08/03,5023,5023,1986211,daily,PilotCounts.xlsx,AllChum,M69,2007,
2007,pilot,Chum,2007-08-04,08/04,11557,11557,1997768,daily,PilotCounts.xlsx,AllChum,M70,2007,
2007,pilot,Chum,2007-08-05,08/05,13243,13243,2011011,daily,PilotCounts.xlsx,AllChum,M71,2007,
2007,pilot,Chum,2007-08-06,08/06,3281,3281,2014292,daily,PilotCounts.xlsx,AllChum,M72,2007,
2007,pilot,Chum,2007-08-07,08/07,1316,1316,2015608,daily,PilotCounts.xlsx,AllChum,M73,2007,
2007,pilot,Chum,2007-08-08,08/08,23905,23905,2039513,daily,PilotCounts.xlsx,AllChum,M74,2007,
2007,pilot,Chum,2007-08-09,08/09,125554,125554,2165067,daily,PilotCounts.xlsx,AllChum,M75,2007,
2007,pilot,Chum,2007-08-10,08/10,94408,94408,2259475,daily,PilotCounts.xlsx,AllChum,M76,2007,
2007,pilot,Chum,2007-08-11,08/11,26774,26774,2286249,daily,PilotCounts.xlsx,AllChum,M77,2007,
2007,pilot,Chum,2007-08-12,08/12,7203,7203,2293452,daily,PilotCounts.xlsx,AllChum,M78,2007,
2007,pilot,Chum,2007-08-13,08/13,13035,13035,2306487,daily,PilotCounts.xlsx,AllChum,M79,2007,
2007,pilot,Chum,2007-08-14,08/14,18080,18080,2324567,daily,PilotCounts.xlsx,AllChum,M80,2007,
2007,pilot,Chum,2007-08-15,08/15,94009,94009,2418576,daily,PilotCounts.xlsx,AllChum,M81,2007,
2007,pilot,Chum,2007-08-16,08/16,63035,63035,2481611,daily,PilotCounts.xlsx,AllChum,M82,2007,
2007,pilot,Chum,2007-08-17,08/17,19476,19476,2501087,daily,PilotCounts.xlsx,AllChum,M83,2007,
2007,pilot,Chum,2007-08-18,08/18,5518,5518,2506605,daily,PilotCounts.xlsx,AllChum,M84,2007,
2007,pilot,Chum,2007-08-19,08/19,2893,2893,2509498,daily,PilotCounts.xlsx,AllChum,M85,2007,
2007,pilot,Chum,2007-08-20,08/20,3099,3099,2512597,daily,PilotCounts.xlsx,AllChum,M86,2007,
2007,pilot,Chum,2007-08-21,08/21,1790,1790,2514387,daily,PilotCounts.xlsx,AllChum,M87,2007,
2007,pilot,Chum,2007-08-22,08/22,5848,5848,2520235,daily,PilotCounts.xlsx,AllChum,M88,2007,
2007,pilot,Chum,2007-08-23,08/23,4212,4212,2524447,daily,PilotCounts.xlsx,AllChum,M89,2007,
2007,pilot,Chum,2007-08-24,08/24,2212,2212,2526659,daily,PilotCounts.xlsx,AllChum,M90,2007,
2007,pilot,Chum,2007-08-25,08/25,1621,1621,2528280,daily,PilotCounts.xlsx,AllChum,M91,2007,
2007,pilot,Chum,2007-08-26,08/26,19641,19641,2547921,daily,PilotCounts.xlsx,AllChum,M92,2007,
2007,pilot,Chum,2007-08-27,08/27,25141,25141,2573062,daily,PilotCounts.xlsx,AllChum,M93,2007,
2007,pilot,Chum,2007-08-28,08/28,5034,5034,2578096,daily,PilotCounts.xlsx,AllChum,M94,2007,
2007,pilot,Chum,2007-08-29,08/29,9604,9604,2587700,daily,PilotCounts.xlsx,AllChum,M95,2007,
2007,pilot,Chum,2007-08-30,08/30,12882,12882,2600582,daily,PilotCounts.xlsx,AllChum,M96,2007,
2007,pilot,Chum,2007-08-31,08/31,15104,15104,2615686,daily,PilotCounts.xlsx,AllChum,M97,2007,
2007,pilot,Pink,2007-07-02,07/02,396,,396,cumulative,PilotCounts.xlsx,Pink,M37,2007,
2007,pilot,Pink,2007-07-03,07/03,694,298,694,cumulative,PilotCounts.xlsx,Pink,M38,2007,
2007,pilot,Pink,2007-07-04,07/04,694,0,694,cumulative,PilotCounts.xlsx,Pink,M39,2007,
2007,pilot,Pink,2007-07-05,07/05,694,0,694,cumulative,PilotCounts.xlsx,Pink,M40,2007,
2007,pilot,Pink,2007-07-06,07/06,1080,386,1080,cumulative,PilotCounts.xlsx,Pink,M41,2007,
2007,pilot,Pink,2007-07-07,07/07,1663,583,1663,cumulative,PilotCounts.xlsx,Pink,M42,2007,
2007,pilot,Pink,2007-07-08,07/08,2140,477,2140,cumulative,PilotCounts.xlsx,Pink,M43,2007,
2007,pilot,Pink,2007-07-09,07/09,2140,0,2140,cumulative,PilotCounts.xlsx,Pink,M44,2007,
2007,pilot,Pink,2007-07-10,07/10,2140,0,2140,cumulative,PilotCounts.xlsx,Pink,M45,2007,
2007,pilot,Pink,2007-07-11,07/11,2689,549,2689,cumulative,PilotCounts.xlsx,Pink,M46,2007,
2007,pilot,Pink,2007-07-12,07/12,3109,420,3109,cumulative,PilotCounts.xlsx,Pink,M47,2007,
2007,pilot,Pink,2007-07-13,07/13,3472,363,3472,cumulative,PilotCounts.xlsx,Pink,M48,2007,
2007,pilot,Pink,2007-07-14,07/14,7550,4078,7550,cumulative,PilotCounts.xlsx,Pink,M49,2007,
2007,pilot,Pink,2007-07-15,07/15,7550,0,7550,cumulative,PilotCounts.xlsx,Pink,M50,2007,
2007,pilot,Pink,2007-07-16,07/16,11906,4356,11906,cumulative,PilotCounts.xlsx,Pink,M51,2007,
2007,pilot,Pink,2007-07-17,07/17,15314,3408,15314,cumulative,PilotCounts.xlsx,Pink,M52,2007,
2007,pilot,Pink,2007-07-18,07/18,23842,8528,23842,cumulative,PilotCounts.xlsx,Pink,M53,2007,
2007,pilot,Pink,2007-07-19,07/19,32446,8604,32446,cumulative,PilotCounts.xlsx,Pink,M54,2007,
2007,pilot,Pink,2007-07-20,07/20,41970,9524,41970,cumulative,PilotCounts.xlsx,Pink,M55,2007,
2007,pilot,Pink,2007-07-21,07/21,46356,4386,46356,cumulative,PilotCounts.xlsx,Pink,M56,2007,
2007,pilot,Pink,2007-07-22,07/22,55718,9362,55718,cumulative,PilotCounts.xlsx,Pink,M57,2007,
2007,pilot,Pink,2007-07-23,07/23,63157,7439,63157,cumulative,PilotCounts.xlsx,Pink,M58,2007,
2007,pilot,Pink,2007-07-24,07/24,71505,8348,71505,cumulative,PilotCounts.xlsx,Pink,M59,2007,
2007,pilot,Pink,2007-07-25,07/25,78227,6722,78227,cumulative,PilotCounts.xlsx,Pink,M60,2007,
2007,pilot,Pink,2007-07-26,07/26,83287,5060,83287,cumulative,PilotCounts.xlsx,Pink,M61,2007,
2007,pilot,Pink,2007-07-27,07/27,87154,3867,87154,cumulative,PilotCounts.xlsx,Pink,M62,2007,
2007,pilot,Pink,2007-07-28,07/28,93044,5890,93044,cumulative,PilotCounts.xlsx,Pink,M63,2007,
2007,pilot,Pink,2007-07-29,07/29,93785,741,93785,cumulative,PilotCounts.xlsx,Pink,M64,2007,
2007,pilot,Pink,2007-07-30,07/30,96332,2547,96332,cumulative,PilotCounts.xlsx,Pink,M65,2007,
2007,pilot,Pink,2007-07-31,07/31,97096,764,97096,cumulative,PilotCounts.xlsx,Pink,M66,2007,
2007,pilot,Pink,2007-08-01,08/01,102448,5352,102448,cumulative,PilotCounts.xlsx,Pink,M67,2007,
2007,pilot,Pink,2007-08-02,08/02,103533,1085,103533,cumulative,PilotCounts.xlsx,Pink,M68,2007,
2007,pilot,Pink,2007-08-03,08/03,104215,682,104215,cumulative,PilotCounts.xlsx,Pink,M69,2007,
2007,pilot,Pink,2007-08-04,08/04,105756,1541,105756,cumulative,PilotCounts.xlsx,Pink,M70,2007,
2007,pilot,Pink,2007-08-05,08/05,106673,917,106673,cumulative,PilotCounts.xlsx,Pink,M71,2007,
2007,pilot,Pink,2007-08-06,08/06,110551,3878,110551,cumulative,PilotCounts.xlsx,Pink,M72,2007,
2007,pilot,Pink,2007-08-07,08/07,111717,1166,111717,cumulative,PilotCounts.xlsx,Pink,M73,2007,
2007,pilot,Pink,2007-08-08,08/08,115013,3296,115013,cumulative,PilotCounts.xlsx,Pink,M74,2007,
2007,pilot,Pink,2007-08-09,08/09,116007,994,116007,cumulative,PilotCounts.xlsx,Pink,M75,2007,
2007,pilot,Pink,2007-08-10,08/10,120643,4636,120643,cumulative,PilotCounts.xlsx,Pink,M76,2007,
2007,pilot,Pink,2007-08-11,08/11,120643,0,120643,cumulative,PilotCounts.xlsx,Pink,M77,2007,
2007,pilot,Pink,2007-08-12,08/12,120643,0,120643,cumulative,PilotCounts.xlsx,Pink,M78,2007,
2007,pilot,Pink,2007-08-13,08/13,121580,937,121580,cumulative,PilotCounts.xlsx,Pink,M79,2007,
2007,pilot,Pink,2007-08-14,08/14,122426,846,122426,cumulative,PilotCounts.xlsx,Pink,M80,2007,
2007,pilot,Pink,2007-08-15,08/15,123206,780,123206,cumulative,PilotCounts.xlsx,Pink,M81,2007,
2007,pilot,Pink,2007-08-16,08/16,123931,725,123931,cumulative,PilotCounts.xlsx,Pink,M82,2007,
2007,pilot,Pink,2007-08-17,08/17,125117,1186,125117,cumulative,PilotCounts.xlsx,Pink,M83,2007,
2007,pilot,Pink,2007-08-18,08/18,125117,0,125117,cumulative,PilotCounts.xlsx,Pink,M84,2007,
2007,pilot,Pink,2007-08-19,08/19,125117,0,125117,cumulative,PilotCounts.xlsx,Pink,M85,2007,
2007,pilot,Pink,2007-08-20,08/20,125117,0,125117,cumulative,PilotCounts.xlsx,Pink,M86,2007,
2007,pilot,Pink,2007-08-21,08/21,125117,0,125117,cumulative,PilotCounts.xlsx,Pink,M87,2007,
2007,pilot,Pink,2007-08-22,08/22,125706,589,125706,cumulative,PilotCounts.xlsx,Pink,M88,2007,
2007,pilot,Pink,2007-08-23,08/23,126210,504,126210,cumulative,PilotCounts.xlsx,Pink,M89,2007,
2007,pilot,Pink,2007-08-24,08/24,126282,72,126282,cumulative,PilotCounts.xlsx,Pink,M90,2007,
2008,Anvik,Pink,2008-06-18,06/18,0,,0,cumulative,Anvik_PinkCounts.xlsx,Sheet1,AJ6,2008,
2008,Anvik,Pink,2008-06-19,06/19,0,0,0,cumulative,Anvik_PinkCounts.xlsx,Sheet1,AJ7,2008,
2008,Anvik,Pink,2008-06-20,06/20,0,0,0,cumulative,Anvik_PinkCounts.xlsx,Sheet1,AJ8,2008,
2008,Anvik,Pink,2008-06-21,06/21,0,0,0,cumulative,Anvik_PinkCounts.xlsx,Sheet1,AJ9,2008,
2008,Anvik,Pink,2008-06-22,06/22,0,0,0,cumulative,Anvik_PinkCounts.xlsx,Sheet1,AJ10,2008,
2008,Anvik,Pink,2008-06-23,06/23,0,0,0,cumulative,Anvik_PinkCounts.xlsx,Sheet1,AJ11,2008,
2008,Anvik,Pink,2008-06-24,06/24,0,0,0,cumulative,Anvik_PinkCounts.xlsx,Sheet1,AJ12,2008,
2008,Anvik,Pink,2008-06-25,06/25,0,0,0,cumulative,Anvik_PinkCounts.xlsx,Sheet1,AJ13,2008,
2008,Anvik,Pink,2008-06-26,06/26,0,0,0,cumulative,Anvik_PinkCounts.xlsx,Sheet1,AJ14,2008,
2008,Anvik,Pink,2008-06-27,06/27,0,0,0,cumulative,Anvik_PinkCounts.xlsx,Sheet1,AJ15,2008,
2008,Anvik,Pink,2008-06-28,06/28,0,0,0,cumulative,Anvik_PinkCounts.xlsx,Sheet1,AJ16,2008,
2008,Anvik,Pink,2008-06-29,06/29,881,881,881,cumulative,Anvik_PinkCounts.xlsx,Sheet1,AJ17,2008,
2008,Anvik,Pink,2008-06-30,06/30,881,0,881,cumulative,Anvik_PinkCounts.xlsx,Sheet1,AJ18,2008,
2008,Anvik,Pink,2008-07-01,07/01,1500,619,1500,cumulative,Anvik_PinkCounts.xlsx,Sheet1,AJ19,2008,
2008,Anvik,Pink,2008-07-02,07/02,2324,824,2324,cumulative,Anvik_PinkCounts.xlsx,Sheet1,AJ20,2008,
2008,Anvik,Pink,2008-07-03,07/03,3224,900,3224,cumulative,Anvik_PinkCounts.xlsx,Sheet1,AJ21,2008,
2008,Anvik,Pink,2008-07-04,07/04,4434,1210,4434,cumulative,Anvik_PinkCounts.xlsx,Sheet1,AJ22,2008,
2008,Anvik,Pink,2008-07-05,07/05,7741,3307,7741,cumulative,Anvik_PinkCounts.xlsx,Sheet1,AJ23,2008,
2008,Anvik,Pink,2008-07-06,07/06,15771,8030,15771,cumulative,Anvik_PinkCounts.xlsx,Sheet1,AJ24,2008,
2008,Anvik,Pink,2008-07-07,07/07,28702,12931,28702,cumulative,Anvik_PinkCounts.xlsx,Sheet1,AJ25,2008,
2008,Anvik,Pink,2008-07-08,07/08,38750,10048,38750,cumulative,Anvik_PinkCounts.xlsx,Sheet1,AJ26,2008,
2008,Anvik,Pink,2008-07-09,07/09,46110,7360,46110,cumulative,Anvik_PinkCounts.xlsx,Sheet1,AJ27,2008,
2008,Anvik,Pink,2008-07-10,07/10,52594,6484,52594,cumulative,Anvik_PinkCounts.xlsx,Sheet1,AJ28,2008,
2008,Anvik,Pink,2008-07-11,07/11,69314,16720,69314,cumulative,Anvik_PinkCounts.xlsx,Sheet1,AJ29,2008,
2008,Anvik,Pink,2008-07-12,07/12,90916,21602,90916,cumulative,Anvik_PinkCounts.xlsx,Sheet1,AJ30,2008,
2008,Anvik,Pink,2008-07-13,07/13,111405,20489,111405,cumulative,Anvik_PinkCounts.xlsx,Sheet1,AJ31,2008,
2008,Anvik,Pink,2008-07-14,07/14,145756,34351,145756,cumulative,Anvik_PinkCounts.xlsx,Sheet1,AJ32,2008,
2008,Anvik,Pink,2008-07-15,07/15,183668,37912,183668,cumulative,Anvik_PinkCounts.xlsx,Sheet1,AJ33,2008,
2008,Anvik,Pink,2008-07-16,07/16,229274,45606,229274,cumulative,Anvik_PinkCounts.xlsx,Sheet1,AJ34,2008,
2008,Anvik,Pink,2008-07-17,07/17,286056,56782,286056,cumulative,Anvik_PinkCounts.xlsx,Sheet1,AJ35,2008,
2008,Anvik,Pink,2008-07-18,07/18,349472,63416,349472,cumulative,Anvik_PinkCounts.xlsx,Sheet1,AJ36,2008,
2008,Anvik,Pink,2008-07-19,07/19,418372,68900,418372,cumulative,Anvik_PinkCounts.xlsx,Sheet1,AJ37,2008,
2008,Anvik,Pink,2008-07-20,07/20,475799,57427,475799,cumulative,Anvik_PinkCounts.xlsx,Sheet1,AJ38,2008,
2008,Anvik,Pink,2008-07-21,07/21,521893,46094,521893,cumulative,Anvik_PinkCounts.xlsx,Sheet1,AJ39,2008,
2008,Anvik,Pink,2008-07-22,07/22,571714,49821,571714,cumulative,Anvik_PinkCounts.xlsx,Sheet1,AJ40,2008,
2008,Anvik,Pink,2008-07-23,07/23,626913,55199,626913,cumulative,Anvik_PinkCounts.xlsx,Sheet1,AJ41,2008,
2008,Anvik,Pink,2008-07-24,07/24,676119,49206,676119,cumulative,Anvik_PinkCounts.xlsx,Sheet1,AJ42,2008,
2008,Anvik,Pink,2008-07-25,07/25,708608,32489,708608,cumulative,Anvik_PinkCounts.xlsx,Sheet1,AJ43,2008,
2008,Anvik,Pink,2008-07-26,07/26,734838,26230,734838,cumulative,Anvik_PinkCounts.xlsx,Sheet1,AJ44,2008,
2008,EF_Andreafsky,Pink,2008-06-21,06/21,0,,0,cumulative,EF_Andreafsky_PinkCounts.xlsx,Sheet1,X9,2008,
2008,EF_Andreafsky,Pink,2008-06-22,06/22,10,10,10,cumulative,EF_Andreafsky_PinkCounts.xlsx,Sheet1,X10,2008,
2008,EF_Andreafsky,Pink,2008-06-23,06/23,23,13,23,cumulative,EF_Andreafsky_PinkCounts.xlsx,Sheet1,X11,2008,
2008,EF_Andreafsky,Pink,2008-06-24,06/24,28,5,28,cumulative,EF_Andreafsky_PinkCounts.xlsx,Sheet1,X12,2008,
2008,EF_Andreafsky,Pink,2008-06-25,06/25,111,83,111,cumulative,EF_Andreafsky_PinkCounts.xlsx,Sheet1,X13,2008,
2008,EF_Andreafsky,Pink,2008-06-26,06/26,325,214,325,cumulative,EF_Andreafsky_PinkCounts.xlsx,Sheet1,X14,2008,
2008,EF_Andreafsky,Pink,2008-06-27,06/27,668,343,668,cumulative,EF_Andreafsky_PinkCounts.xlsx,Sheet1,X15,2008,
2008,EF_Andreafsky,Pink,2008-06-28,06/28,1061,393,1061,cumulative,EF_Andreafsky_PinkCounts.xlsx,Sheet1,X16,2008,
2008,EF_Andreafsky,Pink,2008-06-29,06/29,2025,964,2025,cumulative,EF_Andreafsky_PinkCounts.xlsx,Sheet1,X17,2008,
2008,EF_Andreafsky,Pink,2008-06-30,06/30,2605,580,2605,cumulative,EF_Andreafsky_PinkCounts.xlsx,Sheet1,X18,2008,
2008,EF_Andreafsky,Pink,2008-07-01,07/01,3488,883,3488,cumulative,EF_Andreafsky_PinkCounts.xlsx,Sheet1,X19,2008,
2008,EF_Andreafsky,Pink,2008-07-02,07/02,5685,2197,5685,cumulative,EF_Andreafsky_PinkCounts.xlsx,Sheet1,X20,2008,
2008,EF_Andreafsky,Pink,2008-07-03,07/03,7654,1969,7654,cumulative,EF_Andreafsky_PinkCounts.xlsx,Sheet1,X21,2008,
2008,EF_Andreafsky,Pink,2008-07-04,07/04,12468,4814,12468,cumulative,EF_Andreafsky_PinkCounts.xlsx,Sheet1,X22,2008,
2008,EF_Andreafsky,Pink,2008-07-05,07/05,32436,19968,32436,cumulative,EF_Andreafsky_PinkCounts.xlsx,Sheet1,X23,2008,
2008,EF_Andreafsky,Pink,2008-07-06,07/06,52108,19672,52108,cumulative,EF_Andreafsky_PinkCounts.xlsx,Sheet1,X24,2008,
2008,EF_Andreafsky,Pink,2008-07-07,07/07,76312,24204,76312,cumulative,EF_Andreafsky_PinkCounts.xlsx,Sheet1,X25,2008,
2008,EF_Andreafsky,Pink,2008-07-08,07/08,92999,16687,92999,cumulative,EF_Andreafsky_PinkCounts.xlsx,Sheet1,X26,2008,
2008,EF_Andreafsky,Pink,2008-07-09,07/09,97899,4900,97899,cumulative,EF_Andreafsky_PinkCounts.xlsx,Sheet1,X27,2008,
2008,EF_Andreafsky,Pink,2008-07-10,07/10,98230,331,98230,cumulative,EF_Andreafsky_PinkCounts.xlsx,Sheet1,X28,2008,
2008,EF_Andreafsky,Pink,2008-07-11,07/11,98477,247,98477,cumulative,EF_Andreafsky_PinkCounts.xlsx,Sheet1,X29,2008,
2008,EF_Andreafsky,Pink,2008-07-12,07/12,99122,645,99122,cumulative,EF_Andreafsky_PinkCounts.xlsx,Sheet1,X30,2008,
2008,EF_Andreafsky,Pink,2008-07-13,07/13,100473,1351,100473,cumulative,EF_Andreafsky_PinkCounts.xlsx,Sheet1,X31,2008,
2008,EF_Andreafsky,Pink,2008-07-14,07/14,102032,1559,102032,cumulative,EF_Andreafsky_PinkCounts.xlsx,Sheet1,X32,2008,
2008,EF_Andreafsky,Pink,2008-07-15,07/15,105464,3432,105464,cumulative,EF_Andreafsky_PinkCounts.xlsx,Sheet1,X33,2008,
2008,EF_Andreafsky,Pink,2008-07-16,07/16,111996,6532,111996,cumulative,EF_Andreafsky_PinkCounts.xlsx,Sheet1,X34,2008,
2008,EF_Andreafsky,Pink,2008-07-17,07/17,118789,6793,118789,cumulative,EF_Andreafsky_PinkCounts.xlsx,Sheet1,X35,2008,
2008,EF_Andreafsky,Pink,2008-07-18,07/18,126093,7304,126093,cumulative,EF_Andreafsky_PinkCounts.xlsx,Sheet1,X36,2008,
2008,EF_Andreafsky,Pink,2008-07-19,07/19,133554,7461,133554,cumulative,EF_Andreafsky_PinkCounts.xlsx,Sheet1,X37,2008,
2008,EF_Andreafsky,Pink,2008-07-20,07/20,138910,5356,138910,cumulative,EF_Andreafsky_PinkCounts.xlsx,Sheet1,X38,2008,
2008,EF_Andreafsky,Pink,2008-07-21,07/21,145498,6588,145498,cumulative,EF_Andreafsky_PinkCounts.xlsx,Sheet1,X39,2008,
2008,EF_Andreafsky,Pink,2008-07-22,07/22,148257,2759,148257,cumulative,EF_Andreafsky_PinkCounts.xlsx,Sheet1,X40,2008,
2008,EF_Andreafsky,Pink,2008-07-23,07/23,151252,2995,151252,cumulative,EF_Andreafsky_PinkCounts.xlsx,Sheet1,X41,2008,
2008,EF_Andreafsky,Pink,2008-07-24,07/24,156640,5388,156640,cumulative,EF_Andreafsky_PinkCounts.xlsx,Sheet1,X42,2008,
2008,EF_Andreafsky,Pink,2008-07-25,07/25,159626,2986,159626,cumulative,EF_Andreafsky_PinkCounts.xlsx,Sheet1,X43,2008,
2008,EF_Andreafsky,Pink,2008-07-26,07/26,162076,2450,162076,cumulative,EF_Andreafsky_PinkCounts.xlsx,Sheet1,X44,2008,
2008,EF_Andreafsky,Pink,2008-07-27,07/27,166182,4106,166182,cumulative,EF_Andreafsky_PinkCounts.xlsx,Sheet1,X45,2008,
2008,EF_Andreafsky,Pink,2008-07-28,07/28,174164,7982,174164,cumulative,EF_Andreafsky_PinkCounts.xlsx,Sheet1,X46,2008,
2008,EF_Andreafsky,Pink,2008-07-29,07/29,182365,8201,182365,cumulative,EF_Andreafsky_PinkCounts.xlsx,Sheet1,X47,2008,
2008,EF_Andreafsky,Pink,2008-07-30,07/30,189908,7543,189908,cumulative,EF_Andreafsky_PinkCounts.xlsx,Sheet1,X48,2008,
2008,pilot,Chinook,2008-06-07,06/07,1083,1083,1083,daily,PilotCounts.xlsx,AllChinook,M12,2008,
2008,pilot,Chinook,2008-06-08,06/08,1438,1438,2521,daily,PilotCounts.xlsx,AllChinook,M13,2008,
2008,pilot,Chinook,2008-06-09,06/09,587,587,3108,daily,PilotCounts.xlsx,AllChinook,M14,2008,
2008,pilot,Chinook,2008-06-10,06/10,1175,1175,4283,daily,PilotCounts.xlsx,AllChinook,M15,2008,
2008,pilot,Chinook,2008-06-11,06/11,2016,2016,6299,daily,PilotCounts.xlsx,AllChinook,M16,2008,
2008,pilot,Chinook,2008-06-12,06/12,558,558,6857,daily,PilotCounts.xlsx,AllChinook,M17,2008,
2008,pilot,Chinook,2008-06-13,06/13,799,799,7656,daily,PilotCounts.xlsx,AllChinook,M18,2008,
2008,pilot,Chinook,2008-06-14,06/14,749,749,8405,daily,PilotCounts.xlsx,AllChinook,M19,2008,
2008,pilot,Chinook,2008-06-15,06/15,2830,2830,11235,daily,PilotCounts.xlsx,AllChinook,M20,2008,
2008,pilot,Chinook,2008-06-16,06/16,1562,1562,12797,daily,PilotCounts.xlsx,AllChinook,M21,2008,
2008,pilot,Chinook,2008-06-17,06/17,2119,2119,14916,daily,PilotCounts.xlsx,AllChinook,M22,2008,
2008,pilot,Chinook,2008-06-18,06/18,7574,7574,22490,daily,PilotCounts.xlsx,AllChinook,M23,2008,
2008,pilot,Chinook,2008-06-19,06/19,4321,4321,26811,daily,PilotCounts.xlsx,AllChinook,M24,2008,
2008,pilot,Chinook,2008-06-20,06/20,3115,3115,29926,daily,PilotCounts.xlsx,AllChinook,M25,2008,
2008,pilot,Chinook,2008-06-21,06/21,3470,3470,33396,daily,PilotCounts.xlsx,AllChinook,M26,2008,
2008,pilot,Chinook,2008-06-22,06/22,4923,4923,38319,daily,PilotCounts.xlsx,AllChinook,M27,2008,
2008,pilot,Chinook,2008-06-23,06/23,2975,2975,41294,daily,PilotCounts.xlsx,AllChinook,M28,2008,
2008,pilot,Chinook,2008-06-24,06/24,4827,4827,46121,daily,PilotCounts.xlsx,AllChinook,M29,2008,
2008,pilot,Chinook,2008-06-25,06/25,6056,6056,52177,daily,PilotCounts.xlsx,AllChinook,M30,2008,
2008,pilot,Chinook,2008-06-26,06/26,5968,5968,58145,daily,PilotCounts.xlsx,AllChinook,M31,2008,
2008,pilot,Chinook,2008-06-27,06/27,10874,10874,69019,daily,PilotCounts.xlsx,AllChinook,M32,2008,
2008,pilot,Chinook,2008-06-28,06/28,8481,8481,77500,daily,PilotCounts.xlsx,AllChinook,M33,2008,
2008,pilot,Chinook,2008-06-29,06/29,6348,6348,83848,daily,PilotCounts.xlsx,AllChinook,M34,2008,
2008,pilot,Chinook,2008-06-30,06/30,16194,16194,100042,daily,PilotCounts.xlsx,AllChinook,M35,2008,
2008,pilot,Chinook,2008-07-01,07/01,18879,18879,118921,daily,PilotCounts.xlsx,AllChinook,M36,2008,
2008,pilot,Chinook,2008-07-02,07/02,13936,13936,132857,daily,PilotCounts.xlsx,AllChinook,M37,2008,
2008,pilot,Chinook,2008-07-03,07/03,13137,13137,145994,daily,PilotCounts.xlsx,AllChinook,M38,2008,
2008,pilot,Chinook,2008-07-04,07/04,2587,2587,148581,daily,PilotCounts.xlsx,AllChinook,M39,2008,
2008,pilot,Chinook,2008-07-05,07/05,752,752,149333,daily,PilotCounts.xlsx,AllChinook,M40,2008,
2008,pilot,Chinook,2008-07-06,07/06,1573,1573,150906,daily,PilotCounts.xlsx,AllChinook,M41,2008,
2008,pilot,Chinook,2008-07-07,07/07,1968,1968,152874,daily,PilotCounts.xlsx,AllChinook,M42,2008,
2008,pilot,Chinook,2008-07-08,07/08,2592,2592,155466,daily,PilotCounts.xlsx,AllChinook,M43,2008,
2008,pilot,Chinook,2008-07-09,07/09,5582,5582,161048,daily,PilotCounts.xlsx,AllChinook,M44,2008,
2008,pilot,Chinook,2008-07-10,07/10,3328,3328,164376,daily,PilotCounts.xlsx,AllChinook,M45,2008,
2008,pilot,Chinook,2008-07-11,07/11,1386,1386,165762,daily,PilotCounts.xlsx,AllChinook,M46,2008,
2008,pilot,Chinook,2008-07-12,07/12,1421,1421,167183,daily,PilotCounts.xlsx,AllChinook,M47,2008,
2008,pilot,Chinook,2008-07-13,07/13,324,324,167507,daily,PilotCounts.xlsx,AllChinook,M48,2008,
2008,pilot,Chinook,2008-07-14,07/14,2473,2473,169980,daily,PilotCounts.xlsx,AllChinook,M49,2008,
2008,pilot,Chinook,2008-07-15,07/15,2323,2323,172303,daily,PilotCounts.xlsx,AllChinook,M50,2008,
2008,pilot,Chinook,2008-07-16,07/16,34,34,172337,daily,PilotCounts.xlsx,AllChinook,M51,2008,
2008,pilot,Chinook,2008-07-17,07/17,45,45,172382,daily,PilotCounts.xlsx,AllChinook,M52,2008,
2008,pilot,Chinook,2008-07-18,07/18,284,284,172666,daily,PilotCounts.xlsx,AllChinook,M53,2008,
2008,pilot,Chinook,2008-07-19,07/19,240,240,172906,daily,PilotCounts.xlsx,AllChinook,M54,2008,
2008,pilot,Chinook,2008-07-20,07/20,0,0,172906,daily,PilotCounts.xlsx,AllChinook,M55,2008,
2008,pilot,Chinook,2008-07-21,07/21,0,0,172906,daily,PilotCounts.xlsx,AllChinook,M56,2008,
2008,pilot,Chinook,2008-07-22,07/22,851,851,173757,daily,PilotCounts.xlsx,AllChinook,M57,2008,
2008,pilot,Chinook,2008-07-23,07/23,0,0,173757,daily,PilotCounts.xlsx,AllChinook,M58,2008,
2008,pilot,Chinook,2008-07-24,07/24,0,0,173757,daily,PilotCounts.xlsx,AllChinook,M59,2008,
2008,pilot,Chinook,2008-07-25,07/25,46,46,173803,daily,PilotCounts.xlsx,AllChinook,M60,2008,
2008,pilot,Chinook,2008-07-26,07/26,0,0,173803,daily,PilotCounts.xlsx,AllChinook,M61,2008,
2008,pilot,Chinook,2008-07-27,07/27,0,0,173803,daily,PilotCounts.xlsx,AllChinook,M62,2008,
2008,pilot,Chinook,2008-07-28,07/28,0,0,173803,daily,PilotCounts.xlsx,AllChinook,M63,2008,
2008,pilot,Chinook,2008-07-29,07/29,0,0,173803,daily,PilotCounts.xlsx,AllChinook,M64,2008,
2008,pilot,Chinook,2008-07-30,07/30,0,0,173803,daily,PilotCounts.xlsx,AllChinook,M65,2008,
2008,pilot,Chinook,2008-07-31,07/31,0,0,173803,daily,PilotCounts.xlsx,AllChinook,M66,2008,
2008,pilot,Chinook,2008-08-01,08/01,0,0,173803,daily,PilotCounts.xlsx,AllChinook,M67,2008,
2008,pilot,Chinook,2008-08-02,08/02,179,179,173982,daily,PilotCounts.xlsx,AllChinook,M68,2008,
2008,pilot,Chinook,2008-08-03,08/03,0,0,173982,daily,PilotCounts.xlsx,AllChinook,M69,2008,
2008,pilot,Chinook,2008-08-04,08/04,0,0,173982,daily,PilotCounts.xlsx,AllChinook,M70,2008,
2008,pilot,Chinook,2008-08-05,08/05,0,0,173982,daily,PilotCounts.xlsx,AllChinook,M71,2008,
2008,pilot,Chinook,2008-08-06,08/06,0,0,173982,daily,PilotCounts.xlsx,AllChinook,M72,2008,
2008,pilot,Chinook,2008-08-07,08/07,0,0,173982,daily,PilotCounts.xlsx,AllChinook,M73,2008,
2008,pilot,Chinook,2008-08-08,08/08,0,0,173982,daily,PilotCounts.xlsx,AllChinook,M74,2008,
2008,pilot,Chinook,2008-08-09,08/09,0,0,173982,daily,PilotCounts.xlsx,AllChinook,M75,2008,
2008,pilot,Chinook,2008-08-10,08/10,0,0,173982,daily,PilotCounts.xlsx,AllChinook,M76,2008,
2008,pilot,Chinook,2008-08-11,08/11,0,0,173982,daily,PilotCounts.xlsx,AllChinook,M77,2008,
2008,pilot,Chinook,2008-08-12,08/12,425,425,174407,daily,PilotCounts.xlsx,AllChinook,M78,2008,
2008,pilot,Chinook,2008-08-13,08/13,0,0,174407,daily,PilotCounts.xlsx,AllChinook,M79,2008,
2008,pilot,Chinook,2008-08-14,08/14,0,0,174407,daily,PilotCounts.xlsx,AllChinook,M80,2008,
2008,pilot,Chinook,2008-08-15,08/15,0,0,174407,daily,PilotCounts.xlsx,AllChinook,M81,2008,
2008,pilot,Chinook,2008-08-16,08/16,0,0,174407,daily,PilotCounts.xlsx,AllChinook,M82,2008,
2008,pilot,Chinook,2008-08-17,08/17,0,0,174407,daily,PilotCounts.xlsx,AllChinook,M83,2008,
2008,pilot,Chinook,2008-08-18,08/18,0,0,174407,daily,PilotCounts.xlsx,AllChinook,M84,2008,
2008,pilot,Chinook,2008-08-19,08/19,0,0,174407,daily,PilotCounts.xlsx,AllChinook,M85,2008,
2008,pilot,Chinook,2008-08-20,08/20,0,0,174407,daily,PilotCounts.xlsx,AllChinook,M86,2008,
2008,pilot,Chinook,2008-08-21,08/21,0,0,174407,daily,PilotCounts.xlsx,AllChinook,M87,2008,
2008,pilot,Chinook,2008-08-22,08/22,0,0,174407,daily,PilotCounts.xlsx,AllChinook,M88,2008,
2008,pilot,Chinook,2008-08-23,08/23,0,0,174407,daily,PilotCounts.xlsx,AllChinook,M89,2008,
2008,pilot,Chinook,2008-08-24,08/24,0,0,174407,daily,PilotCounts.xlsx,AllChinook,M90,2008,
2008,pilot,Chinook,2008-08-25,08/25,0,0,174407,daily,PilotCounts.xlsx,AllChinook,M91,2008,
2008,pilot,Chinook,2008-08-26,08/26,0,0,174407,daily,PilotCounts.xlsx,AllChinook,M92,2008,
2008,pilot,Chinook,2008-08-27,08/27,0,0,174407,daily,PilotCounts.xlsx,AllChinook,M93,2008,
2008,pilot,Chinook,2008-08-28,08/28,0,0,174407,daily,PilotCounts.xlsx,AllChinook,M94,2008,
2008,pilot,Chinook,2008-08-29,08/29,0,0,174407,daily,PilotCounts.xlsx,AllChinook,M95,2008,
2008,pilot,Chinook,2008-08-30,08/30,0,0,174407,daily,PilotCounts.xlsx,AllChinook,M96,2008,
2008,pilot,Chinook,2008-08-31,08/31,0,0,174407,daily,PilotCounts.xlsx,AllChinook,M97,2008,
2008,pilot,Chinook,2008-09-01,09/01,0,0,174407,daily,PilotCounts.xlsx,AllChinook,M98,2008,
2008,pilot,Chinook,2008-09-02,09/02,0,0,174407,daily,PilotCounts.xlsx,AllChinook,M99,2008,
2008,pilot,Chinook,2008-09-03,09/03,0,0,174407,daily,PilotCounts.xlsx,AllChinook,M100,2008,
2008,pilot,Chinook,2008-09-04,09/04,0,0,174407,daily,PilotCounts.xlsx,AllChinook,M101,2008,
2008,pilot,Chinook,2008-09-05,09/05,0,0,174407,daily,PilotCounts.xlsx,AllChinook,M102,2008,
2008,pilot,Chinook,2008-09-06,09/06,639,639,175046,daily,PilotCounts.xlsx,AllChinook,M103,2008,
2008,pilot,Chum,2008-06-01,06/01,0,0,0,daily,PilotCounts.xlsx,AllChum,N6,2008,
2008,pilot,Chum,2008-06-02,06/02,0,0,0,daily,PilotCounts.xlsx,AllChum,N7,2008,
2008,pilot,Chum,2008-06-03,06/03,0,0,0,daily,PilotCounts.xlsx,AllChum,N8,2008,
2008,pilot,Chum,2008-06-04,06/04,0,0,0,daily,PilotCounts.xlsx,AllChum,N9,2008,
2008,pilot,Chum,2008-06-05,06/05,0,0,0,daily,PilotCounts.xlsx,AllChum,N10,2008,
2008,pilot,Chum,2008-06-06,06/06,0,0,0,daily,PilotCounts.xlsx,AllChum,N11,2008,
2008,pilot,Chum,2008-06-07,06/07,0,0,0,daily,PilotCounts.xlsx,AllChum,N12,2008,
2008,pilot,Chum,2008-06-08,06/08,0,0,0,daily,PilotCounts.xlsx,AllChum,N13,2008,
2008,pilot,Chum,2008-06-09,06/09,391,391,391,daily,PilotCounts.xlsx,AllChum,N14,2008,
2008,pilot,Chum,2008-06-10,06/10,1366,1366,1757,daily,PilotCounts.xlsx,AllChum,N15,2008,
2008,pilot,Chum,2008-06-11,06/11,3363,3363,5120,daily,PilotCounts.xlsx,AllChum,N16,2008,
2008,pilot,Chum,2008-06-12,06/12,4241,4241,9361,daily,PilotCounts.xlsx,AllChum,N17,2008,
2008,pilot,Chum,2008-06-13,06/13,4665,4665,14026,daily,PilotCounts.xlsx,AllChum,N18,2008,
2008,pilot,Chum,2008-06-14,06/14,6223,6223,20249,daily,PilotCounts.xlsx,AllChum,N19,2008,
2008,pilot,Chum,2008-06-15,06/15,7109,7109,27358,daily,PilotCounts.xlsx,AllChum,N20,2008,
2008,pilot,Chum,2008-06-16,06/16,16204,16204,43562,daily,PilotCounts.xlsx,AllChum,N21,2008,
2008,pilot,Chum,2008-06-17,06/17,20449,20449,64011,daily,PilotCounts.xlsx,AllChum,N22,2008,
2008,pilot,Chum,2008-06-18,06/18,35426,35426,99437,daily,PilotCounts.xlsx,AllChum,N23,2008,
2008,pilot,Chum,2008-06-19,06/19,51349,51349,150786,daily,PilotCounts.xlsx,AllChum,N24,2008,
2008,pilot,Chum,2008-06-20,06/20,30140,30140,180926,daily,PilotCounts.xlsx,AllChum,N25,2008,
2008,pilot,Chum,2008-06-21,06/21,30485,30485,211411,daily,PilotCounts.xlsx,AllChum,N26,2008,
2008,pilot,Chum,2008-06-22,06/22,30932,30932,242343,daily,PilotCounts.xlsx,AllChum,N27,2008,
2008,pilot,Chum,2008-06-23,06/23,32855,32855,275198,daily,PilotCounts.xlsx,AllChum,N28,2008,
2008,pilot,Chum,2008-06-24,06/24,44268,44268,319466,daily,PilotCounts.xlsx,AllChum,N29,2008,
2008,pilot,Chum,2008-06-25,06/25,47173,47173,366639,daily,PilotCounts.xlsx,AllChum,N30,2008,
2008,pilot,Chum,2008-06-26,06/26,64157,64157,430796,daily,PilotCounts.xlsx,AllChum,N31,2008,
2008,pilot,Chum,2008-06-27,06/27,74347,74347,505143,daily,PilotCounts.xlsx,AllChum,N32,2008,
2008,pilot,Chum,2008-06-28,06/28,83684,83684,588827,daily,PilotCounts.xlsx,AllChum,N33,2008,
2008,pilot,Chum,2008-06-29,06/29,157874,157874,746701,daily,PilotCounts.xlsx,AllChum,N34,2008,
2008,pilot,Chum,2008-06-30,06/30,151733,151733,898434,daily,PilotCounts.xlsx,AllChum,N35,2008,
2008,pilot,Chum,2008-07-01,07/01,158350,158350,1056784,daily,PilotCounts.xlsx,AllChum,N36,2008,
2008,pilot,Chum,2008-07-02,07/02,95100,95100,1151884,daily,PilotCounts.xlsx,AllChum,N37,2008,
2008,pilot,Chum,2008-07-03,07/03,122058,122058,1273942,daily,PilotCounts.xlsx,AllChum,N38,2008,
2008,pilot,Chum,2008-07-04,07/04,31910,31910,1305852,daily,PilotCounts.xlsx,AllChum,N39,2008,
2008,pilot,Chum,2008-07-05,07/05,12147,12147,1317999,daily,PilotCounts.xlsx,AllChum,N40,2008,
2008,pilot,Chum,2008-07-06,07/06,23882,23882,1341881,daily,PilotCounts.xlsx,AllChum,N41,2008,
2008,pilot,Chum,2008-07-07,07/07,30735,30735,1372616,daily,PilotCounts.xlsx,AllChum,N42,2008,
2008,pilot,Chum,2008-07-08,07/08,78612,78612,1451228,daily,PilotCounts.xlsx,AllChum,N43,2008,
2008,pilot,Chum,2008-07-09,07/09,71316,71316,1522544,daily,PilotCounts.xlsx,AllChum,N44,2008,
2008,pilot,Chum,2008-07-10,07/10,42648,42648,1565192,daily,PilotCounts.xlsx,AllChum,N45,2008,
2008,pilot,Chum,2008-07-11,07/11,63811,63811,1629003,daily,PilotCounts.xlsx,AllChum,N46,2008,
2008,pilot,Chum,2008-07-12,07/12,91515,91515,1720518,daily,PilotCounts.xlsx,AllChum,N47,2008,
2008,pilot,Chum,2008-07-13,07/13,52596,52596,1773114,daily,PilotCounts.xlsx,AllChum,N48,2008,
2008,pilot,Chum,2008-07-14,07/14,28941,28941,1802055,daily,PilotCounts.xlsx,AllChum,N49,2008,
2008,pilot,Chum,2008-07-15,07/15,17998,17998,1820053,daily,PilotCounts.xlsx,AllChum,N50,2008,
2008,pilot,Chum,2008-07-16,07/16,12582,12582,1832635,daily,PilotCounts.xlsx,AllChum,N51,2008,
2008,pilot,Chum,2008-07-17,07/17,8344,8344,1840979,daily,PilotCounts.xlsx,AllChum,N52,2008,
2008,pilot,Chum,2008-07-18,07/18,8574,8574,1849553,daily,PilotCounts.xlsx,AllChum,N53,2008,
2008,pilot,Chum,2008-07-19,07/19,6561,6561,1856114,daily,PilotCounts.xlsx,AllChum,N54,2008,
2008,pilot,Chum,2008-07-20,07/20,5629,5629,1861743,daily,PilotCounts.xlsx,AllChum,N55,2008,
2008,pilot,Chum,2008-07-21,07/21,6628,6628,1868371,daily,PilotCounts.xlsx,AllChum,N56,2008,
2008,pilot,Chum,2008-07-22,07/22,3873,3873,1872244,daily,PilotCounts.xlsx,AllChum,N57,2008,
2008,pilot,Chum,2008-07-23,07/23,6184,6184,1878428,daily,PilotCounts.xlsx,AllChum,N58,2008,
2008,pilot,Chum,2008-07-24,07/24,12618,12618,1891046,daily,PilotCounts.xlsx,AllChum,N59,2008,
2008,pilot,Chum,2008-07-25,07/25,11480,11480,1902526,daily,PilotCounts.xlsx,AllChum,N60,2008,
2008,pilot,Chum,2008-07-26,07/26,8842,8842,1911368,daily,PilotCounts.xlsx,AllChum,N61,2008,
2008,pilot,Chum,2008-07-27,07/27,3002,3002,1914370,daily,PilotCounts.xlsx,AllChum,N62,2008,
2008,pilot,Chum,2008-07-28,07/28,5020,5020,1919390,daily,PilotCounts.xlsx,AllChum,N63,2008,
2008,pilot,Chum,2008-07-29,07/29,10822,10822,1930212,daily,PilotCounts.xlsx,AllChum,N64,2008,
2008,pilot,Chum,2008-07-30,07/30,23172,23172,1953384,daily,PilotCounts.xlsx,AllChum,N65,2008,
2008,pilot,Chum,2008-07-31,07/31,14230,14230,1967614,daily,PilotCounts.xlsx,AllChum,N66,2008,
2008,pilot,Chum,2008-08-01,08/01,35927,35927,2003541,daily,PilotCounts.xlsx,AllChum,N67,2008,
2008,pilot,Chum,2008-08-02,08/02,26731,26731,2030272,daily,PilotCounts.xlsx,AllChum,N68,2008,
2008,pilot,Chum,2008-08-03,08/03,21623,21623,2051895,daily,PilotCounts.xlsx,AllChum,N69,2008,
2008,pilot,Chum,2008-08-04,08/04,22996,22996,2074891,daily,PilotCounts.xlsx,AllChum,N70,2008,
2008,pilot,Chum,2008-08-05,08/05,15873,15873,2090764,daily,PilotCounts.xlsx,AllChum,N71,2008,
2008,pilot,Chum,2008-08-06,08/06,12993,12993,2103757,daily,PilotCounts.xlsx,AllChum,N72,2008,
2008,pilot,Chum,2008-08-07,08/07,7532,7532,2111289,daily,PilotCounts.xlsx,AllChum,N73,2008,
2008,pilot,Chum,2008-08-08,08/08,12106,12106,2123395,daily,PilotCounts.xlsx,AllChum,N74,2008,
2008,pilot,Chum,2008-08-09,08/09,6489,6489,2129884,daily,PilotCounts.xlsx,AllChum,N75,2008,
2008,pilot,Chum,2008-08-10,08/10,8923,8923,2138807,daily,PilotCounts.xlsx,AllChum,N76,2008,
2008,pilot,Chum,2008-08-11,08/11,8893,8893,2147700,daily,PilotCounts.xlsx,AllChum,N77,2008,
2008,pilot,Chum,2008-08-12,08/12,3709,3709,2151409,daily,PilotCounts.xlsx,AllChum,N78,2008,
2008,pilot,Chum,2008-08-13,08/13,2485,2485,2153894,daily,PilotCounts.xlsx,AllChum,N79,2008,
2008,pilot,Chum,2008-08-14,08/14,3345,3345,2157239,daily,PilotCounts.xlsx,AllChum,N80,2008,
2008,pilot,Chum,2008-08-15,08/15,28294,28294,2185533,daily,PilotCounts.xlsx,AllChum,N81,2008,
2008,pilot,Chum,2008-08-16,08/16,51648,51648,2237181,daily,PilotCounts.xlsx,AllChum,N82,2008,
2008,pilot,Chum,2008-08-17,08/17,23873,23873,2261054,daily,PilotCounts.xlsx,AllChum,N83,2008,
2008,pilot,Chum,2008-08-18,08/18,9515,9515,2270569,daily,PilotCounts.xlsx,AllChum,N84,2008,
2008,pilot,Chum,2008-08-19,08/19,7022,7022,2277591,daily,PilotCounts.xlsx,AllChum,N85,2008,
2008,pilot,Chum,2008-08-20,08/20,10724,10724,2288315,daily,PilotCounts.xlsx,AllChum,N86,2008,
2008,pilot,Chum,2008-08-21,08/21,25932,25932,2314247,daily,PilotCounts.xlsx,AllChum,N87,2008,
2008,pilot,Chum,2008-08-22,08/22,9709,9709,2323956,daily,PilotCounts.xlsx,AllChum,N88,2008,
2008,pilot,Chum,2008-08-23,08/23,5183,5183,2329139,daily,PilotCounts.xlsx,AllChum,N89,2008,
2008,pilot,Chum,2008-08-24,08/24,7302,7302,2336441,daily,PilotCounts.xlsx,AllChum,N90,2008,
2008,pilot,Chum,2008-08-25,08/25,10463,10463,2346904,daily,PilotCounts.xlsx,AllChum,N91,2008,
2008,pilot,Chum,2008-08-26,08/26,8980,8980,2355884,daily,PilotCounts.xlsx,AllChum,N92,2008,
2008,pilot,Chum,2008-08-27,08/27,12090,12090,2367974,daily,PilotCounts.xlsx,AllChum,N93,2008,
2008,pilot,Chum,2008-08-28,08/28,24116,24116,2392090,daily,PilotCounts.xlsx,AllChum,N94,2008,
2008,pilot,Chum,2008-08-29,08/29,45583,45583,2437673,daily,PilotCounts.xlsx,AllChum,N95,2008,
2008,pilot,Chum,2008-08-30,08/30,27208,27208,2464881,daily,PilotCounts.xlsx,AllChum,N96,2008,
2008,pilot,Chum,2008-08-31,08/31,6630,6630,2471511,daily,PilotCounts.xlsx,AllChum,N97,2008,
2008,pilot,Chum,2008-09-01,09/01,3235,3235,2474746,daily,PilotCounts.xlsx,AllChum,N98,2008,
2008,pilot,Chum,2008-09-02,09/02,2996,2996,2477742,daily,PilotCounts.xlsx,AllChum,N99,2008,
2008,pilot,Chum,2008-09-03,09/03,1017,1017,2478759,daily,PilotCounts.xlsx,AllChum,N100,2008,
2008,pilot,Chum,2008-09-04,09/04,761,761,2479520,daily,PilotCounts.xlsx,AllChum,N101,2008,
2008,pilot,Chum,2008-09-05,09/05,2617,2617,2482137,daily,PilotCounts.xlsx,AllChum,N102,2008,
2008,pilot,Chum,2008-09-06,09/06,560,560,2482697,daily,PilotCounts.xlsx,AllChum,N103,2008,
2008,pilot,Chum,2008-09-07,09/07,3381,3381,2486078,daily,PilotCounts.xlsx,AllChum,N104,2008,
2008,pilot,Pink,2008-06-19,06/19,2465,,2465,cumulative,PilotCounts.xlsx,Pink,N24,2008,
2008,pilot,Pink,2008-06-20,06/20,2465,0,2465,cumulative,PilotCounts.xlsx,Pink,N25,2008,
2008,pilot,Pink,2008-06-21,06/21,2465,0,2465,cumulative,PilotCounts.xlsx,Pink,N26,2008,
2008,pilot,Pink,2008-06-22,06/22,2465,0,2465,cumulative,PilotCounts.xlsx,Pink,N27,2008,
2008,pilot,Pink,2008-06-23,06/23,3039,574,3039,cumulative,PilotCounts.xlsx,Pink,N28,2008,
2008,pilot,Pink,2008-06-24,06/24,3696,657,3696,cumulative,PilotCounts.xlsx,Pink,N29,2008,
2008,pilot,Pink,2008-06-25,06/25,4883,1187,4883,cumulative,PilotCounts.xlsx,Pink,N30,2008,
2008,pilot,Pink,2008-06-26,06/26,7005,2122,7005,cumulative,PilotCounts.xlsx,Pink,N31,2008,
2008,pilot,Pink,2008-06-27,06/27,9663,2658,9663,cumulative,PilotCounts.xlsx,Pink,N32,2008,
2008,pilot,Pink,2008-06-28,06/28,12912,3249,12912,cumulative,PilotCounts.xlsx,Pink,N33,2008,
2008,pilot,Pink,2008-06-29,06/29,18942,6030,18942,cumulative,PilotCounts.xlsx,Pink,N34,2008,
2008,pilot,Pink,2008-06-30,06/30,60329,41387,60329,cumulative,PilotCounts.xlsx,Pink,N35,2008,
2008,pilot,Pink,2008-07-01,07/01,68759,8430,68759,cumulative,PilotCounts.xlsx,Pink,N36,2008,
2008,pilot,Pink,2008-07-02,07/02,104777,36018,104777,cumulative,PilotCounts.xlsx,Pink,N37,2008,
2008,pilot,Pink,2008-07-03,07/03,134214,29437,134214,cumulative,PilotCounts.xlsx,Pink,N38,2008,
2008,pilot,Pink,2008-07-04,07/04,213204,78990,213204,cumulative,PilotCounts.xlsx,Pink,N39,2008,
2008,pilot,Pink,2008-07-05,07/05,238199,24995,238199,cumulative,PilotCounts.xlsx,Pink,N40,2008,
2008,pilot,Pink,2008-07-06,07/06,257509,19310,257509,cumulative,PilotCounts.xlsx,Pink,N41,2008,
2008,pilot,Pink,2008-07-07,07/07,277381,19872,277381,cumulative,PilotCounts.xlsx,Pink,N42,2008,
2008,pilot,Pink,2008-07-08,07/08,294970,17589,294970,cumulative,PilotCounts.xlsx,Pink,N43,2008,
2008,pilot,Pink,2008-07-09,07/09,308148,13178,308148,cumulative,PilotCounts.xlsx,Pink,N44,2008,
2008,pilot,Pink,2008-07-10,07/10,316388,8240,316388,cumulative,PilotCounts.xlsx,Pink,N45,2008,
2008,pilot,Pink,2008-07-11,07/11,329532,13144,329532,cumulative,PilotCounts.xlsx,Pink,N46,2008,
2008,pilot,Pink,2008-07-12,07/12,345042,15510,345042,cumulative,PilotCounts.xlsx,Pink,N47,2008,
2008,pilot,Pink,2008-07-13,07/13,361074,16032,361074,cumulative,PilotCounts.xlsx,Pink,N48,2008,
2008,pilot,Pink,2008-07-14,07/14,367712,6638,367712,cumulative,PilotCounts.xlsx,Pink,N49,2008,
2008,pilot,Pink,2008-07-15,07/15,376266,8554,376266,cumulative,PilotCounts.xlsx,Pink,N50,2008,
2008,pilot,Pink,2008-07-16,07/16,397911,21645,397911,cumulative,PilotCounts.xlsx,Pink,N51,2008,
2008,pilot,Pink,2008-07-17,07/17,413474,15563,413474,cumulative,PilotCounts.xlsx,Pink,N52,2008,
2008,pilot,Pink,2008-07-18,07/18,426929,13455,426929,cumulative,PilotCounts.xlsx,Pink,N53,2008,
2008,pilot,Pink,2008-07-19,07/19,441790,14861,441790,cumulative,PilotCounts.xlsx,Pink,N54,2008,
2008,pilot,Pink,2008-07-20,07/20,452251,10461,452251,cumulative,PilotCounts.xlsx,Pink,N55,2008,
2008,pilot,Pink,2008-07-21,07/21,464706,12455,464706,cumulative,PilotCounts.xlsx,Pink,N56,2008,
2008,pilot,Pink,2008-07-22,07/22,471007,6301,471007,cumulative,PilotCounts.xlsx,Pink,N57,2008,
2008,pilot,Pink,2008-07-23,07/23,477636,6629,477636,cumulative,PilotCounts.xlsx,Pink,N58,2008,
2008,pilot,Pink,2008-07-24,07/24,486862,9226,486862,cumulative,PilotCounts.xlsx,Pink,N59,2008,
2008,pilot,Pink,2008-07-25,07/25,503240,16378,503240,cumulative,PilotCounts.xlsx,Pink,N60,2008,
2008,pilot,Pink,2008-07-26,07/26,510174,6934,510174,cumulative,PilotCounts.xlsx,Pink,N61,2008,
2008,pilot,Pink,2008-07-27,07/27,520162,9988,520162,cumulative,PilotCounts.xlsx,Pink,N62,2008,
2008,pilot,Pink,2008-07-28,07/28,529447,9285,529447,cumulative,PilotCounts.xlsx,Pink,N63,2008,
2008,pilot,Pink,2008-07-29,07/29,543283,13836,543283,cumulative,PilotCounts.xlsx,Pink,N64,2008,
2008,pilot,Pink,2008-07-30,07/30,547956,4673,547956,cumulative,PilotCounts.xlsx,Pink,N65,2008,
2008,pilot,Pink,2008-07-31,07/31,550547,2591,550547,cumulative,PilotCounts.xlsx,Pink,N66,2008,
2008,pilot,Pink,2008-08-01,08/01,554818,4271,554818,cumulative,PilotCounts.xlsx,Pink,N67,2008,
2008,pilot,Pink,2008-08-02,08/02,560949,6131,560949,cumulative,PilotCounts.xlsx,Pink,N68,2008,
2008,pilot,Pink,2008-08-03,08/03,565024,4075,565024,cumulative,PilotCounts.xlsx,Pink,N69,2008,
2008,pilot,Pink,2008-08-04,08/04,567835,2811,567835,cumulative,PilotCounts.xlsx,Pink,N70,2008,
2008,pilot,Pink,2008-08-05,08/05,568961,1126,568961,cumulative,PilotCounts.xlsx,Pink,N71,2008,
2008,pilot,Pink,2008-08-06,08/06,570217,1256,570217,cumulative,PilotCounts.xlsx,Pink,N72,2008,
2008,pilot,Pink,2008-08-07,08/07,571424,1207,571424,cumulative,PilotCounts.xlsx,Pink,N73,2008,
2008,pilot,Pink,2008-08-08,08/08,572241,817,572241,cumulative,PilotCounts.xlsx,Pink,N74,2008,
2008,pilot,Pink,2008-08-09,08/09,573438,1197,573438,cumulative,PilotCounts.xlsx,Pink,N75,2008,
2008,pilot,Pink,2008-08-10,08/10,573605,167,573605,cumulative,PilotCounts.xlsx,Pink,N76,2008,
2008,pilot,Pink,2008-08-11,08/11,574894,1289,574894,cumulative,PilotCounts.xlsx,Pink,N77,2008,
2008,pilot,Pink,2008-08-12,08/12,575649,755,575649,cumulative,PilotCounts.xlsx,Pink,N78,2008,
2008,pilot,Pink,2008-08-13,08/13,575973,324,575973,cumulative,PilotCounts.xlsx,Pink,N79,2008,
2008,pilot,Pink,2008-08-14,08/14,576600,627,576600,cumulative,PilotCounts.xlsx,Pink,N80,2008,
2008,pilot,Pink,2008-08-15,08/15,576751,151,576751,cumulative,PilotCounts.xlsx,Pink,N81,2008,
2008,pilot,Pink,2008-08-16,08/16,576955,204,576955,cumulative,PilotCounts.xlsx,Pink,N82,2008,
2008,pilot,Pink,2008-08-17,08/17,576955,0,576955,cumulative,PilotCounts.xlsx,Pink,N83,2008,
2008,pilot,Pink,2008-08-18,08/18,576955,0,576955,cumulative,PilotCounts.xlsx,Pink,N84,2008,
2008,pilot,Pink,2008-08-19,08/19,579031,2076,579031,cumulative,PilotCounts.xlsx,Pink,N85,2008,
2008,pilot,Pink,2008-08-20,08/20,579031,0,579031,cumulative,PilotCounts.xlsx,Pink,N86,2008,
2008,pilot,Pink,2008-08-21,08/21,579031,0,579031,cumulative,PilotCounts.xlsx,Pink,N87,2008,
2008,pilot,Pink,2008-08-22,08/22,579194,163,579194,cumulative,PilotCounts.xlsx,Pink,N88,2008,
2008,pilot,Pink,2008-08-23,08/23,579194,0,579194,cumulative,PilotCounts.xlsx,Pink,N89,2008,
2008,pilot,Pink,2008-08-24,08/24,579194,0,579194,cumulative,PilotCounts.xlsx,Pink,N90,2008,
2008,pilot,Pink,2008-08-25,08/25,579194,0,579194,cumulative,PilotCounts.xlsx,Pink,N91,2008,
2008,pilot,Pink,2008-08-26,08/26,579194,0,579194,cumulative,PilotCounts.xlsx,Pink,N92,2008,
2008,pilot,Pink,2008-08-27,08/27,579764,570,579764,cumulative,PilotCounts.xlsx,Pink,N93,2008,
2008,pilot,Pink,2008-08-28,08/28,579764,0,579764,cumulative,PilotCounts.xlsx,Pink,N94,2008,
2008,pilot,Pink,2008-08-29,08/29,579764,0,579764,cumulative,PilotCounts.xlsx,Pink,N95,2008,
2008,pilot,Pink,2008-08-30,08/30,579764,0,579764,cumulative,PilotCounts.xlsx,Pink,N96,2008,
2008,pilot,Pink,2008-08-31,08/31,579764,0,579764,cumulative,PilotCounts.xlsx,Pink,N97,2008,
2008,pilot,Pink,2008-09-01,09/01,579764,0,579764,cumulative,PilotCounts.xlsx,Pink,N98,2008,
2008,pilot,Pink,2008-09-02,09/02,580127,363,580127,cumulative,PilotCounts.xlsx,Pink,N99,2008,
2009,EF_Andreafsky,Pink,2009-06-22,06/22,0,,0,cumulative,EF_Andreafsky_PinkCounts.xlsx,Sheet1,Y10,2009,
2009,EF_Andreafsky,Pink,2009-06-23,06/23,0,0,0,cumulative,EF_Andreafsky_PinkCounts.xlsx,Sheet1,Y11,2009,
2009,EF_Andreafsky,Pink,2009-06-24,06/24,0,0,0,cumulative,EF_Andreafsky_PinkCounts.xlsx,Sheet1,Y12,2009,
2009,EF_Andreafsky,Pink,2009-06-25,06/25,0,0,0,cumulative,EF_Andreafsky_PinkCounts.xlsx,Sheet1,Y13,2009,
2009,EF_Andreafsky,Pink,2009-06-26,06/26,0,0,0,cumulative,EF_Andreafsky_PinkCounts.xlsx,Sheet1,Y14,2009,
2009,EF_Andreafsky,Pink,2009-06-27,06/27,0,0,0,cumulative,EF_Andreafsky_PinkCounts.xlsx,Sheet1,Y15,2009,
2009,EF_Andreafsky,Pink,2009-06-28,06/28,0,0,0,cumulative,EF_Andreafsky_PinkCounts.xlsx,Sheet1,Y16,2009,
2009,EF_Andreafsky,Pink,2009-06-29,06/29,0,0,0,cumulative,EF_Andreafsky_PinkCounts.xlsx,Sheet1,Y17,2009,
2009,EF_Andreafsky,Pink,2009-06-30,06/30,0,0,0,cumulative,EF_Andreafsky_PinkCounts.xlsx,Sheet1,Y18,2009,
2009,EF_Andreafsky,Pink,2009-07-01,07/01,0,0,0,cumulative,EF_Andreafsky_PinkCounts.xlsx,Sheet1,Y19,2009,
2009,EF_Andreafsky,Pink,2009-07-02,07/02,2,2,2,cumulative,EF_Andreafsky_PinkCounts.xlsx,Sheet1,Y20,2009,
2009,EF_Andreafsky,Pink,2009-07-03,07/03,4,2,4,cumulative,EF_Andreafsky_PinkCounts.xlsx,Sheet1,Y21,2009,
2009,EF_Andreafsky,Pink,2009-07-04,07/04,4,0,4,cumulative,EF_Andreafsky_PinkCounts.xlsx,Sheet1,Y22,2009,
2009,EF_Andreafsky,Pink,2009-07-05,07/05,5,1,5,cumulative,EF_Andreafsky_PinkCounts.xlsx,Sheet1,Y23,2009,
2009,EF_Andreafsky,Pink,2009-07-06,07/06,11,6,11,cumulative,EF_Andreafsky_PinkCounts.xlsx,Sheet1,Y24,2009,
2009,EF_Andreafsky,Pink,2009-07-07,07/07,37,26,37,cumulative,EF_Andreafsky_PinkCounts.xlsx,Sheet1,Y25,2009,
2009,EF_Andreafsky,Pink,2009-07-08,07/08,75,38,75,cumulative,EF_Andreafsky_PinkCounts.xlsx,Sheet1,Y26,2009,
2009,EF_Andreafsky,Pink,2009-07-09,07/09,84,9,84,cumulative,EF_Andreafsky_PinkCounts.xlsx,Sheet1,Y27,2009,
2009,EF_Andreafsky,Pink,2009-07-10,07/10,93,9,93,cumulative,EF_Andreafsky_PinkCounts.xlsx,Sheet1,Y28,2009,
2009,EF_Andreafsky,Pink,2009-07-11,07/11,150,57,150,cumulative,EF_Andreafsky_PinkCounts.xlsx,Sheet1,Y29,2009,
2009,EF_Andreafsky,Pink,2009-07-12,07/12,223,73,223,cumulative,EF_Andreafsky_PinkCounts.xlsx,Sheet1,Y30,2009,
2009,EF_Andreafsky,Pink,2009-07-13,07/13,307,84,307,cumulative,EF_Andreafsky_PinkCounts.xlsx,Sheet1,Y31,2009,
2009,EF_Andreafsky,Pink,2009-07-14,07/14,401,94,401,cumulative,EF_Andreafsky_PinkCounts.xlsx,Sheet1,Y32,2009,
2009,EF_Andreafsky,Pink,2009-07-15,07/15,495,94,495,cumulative,EF_Andreafsky_PinkCounts.xlsx,Sheet1,Y33,2009,
2009,EF_Andreafsky,Pink,2009-07-16,07/16,569,74,569,cumulative,EF_Andreafsky_PinkCounts.xlsx,Sheet1,Y34,2009,
2009,EF_Andreafsky,Pink,2009-07-17,07/17,659,90,659,cumulative,EF_Andreafsky_PinkCounts.xlsx,Sheet1,Y35,2009,
2009,EF_Andreafsky,Pink,2009-07-18,07/18,784,125,784,cumulative,EF_Andreafsky_PinkCounts.xlsx,Sheet1,Y36,2009,
2009,EF_Andreafsky,Pink,2009-07-19,07/19,883,99,883,cumulative,EF_Andreafsky_PinkCounts.xlsx,Sheet1,Y37,2009,
2009,EF_Andreafsky,Pink,2009-07-20,07/20,977,94,977,cumulative,EF_Andreafsky_PinkCounts.xlsx,Sheet1,Y38,2009,
2009,EF_Andreafsky,Pink,2009-07-21,07/21,1216,239,1216,cumulative,EF_Andreafsky_PinkCounts.xlsx,Sheet1,Y39,2009,
2009,EF_Andreafsky,Pink,2009-07-22,07/22,1349,133,1349,cumulative,EF_Andreafsky_PinkCounts.xlsx,Sheet1,Y40,2009,
2009,EF_Andreafsky,Pink,2009-07-23,07/23,1532,183,1532,cumulative,EF_Andreafsky_PinkCounts.xlsx,Sheet1,Y41,2009,
2009,EF_Andreafsky,Pink,2009-07-24,07/24,1723,191,1723,cumulative,EF_Andreafsky_PinkCounts.xlsx,Sheet1,Y42,2009,
2009,EF_Andreafsky,Pink,2009-07-25,07/25,1806,83,1806,cumulative,EF_Andreafsky_PinkCounts.xlsx,Sheet1,Y43,2009,
2009,EF_Andreafsky,Pink,2009-07-26,07/26,1910,104,1910,cumulative,EF_Andreafsky_PinkCounts.xlsx,Sheet1,Y44,2009,
2009,EF_Andreafsky,Pink,2009-07-27,07/27,2017,107,2017,cumulative,EF_Andreafsky_PinkCounts.xlsx,Sheet1,Y45,2009,
2009,EF_Andreafsky,Pink,2009-07-28,07/28,2173,156,2173,cumulative,EF_Andreafsky_PinkCounts.xlsx,Sheet1,Y46,2009,
2009,EF_Andreafsky,Pink,2009-07-29,07/29,2218,45,2218,cumulative,EF_Andreafsky_PinkCounts.xlsx,Sheet1,Y47,2009,
2009,EF_Andreafsky,Pink,2009-07-30,07/30,2250,32,2250,cumulative,EF_Andreafsky_PinkCounts.xlsx,Sheet1,Y48,2009,
2009,EF_Andreafsky,Pink,2009-07-31,07/31,2288,38,2288,cumulative,EF_Andreafsky_PinkCounts.xlsx,Sheet1,Y49,2009,
2009,EF_Andreafsky,Pink,2009-08-01,08/01,2316,28,2316,cumulative,EF_Andreafsky_PinkCounts.xlsx,Sheet1,Y50,2009,
2009,EF_Andreafsky,Pink,2009-08-02,08/02,2366,50,2366,cumulative,EF_Andreafsky_PinkCounts.xlsx,Sheet1,Y51,2009,
2009,EF_Andreafsky,Pink,2009-08-03,08/03,2395,29,2395,cumulative,EF_Andreafsky_PinkCounts.xlsx,Sheet1,Y52,2009,
2009,pilot,Chinook,2009-06-01,06/01,0,0,0,daily,PilotCounts.xlsx,AllChinook,N6,2009,
2009,pilot,Chinook,2009-06-02,06/02,0,0,0,daily,PilotCounts.xlsx,AllChinook,N7,2009,
2009,pilot,Chinook,2009-06-03,06/03,0,0,0,daily,PilotCounts.xlsx,AllChinook,N8,2009,
2009,pilot,Chinook,2009-06-04,06/04,0,0,0,daily,PilotCounts.xlsx,AllChinook,N9,2009,
2009,pilot,Chinook,2009-06-05,06/05,0,0,0,daily,PilotCounts.xlsx,AllChinook,N10,2009,
2009,pilot,Chinook,2009-06-06,06/06,0,0,0,daily,PilotCounts.xlsx,AllChinook,N11,2009,
2009,pilot,Chinook,2009-06-07,06/07,0,0,0,daily,PilotCounts.xlsx,AllChinook,N12,2009,
2009,pilot,Chinook,2009-06-08,06/08,0,0,0,daily,PilotCounts.xlsx,AllChinook,N13,2009,
2009,pilot,Chinook,2009-06-09,06/09,921,921,921,daily,PilotCounts.xlsx,AllChinook,N14,2009,
2009,pilot,Chinook,2009-06-10,06/10,734,734,1655,daily,PilotCounts.xlsx,AllChinook,N15,2009,
2009,pilot,Chinook,2009-06-11,06/11,198,198,1853,daily,PilotCounts.xlsx,AllChinook,N16,2009,
2009,pilot,Chinook,2009-06-12,06/12,962,962,2815,daily,PilotCounts.xlsx,AllChinook,N17,2009,
2009,pilot,Chinook,2009-06-13,06/13,1636,1636,4451,daily,PilotCounts.xlsx,AllChinook,N18,2009,
2009,pilot,Chinook,2009-06-14,06/14,1803,1803,6254,daily,PilotCounts.xlsx,AllChinook,N19,2009,
2009,pilot,Chinook,2009-06-15,06/15,208,208,6462,daily,PilotCounts.xlsx,AllChinook,N20,2009,
2009,pilot,Chinook,2009-06-16,06/16,538,538,7000,daily,PilotCounts.xlsx,AllChinook,N21,2009,
2009,pilot,Chinook,2009-06-17,06/17,2688,2688,9688,daily,PilotCounts.xlsx,AllChinook,N22,2009,
2009,pilot,Chinook,2009-06-18,06/18,6549,6549,16237,daily,PilotCounts.xlsx,AllChinook,N23,2009,
2009,pilot,Chinook,2009-06-19,06/19,3788,3788,20025,daily,PilotCounts.xlsx,AllChinook,N24,2009,
2009,pilot,Chinook,2009-06-20,06/20,8175,8175,28200,daily,PilotCounts.xlsx,AllChinook,N25,2009,
2009,pilot,Chinook,2009-06-21,06/21,3408,3408,31608,daily,PilotCounts.xlsx,AllChinook,N26,2009,
2009,pilot,Chinook,2009-06-22,06/22,2621,2621,34229,daily,PilotCounts.xlsx,AllChinook,N27,2009,
2009,pilot,Chinook,2009-06-23,06/23,4789,4789,39018,daily,PilotCounts.xlsx,AllChinook,N28,2009,
2009,pilot,Chinook,2009-06-24,06/24,7925,7925,46943,daily,PilotCounts.xlsx,AllChinook,N29,2009,
2009,pilot,Chinook,2009-06-25,06/25,4106,4106,51049,daily,PilotCounts.xlsx,AllChinook,N30,2009,
2009,pilot,Chinook,2009-06-26,06/26,12677,12677,63726,daily,PilotCounts.xlsx,AllChinook,N31,2009,
2009,pilot,Chinook,2009-06-27,06/27,22082,22082,85808,daily,PilotCounts.xlsx,AllChinook,N32,2009,
2009,pilot,Chinook,2009-06-28,06/28,18266,18266,104074,daily,PilotCounts.xlsx,AllChinook,N33,2009,
2009,pilot,Chinook,2009-06-29,06/29,14021,14021,118095,daily,PilotCounts.xlsx,AllChinook,N34,2009,
2009,pilot,Chinook,2009-06-30,06/30,10483,10483,128578,daily,PilotCounts.xlsx,AllChinook,N35,2009,
2009,pilot,Chinook,2009-07-01,07/01,8880,8880,137458,daily,PilotCounts.xlsx,AllChinook,N36,2009,
2009,pilot,Chinook,2009-07-02,07/02,2537,2537,139995,daily,PilotCounts.xlsx,AllChinook,N37,2009,
2009,pilot,Chinook,2009-07-03,07/03,3868,3868,143863,daily,PilotCounts.xlsx,AllChinook,N38,2009,
2009,pilot,Chinook,2009-07-04,07/04,3733,3733,147596,daily,PilotCounts.xlsx,AllChinook,N39,2009,
2009,pilot,Chinook,2009-07-05,07/05,2510,2510,150106,daily,PilotCounts.xlsx,AllChinook,N40,2009,
2009,pilot,Chinook,2009-07-06,07/06,4880,4880,154986,daily,PilotCounts.xlsx,AllChinook,N41,2009,
2009,pilot,Chinook,2009-07-07,07/07,5737,5737,160723,daily,PilotCounts.xlsx,AllChinook,N42,2009,
2009,pilot,Chinook,2009-07-08,07/08,3866,3866,164589,daily,PilotCounts.xlsx,AllChinook,N43,2009,
2009,pilot,Chinook,2009-07-09,07/09,2194,2194,166783,daily,PilotCounts.xlsx,AllChinook,N44,2009,
2009,pilot,Chinook,2009-07-10,07/10,5165,5165,171948,daily,PilotCounts.xlsx,AllChinook,N45,2009,
2009,pilot,Chinook,2009-07-11,07/11,975,975,172923,daily,PilotCounts.xlsx,AllChinook,N46,2009,
2009,pilot,Chinook,2009-07-12,07/12,1257,1257,174180,daily,PilotCounts.xlsx,AllChinook,N47,2009,
2009,pilot,Chinook,2009-07-13,07/13,566,566,174746,daily,PilotCounts.xlsx,AllChinook,N48,2009,
2009,pilot,Chinook,2009-07-14,07/14,394,394,175140,daily,PilotCounts.xlsx,AllChinook,N49,2009,
2009,pilot,Chinook,2009-07-15,07/15,1460,1460,176600,daily,PilotCounts.xlsx,AllChinook,N50,2009,
2009,pilot,Chinook,2009-07-16,07/16,145,145,176745,daily,PilotCounts.xlsx,AllChinook,N51,2009,
2009,pilot,Chinook,2009-07-17,07/17,354,354,177099,daily,PilotCounts.xlsx,AllChinook,N52,2009,
2009,pilot,Chinook,2009-07-18,07/18,0,0,177099,daily,PilotCounts.xlsx,AllChinook,N53,2009,
2009,pilot,Chinook,2009-07-19,07/19,257,257,177356,daily,PilotCounts.xlsx,AllChinook,N54,2009,
2009,pilot,Chinook,2009-07-20,07/20,0,0,177356,daily,PilotCounts.xlsx,AllChinook,N55,2009,
2009,pilot,Chinook,2009-07-21,07/21,0,0,177356,daily,PilotCounts.xlsx,AllChinook,N56,2009,
2009,pilot,Chinook,2009-07-22,07/22,0,0,177356,daily,PilotCounts.xlsx,AllChinook,N57,2009,
2009,pilot,Chinook,2009-07-23,07/23,328,328,177684,daily,PilotCounts.xlsx,AllChinook,N58,2009,
2009,pilot,Chinook,2009-07-24,07/24,0,0,177684,daily,PilotCounts.xlsx,AllChinook,N59,2009,
2009,pilot,Chinook,2009-07-25,07/25,0,0,177684,daily,PilotCounts.xlsx,AllChinook,N60,2009,
2009,pilot,Chinook,2009-07-26,07/26,0,0,177684,daily,PilotCounts.xlsx,AllChinook,N61,2009,
2009,pilot,Chinook,2009-07-27,07/27,0,0,177684,daily,PilotCounts.xlsx,AllChinook,N62,2009,
2009,pilot,Chinook,2009-07-28,07/28,0,0,177684,daily,PilotCounts.xlsx,AllChinook,N63,2009,
2009,pilot,Chinook,2009-07-29,07/29,0,0,177684,daily,PilotCounts.xlsx,AllChinook,N64,2009,
2009,pilot,Chinook,2009-07-30,07/30,0,0,177684,daily,PilotCounts.xlsx,AllChinook,N65,2009,
2009,pilot,Chinook,2009-07-31,07/31,112,112,177796,daily,PilotCounts.xlsx,AllChinook,N66,2009,
2009,pilot,Chinook,2009-08-01,08/01,0,0,177796,daily,PilotCounts.xlsx,AllChinook,N67,2009,
2009,pilot,Chinook,2009-08-02,08/02,0,0,177796,daily,PilotCounts.xlsx,AllChinook,N68,2009,
2009,pilot,Chinook,2009-08-03,08/03,0,0,177796,daily,PilotCounts.xlsx,AllChinook,N69,2009,
2009,pilot,Chinook,2009-08-04,08/04,0,0,177796,daily,PilotCounts.xlsx,AllChinook,N70,2009,
2009,pilot,Chinook,2009-08-05,08/05,0,0,177796,daily,PilotCounts.xlsx,AllChinook,N71,2009,
2009,pilot,Chinook,2009-08-06,08/06,0,0,177796,daily,PilotCounts.xlsx,AllChinook,N72,2009,
2009,pilot,Chinook,2009-08-07,08/07,0,0,177796,daily,PilotCounts.xlsx,AllChinook,N73,2009,
2009,pilot,Chinook,2009-08-08,08/08,0,0,177796,daily,PilotCounts.xlsx,AllChinook,N74,2009,
2009,pilot,Chinook,2009-08-09,08/09,0,0,177796,daily,PilotCounts.xlsx,AllChinook,N75,2009,
2009,pilot,Chinook,2009-08-10,08/10,0,0,177796,daily,PilotCounts.xlsx,AllChinook,N76,2009,
2009,pilot,Chinook,2009-08-11,08/11,0,0,177796,daily,PilotCounts.xlsx,AllChinook,N77,2009,
2009,pilot,Chinook,2009-08-12,08/12,0,0,177796,daily,PilotCounts.xlsx,AllChinook,N78,2009,
2009,pilot,Chinook,2009-08-13,08/13,0,0,177796,daily,PilotCounts.xlsx,AllChinook,N79,2009,
2009,pilot,Chinook,2009-08-14,08/14,0,0,177796,daily,PilotCounts.xlsx,AllChinook,N80,2009,
2009,pilot,Chinook,2009-08-15,08/15,0,0,177796,daily,PilotCounts.xlsx,AllChinook,N81,2009,
2009,pilot,Chinook,2009-08-16,08/16,0,0,177796,daily,PilotCounts.xlsx,AllChinook,N82,2009,
2009,pilot,Chinook,2009-08-17,08/17,0,0,177796,daily,PilotCounts.xlsx,AllChinook,N83,2009,
2009,pilot,Chinook,2009-08-18,08/18,0,0,177796,daily,PilotCounts.xlsx,AllChinook,N84,2009,
2009,pilot,Chinook,2009-08-19,08/19,0,0,177796,daily,PilotCounts.xlsx,AllChinook,N85,2009,
2009,pilot,Chinook,2009-08-20,08/20,0,0,177796,daily,PilotCounts.xlsx,AllChinook,N86,2009,
2009,pilot,Chinook,2009-08-21,08/21,0,0,177796,daily,PilotCounts.xlsx,AllChinook,N87,2009,
2009,pilot,Chinook,2009-08-22,08/22,0,0,177796,daily,PilotCounts.xlsx,AllChinook,N88,2009,
2009,pilot,Chinook,2009-08-23,08/23,0,0,177796,daily,PilotCounts.xlsx,AllChinook,N89,2009,
2009,pilot,Chinook,2009-08-24,08/24,0,0,177796,daily,PilotCounts.xlsx,AllChinook,N90,2009,
2009,pilot,Chinook,2009-08-25,08/25,0,0,177796,daily,PilotCounts.xlsx,AllChinook,N91,2009,
2009,pilot,Chinook,2009-08-26,08/26,0,0,177796,daily,PilotCounts.xlsx,AllChinook,N92,2009,
2009,pilot,Chinook,2009-08-27,08/27,0,0,177796,daily,PilotCounts.xlsx,AllChinook,N93,2009,
2009,pilot,Chinook,2009-08-28,08/28,0,0,177796,daily,PilotCounts.xlsx,AllChinook,N94,2009,
2009,pilot,Chinook,2009-08-29,08/29,0,0,177796,daily,PilotCounts.xlsx,AllChinook,N95,2009,
2009,pilot,Chinook,2009-08-30,08/30,0,0,177796,daily,PilotCounts.xlsx,AllChinook,N96,2009,
2009,pilot,Chinook,2009-08-31,08/31,0,0,177796,daily,PilotCounts.xlsx,AllChinook,N97,2009,
2009,pilot,Chinook,2009-09-01,09/01,0,0,177796,daily,PilotCounts.xlsx,AllChinook,N98,2009,
2009,pilot,Chinook,2009-09-02,09/02,0,0,177796,daily,PilotCounts.xlsx,AllChinook,N99,2009,
2009,pilot,Chinook,2009-09-03,09/03,0,0,177796,daily,PilotCounts.xlsx,AllChinook,N100,2009,
2009,pilot,Chinook,2009-09-04,09/04,0,0,177796,daily,PilotCounts.xlsx,AllChinook,N101,2009,
2009,pilot,Chinook,2009-09-05,09/05,0,0,177796,daily,PilotCounts.xlsx,AllChinook,N102,2009,
2009,pilot,Chinook,2009-09-06,09/06,0,0,177796,daily,PilotCounts.xlsx,AllChinook,N103,2009,
2009,pilot,Chinook,2009-09-07,09/07,0,0,177796,daily,PilotCounts.xlsx,AllChinook,N104,2009,
2009,pilot,Chum,2009-06-01,06/01,0,0,0,daily,PilotCounts.xlsx,AllChum,O6,2009*,
2009,pilot,Chum,2009-06-02,06/02,0,0,0,daily,PilotCounts.xlsx,AllChum,O7,2009*,
2009,pilot,Chum,2009-06-03,06/03,0,0,0,daily,PilotCounts.xlsx,AllChum,O8,2009*,
2009,pilot,Chum,2009-06-04,06/04,0,0,0,daily,PilotCounts.xlsx,AllChum,O9,2009*,
2009,pilot,Chum,2009-06-05,06/05,0,0,0,daily,PilotCounts.xlsx,AllChum,O10,2009*,
2009,pilot,Chum,2009-06-06,06/06,0,0,0,daily,PilotCounts.xlsx,AllChum,O11,2009*,
2009,pilot,Chum,2009-06-07,06/07,0,0,0,daily,PilotCounts.xlsx,AllChum,O12,2009*,
2009,pilot,Chum,2009-06-08,06/08,64,64,64,daily,PilotCounts.xlsx,AllChum,O13,2009*,
2009,pilot,Chum,2009-06-09,06/09,150,150,214,daily,PilotCounts.xlsx,AllChum,O14,2009*,
2009,pilot,Chum,2009-06-10,06/10,2995,2995,3209,daily,PilotCounts.xlsx,AllChum,O15,2009*,
2009,pilot,Chum,2009-06-11,06/11,3054,3054,6263,daily,PilotCounts.xlsx,AllChum,O16,2009*,
2009,pilot,Chum,2009-06-12,06/12,2408,2408,8671,daily,PilotCounts.xlsx,AllChum,O17,2009*,
2009,pilot,Chum,2009-06-13,06/13,21966,21966,30637,daily,PilotCounts.xlsx,AllChum,O18,2009*,
2009,pilot,Chum,2009-06-14,06/14,14666,14666,45303,daily,PilotCounts.xlsx,AllChum,O19,2009*,
2009,pilot,Chum,2009-06-15,06/15,14612,14612,59915,daily,PilotCounts.xlsx,AllChum,O20,2009*,
2009,pilot,Chum,2009-06-16,06/16,12496,12496,72411,daily,PilotCounts.xlsx,AllChum,O21,2009*,
2009,pilot,Chum,2009-06-17,06/17,10884,10884,83295,daily,PilotCounts.xlsx,AllChum,O22,2009*,
2009,pilot,Chum,2009-06-18,06/18,16940,16940,100235,daily,PilotCounts.xlsx,AllChum,O23,2009*,
2009,pilot,Chum,2009-06-19,06/19,18826,18826,119061,daily,PilotCounts.xlsx,AllChum,O24,2009*,
2009,pilot,Chum,2009-06-20,06/20,10564,10564,129625,daily,PilotCounts.xlsx,AllChum,O25,2009*,
2009,pilot,Chum,2009-06-21,06/21,16082,16082,145707,daily,PilotCounts.xlsx,AllChum,O26,2009*,
2009,pilot,Chum,2009-06-22,06/22,13780,13780,159487,daily,PilotCounts.xlsx,AllChum,O27,2009*,
2009,pilot,Chum,2009-06-23,06/23,16808,16808,176295,daily,PilotCounts.xlsx,AllChum,O28,2009*,
2009,pilot,Chum,2009-06-24,06/24,30250,30250,206545,daily,PilotCounts.xlsx,AllChum,O29,2009*,
2009,pilot,Chum,2009-06-25,06/25,49580,49580,256125,daily,PilotCounts.xlsx,AllChum,O30,2009*,
2009,pilot,Chum,2009-06-26,06/26,121497,121497,377622,daily,PilotCounts.xlsx,AllChum,O31,2009*,
2009,pilot,Chum,2009-06-27,06/27,158695,158695,536317,daily,PilotCounts.xlsx,AllChum,O32,2009*,
2009,pilot,Chum,2009-06-28,06/28,162108,162108,698425,daily,PilotCounts.xlsx,AllChum,O33,2009*,
2009,pilot,Chum,2009-06-29,06/29,122381,122381,820806,daily,PilotCounts.xlsx,AllChum,O34,2009*,
2009,pilot,Chum,2009-06-30,06/30,63404,63404,884210,daily,PilotCounts.xlsx,AllChum,O35,2009*,
2009,pilot,Chum,2009-07-01,07/01,55026,55026,939236,daily,PilotCounts.xlsx,AllChum,O36,2009*,
2009,pilot,Chum,2009-07-02,07/02,76547,76547,1015783,daily,PilotCounts.xlsx,AllChum,O37,2009*,
2009,pilot,Chum,2009-07-03,07/03,35767,35767,1051550,daily,PilotCounts.xlsx,AllChum,O38,2009*,
2009,pilot,Chum,2009-07-04,07/04,36572,36572,1088122,daily,PilotCounts.xlsx,AllChum,O39,2009*,
2009,pilot,Chum,2009-07-05,07/05,56315,56315,1144437,daily,PilotCounts.xlsx,AllChum,O40,2009*,
2009,pilot,Chum,2009-07-06,07/06,49818,49818,1194255,daily,PilotCounts.xlsx,AllChum,O41,2009*,
2009,pilot,Chum,2009-07-07,07/07,60023,60023,1254278,daily,PilotCounts.xlsx,AllChum,O42,2009*,
2009,pilot,Chum,2009-07-08,07/08,38972,38972,1293250,daily,PilotCounts.xlsx,AllChum,O43,2009*,
2009,pilot,Chum,2009-07-09,07/09,21730,21730,1314980,daily,PilotCounts.xlsx,AllChum,O44,2009*,
2009,pilot,Chum,2009-07-10,07/10,13481,13481,1328461,daily,PilotCounts.xlsx,AllChum,O45,2009*,
2009,pilot,Chum,2009-07-11,07/11,31555,31555,1360016,daily,PilotCounts.xlsx,AllChum,O46,2009*,
2009,pilot,Chum,2009-07-12,07/12,50404,50404,1410420,daily,PilotCounts.xlsx,AllChum,O47,2009*,
2009,pilot,Chum,2009-07-13,07/13,17300,17300,1427720,daily,PilotCounts.xlsx,AllChum,O48,2009*,
2009,pilot,Chum,2009-07-14,07/14,11206,11206,1438926,daily,PilotCounts.xlsx,AllChum,O49,2009*,
2009,pilot,Chum,2009-07-15,07/15,10362,10362,1449288,daily,PilotCounts.xlsx,AllChum,O50,2009*,
2009,pilot,Chum,2009-07-16,07/16,7759,7759,1457047,daily,PilotCounts.xlsx,AllChum,O51,2009*,
2009,pilot,Chum,2009-07-17,07/17,13368,13368,1470415,daily,PilotCounts.xlsx,AllChum,O52,2009*,
2009,pilot,Chum,2009-07-18,07/18,6771,6771,1477186,daily,PilotCounts.xlsx,AllChum,O53,2009*,
2009,pilot,Chum,2009-07-19,07/19,5197,5197,1482383,daily,PilotCounts.xlsx,AllChum,O54,2009*,
2009,pilot,Chum,2009-07-20,07/20,3000,3000,1485383,daily,PilotCounts.xlsx,AllChum,O55,2009*,
2009,pilot,Chum,2009-07-21,07/21,2017,2017,1487400,daily,PilotCounts.xlsx,AllChum,O56,2009*,
2009,pilot,Chum,2009-07-22,07/22,717,717,1488117,daily,PilotCounts.xlsx,AllChum,O57,2009*,
2009,pilot,Chum,2009-07-23,07/23,1949,1949,1490066,daily,PilotCounts.xlsx,AllChum,O58,2009*,
2009,pilot,Chum,2009-07-24,07/24,8239,8239,1498305,daily,PilotCounts.xlsx,AllChum,O59,2009*,
2009,pilot,Chum,2009-07-25,07/25,1983,1983,1500288,daily,PilotCounts.xlsx,AllChum,O60,2009*,
2009,pilot,Chum,2009-07-26,07/26,1823,1823,1502111,daily,PilotCounts.xlsx,AllChum,O61,2009*,
2009,pilot,Chum,2009-07-27,07/27,1552,1552,1503663,daily,PilotCounts.xlsx,AllChum,O62,2009*,
2009,pilot,Chum,2009-07-28,07/28,165,165,1503828,daily,PilotCounts.xlsx,AllChum,O63,2009*,
2009,pilot,Chum,2009-07-29,07/29,1002,1002,1504830,daily,PilotCounts.xlsx,AllChum,O64,2009*,
2009,pilot,Chum,2009-07-30,07/30,1071,1071,1505901,daily,PilotCounts.xlsx,AllChum,O65,2009*,
2009,pilot,Chum,2009-07-31,07/31,3819,3819,1509720,daily,PilotCounts.xlsx,AllChum,O66,2009*,
2009,pilot,Chum,2009-08-01,08/01,4759,4759,1514479,daily,PilotCounts.xlsx,AllChum,O67,2009*,
2009,pilot,Chum,2009-08-02,08/02,23905,23905,1538384,daily,PilotCounts.xlsx,AllChum,O68,2009*,
2009,pilot,Chum,2009-08-03,08/03,12157,12157,1550541,daily,PilotCounts.xlsx,AllChum,O69,2009*,
2009,pilot,Chum,2009-08-04,08/04,392,392,1550933,daily,PilotCounts.xlsx,AllChum,O70,2009*,
2009,pilot,Chum,2009-08-05,08/05,117,117,1551050,daily,PilotCounts.xlsx,AllChum,O71,2009*,
2009,pilot,Chum,2009-08-06,08/06,637,637,1551687,daily,PilotCounts.xlsx,AllChum,O72,2009*,
2009,pilot,Chum,2009-08-07,08/07,2601,2601,1554288,daily,PilotCounts.xlsx,AllChum,O73,2009*,
2009,pilot,Chum,2009-08-08,08/08,1405,1405,1555693,daily,PilotCounts.xlsx,AllChum,O74,2009*,
2009,pilot,Chum,2009-08-09,08/09,4624,4624,1560317,daily,PilotCounts.xlsx,AllChum,O75,2009*,
2009,pilot,Chum,2009-08-10,08/10,17829,17829,1578146,daily,PilotCounts.xlsx,AllChum,O76,2009*,
2009,pilot,Chum,2009-08-11,08/11,42332,42332,1620478,daily,PilotCounts.xlsx,AllChum,O77,2009*,
2009,pilot,Chum,2009-08-12,08/12,41073,41073,1661551,daily,PilotCounts.xlsx,AllChum,O78,2009*,
2009,pilot,Chum,2009-08-13,08/13,13126,13126,1674677,daily,PilotCounts.xlsx,AllChum,O79,2009*,
2009,pilot,Chum,2009-08-14,08/14,3058,3058,1677735,daily,PilotCounts.xlsx,AllChum,O80,2009*,
2009,pilot,Chum,2009-08-15,08/15,2504,2504,1680239,daily,PilotCounts.xlsx,AllChum,O81,2009*,
2009,pilot,Chum,2009-08-16,08/16,175,175,1680414,daily,PilotCounts.xlsx,AllChum,O82,2009*,
2009,pilot,Chum,2009-08-17,08/17,761,761,1681175,daily,PilotCounts.xlsx,AllChum,O83,2009*,
2009,pilot,Chum,2009-08-18,08/18,3369,3369,1684544,daily,PilotCounts.xlsx,AllChum,O84,2009*,
2009,pilot,Chum,2009-08-19,08/19,6003,6003,1690547,daily,PilotCounts.xlsx,AllChum,O85,2009*,
2009,pilot,Chum,2009-08-20,08/20,4561,4561,1695108,daily,PilotCounts.xlsx,AllChum,O86,2009*,
2009,pilot,Chum,2009-08-21,08/21,12780,12780,1707888,daily,PilotCounts.xlsx,AllChum,O87,2009*,
2009,pilot,Chum,2009-08-22,08/22,8666,8666,1716554,daily,PilotCounts.xlsx,AllChum,O88,2009*,
2009,pilot,Chum,2009-08-23,08/23,2848,2848,1719402,daily,PilotCounts.xlsx,AllChum,O89,2009*,
2009,pilot,Chum,2009-08-24,08/24,2671,2671,1722073,daily,PilotCounts.xlsx,AllChum,O90,2009*,
2009,pilot,Chum,2009-08-25,08/25,1323,1323,1723396,daily,PilotCounts.xlsx,AllChum,O91,2009*,
2009,pilot,Chum,2009-08-26,08/26,1058,1058,1724454,daily,PilotCounts.xlsx,AllChum,O92,2009*,
2009,pilot,Chum,2009-08-27,08/27,584,584,1725038,daily,PilotCounts.xlsx,AllChum,O93,2009*,
2009,pilot,Chum,2009-08-28,08/28,237,237,1725275,daily,PilotCounts.xlsx,AllChum,O94,2009*,
2009,pilot,Chum,2009-08-29,08/29,1918,1918,1727193,daily,PilotCounts.xlsx,AllChum,O95,2009*,
2009,pilot,Chum,2009-08-30,08/30,93,93,1727286,daily,PilotCounts.xlsx,AllChum,O96,2009*,
2009,pilot,Chum,2009-08-31,08/31,3083,3083,1730369,daily,PilotCounts.xlsx,AllChum,O97,2009*,
2009,pilot,Chum,2009-09-01,09/01,3596,3596,1733965,daily,PilotCounts.xlsx,AllChum,O98,2009*,
2009,pilot,Chum,2009-09-02,09/02,2389,2389,1736354,daily,PilotCounts.xlsx,AllChum,O99,2009*,
2009,pilot,Chum,2009-09-03,09/03,1626,1626,1737980,daily,PilotCounts.xlsx,AllChum,O100,2009*,
2009,pilot,Chum,2009-09-04,09/04,3302,3302,1741282,daily,PilotCounts.xlsx,AllChum,O101,2009*,
2009,pilot,Chum,2009-09-05,09/05,4182,4182,1745464,daily,PilotCounts.xlsx,AllChum,O102,2009*,
2009,pilot,Chum,2009-09-06,09/06,5766,5766,1751230,daily,PilotCounts.xlsx,AllChum,O103,2009*,
2009,pilot,Chum,2009-09-07,09/07,183,183,1751413,daily,PilotCounts.xlsx,AllChum,O104,2009*,
2009,pilot,Pink,2009-07-05,07/05,0,,0,cumulative,PilotCounts.xlsx,Pink,O40,2009,
2009,pilot,Pink,2009-07-06,07/06,321,321,321,cumulative,PilotCounts.xlsx,Pink,O41,2009,
2009,pilot,Pink,2009-07-07,07/07,537,216,537,cumulative,PilotCounts.xlsx,Pink,O42,2009,
2009,pilot,Pink,2009-07-08,07/08,1294,757,1294,cumulative,PilotCounts.xlsx,Pink,O43,2009,
2009,pilot,Pink,2009-07-09,07/09,1756,462,1756,cumulative,PilotCounts.xlsx,Pink,O44,2009,
2009,pilot,Pink,2009-07-10,07/10,1756,0,1756,cumulative,PilotCounts.xlsx,Pink,O45,2009,
2009,pilot,Pink,2009-07-11,07/11,2899,1143,2899,cumulative,PilotCounts.xlsx,Pink,O46,2009,
2009,pilot,Pink,2009-07-12,07/12,3204,305,3204,cumulative,PilotCounts.xlsx,Pink,O47,2009,
2009,pilot,Pink,2009-07-13,07/13,4198,994,4198,cumulative,PilotCounts.xlsx,Pink,O48,2009,
2009,pilot,Pink,2009-07-14,07/14,4807,609,4807,cumulative,PilotCounts.xlsx,Pink,O49,2009,
2009,pilot,Pink,2009-07-15,07/15,4807,0,4807,cumulative,PilotCounts.xlsx,Pink,O50,2009,
2009,pilot,Pink,2009-07-16,07/16,5470,663,5470,cumulative,PilotCounts.xlsx,Pink,O51,2009,
2009,pilot,Pink,2009-07-17,07/17,6124,654,6124,cumulative,PilotCounts.xlsx,Pink,O52,2009,
2009,pilot,Pink,2009-07-18,07/18,6124,0,6124,cumulative,PilotCounts.xlsx,Pink,O53,2009,
2009,pilot,Pink,2009-07-19,07/19,8165,2041,8165,cumulative,PilotCounts.xlsx,Pink,O54,2009,
2009,pilot,Pink,2009-07-20,07/20,9353,1188,9353,cumulative,PilotCounts.xlsx,Pink,O55,2009,
2009,pilot,Pink,2009-07-21,07/21,10263,910,10263,cumulative,PilotCounts.xlsx,Pink,O56,2009,
2009,pilot,Pink,2009-07-22,07/22,10451,188,10451,cumulative,PilotCounts.xlsx,Pink,O57,2009,
2009,pilot,Pink,2009-07-23,07/23,13827,3376,13827,cumulative,PilotCounts.xlsx,Pink,O58,2009,
2009,pilot,Pink,2009-07-24,07/24,14144,317,14144,cumulative,PilotCounts.xlsx,Pink,O59,2009,
2009,pilot,Pink,2009-07-25,07/25,15074,930,15074,cumulative,PilotCounts.xlsx,Pink,O60,2009,
2009,pilot,Pink,2009-07-26,07/26,16786,1712,16786,cumulative,PilotCounts.xlsx,Pink,O61,2009,
2009,pilot,Pink,2009-07-27,07/27,18396,1610,18396,cumulative,PilotCounts.xlsx,Pink,O62,2009,
2009,pilot,Pink,2009-07-28,07/28,22489,4093,22489,cumulative,PilotCounts.xlsx,Pink,O63,2009,
2009,pilot,Pink,2009-07-29,07/29,24787,2298,24787,cumulative,PilotCounts.xlsx,Pink,O64,2009,
2009,pilot,Pink,2009-07-30,07/30,24787,0,24787,cumulative,PilotCounts.xlsx,Pink,O65,2009,
2009,pilot,Pink,2009-07-31,07/31,24941,154,24941,cumulative,PilotCounts.xlsx,Pink,O66,2009,
2009,pilot,Pink,2009-08-01,08/01,26017,1076,26017,cumulative,PilotCounts.xlsx,Pink,O67,2009,
2009,pilot,Pink,2009-08-02,08/02,26506,489,26506,cumulative,PilotCounts.xlsx,Pink,O68,2009,
2009,pilot,Pink,2009-08-03,08/03,26965,459,26965,cumulative,PilotCounts.xlsx,Pink,O69,2009,
2009,pilot,Pink,2009-08-04,08/04,27110,145,27110,cumulative,PilotCounts.xlsx,Pink,O70,2009,
2009,pilot,Pink,2009-08-05,08/05,27110,0,27110,cumulative,PilotCounts.xlsx,Pink,O71,2009,
2009,pilot,Pink,2009-08-06,08/06,27110,0,27110,cumulative,PilotCounts.xlsx,Pink,O72,2009,
2009,pilot,Pink,2009-08-07,08/07,27110,0,27110,cumulative,PilotCounts.xlsx,Pink,O73,2009,
2009,pilot,Pink,2009-08-08,08/08,29254,2144,29254,cumulative,PilotCounts.xlsx,Pink,O74,2009,
2009,pilot,Pink,2009-08-09,08/09,29445,191,29445,cumulative,PilotCounts.xlsx,Pink,O75,2009,
2009,pilot,Pink,2009-08-10,08/10,29445,0,29445,cumulative,PilotCounts.xlsx,Pink,O76,2009,
2009,pilot,Pink,2009-08-11,08/11,32214,2769,32214,cumulative,PilotCounts.xlsx,Pink,O77,2009,
2009,pilot,Pink,2009-08-12,08/12,32214,0,32214,cumulative,PilotCounts.xlsx,Pink,O78,2009,
2009,pilot,Pink,2009-08-13,08/13,32214,0,32214,cumulative,PilotCounts.xlsx,Pink,O79,2009,
2009,pilot,Pink,2009-08-14,08/14,34217,2003,34217,cumulative,PilotCounts.xlsx,Pink,O80,2009,
2009,pilot,Pink,2009-08-15,08/15,34217,0,34217,cumulative,PilotCounts.xlsx,Pink,O81,2009,
2009,pilot,Pink,2009-08-16,08/16,34217,0,34217,cumulative,PilotCounts.xlsx,Pink,O82,2009,
2009,pilot,Pink,2009-08-17,08/17,34529,312,34529,cumulative,PilotCounts.xlsx,Pink,O83,2009,
2009,pilot,Pink,2009-08-18,08/18,34529,0,34529,cumulative,PilotCounts.xlsx,Pink,O84,2009,
2009,pilot,Pink,2009-08-19,08/19,34529,0,34529,cumulative,PilotCounts.xlsx,Pink,O85,2009,
2010,Anvik,Pink,2010-06-16,06/16,0,,0,cumulative,Anvik_PinkCounts.xlsx,Sheet1,AL4,2010,
2010,Anvik,Pink,2010-06-17,06/17,0,0,0,cumulative,Anvik_PinkCounts.xlsx,Sheet1,AL5,2010,
2010,Anvik,Pink,2010-06-18,06/18,0,0,0,cumulative,Anvik_PinkCounts.xlsx,Sheet1,AL6,2010,
2010,Anvik,Pink,2010-06-19,06/19,0,0,0,cumulative,Anvik_PinkCounts.xlsx,Sheet1,AL7,2010,
2010,Anvik,Pink,2010-06-20,06/20,0,0,0,cumulative,Anvik_PinkCounts.xlsx,Sheet1,AL8,2010,
2010,Anvik,Pink,2010-06-21,06/21,0,0,0,cumulative,Anvik_PinkCounts.xlsx,Sheet1,AL9,2010,
2010,Anvik,Pink,2010-06-22,06/22,0,0,0,cumulative,Anvik_PinkCounts.xlsx,Sheet1,AL10,2010,
2010,Anvik,Pink,2010-06-23,06/23,0,0,0,cumulative,Anvik_PinkCounts.xlsx,Sheet1,AL11,2010,
2010,Anvik,Pink,2010-06-24,06/24,0,0,0,cumulative,Anvik_PinkCounts.xlsx,Sheet1,AL12,2010,
2010,Anvik,Pink,2010-06-25,06/25,0,0,0,cumulative,Anvik_PinkCounts.xlsx,Sheet1,AL13,2010,
2010,Anvik,Pink,2010-06-26,06/26,0,0,0,cumulative,Anvik_PinkCounts.xlsx,Sheet1,AL14,2010,
2010,Anvik,Pink,2010-06-27,06/27,0,0,0,cumulative,Anvik_PinkCounts.xlsx,Sheet1,AL15,2010,
2010,Anvik,Pink,2010-06-28,06/28,0,0,0,cumulative,Anvik_PinkCounts.xlsx,Sheet1,AL16,2010,
2010,Anvik,Pink,2010-06-29,06/29,0,0,0,cumulative,Anvik_PinkCounts.xlsx,Sheet1,AL17,2010,
2010,Anvik,Pink,2010-06-30,06/30,237,237,237,cumulative,Anvik_PinkCounts.xlsx,Sheet1,AL18,2010,
2010,Anvik,Pink,2010-07-01,07/01,597,360,597,cumulative,Anvik_PinkCounts.xlsx,Sheet1,AL19,2010,
2010,Anvik,Pink,2010-07-02,07/02,2365,1768,2365,cumulative,Anvik_PinkCounts.xlsx,Sheet1,AL20,2010,
2010,Anvik,Pink,2010-07-03,07/03,5575,3210,5575,cumulative,Anvik_PinkCounts.xlsx,Sheet1,AL21,2010,
2010,Anvik,Pink,2010-07-04,07/04,10492,4917,10492,cumulative,Anvik_PinkCounts.xlsx,Sheet1,AL22,2010,
2010,Anvik,Pink,2010-07-05,07/05,13473,2981,13473,cumulative,Anvik_PinkCounts.xlsx,Sheet1,AL23,2010,
2010,Anvik,Pink,2010-07-06,07/06,23846,10373,23846,cumulative,Anvik_PinkCounts.xlsx,Sheet1,AL24,2010,
2010,Anvik,Pink,2010-07-07,07/07,35841,11995,35841,cumulative,Anvik_PinkCounts.xlsx,Sheet1,AL25,2010,
2010,Anvik,Pink,2010-07-08,07/08,51574,15733,51574,cumulative,Anvik_PinkCounts.xlsx,Sheet1,AL26,2010,
2010,Anvik,Pink,2010-07-09,07/09,90165,38591,90165,cumulative,Anvik_PinkCounts.xlsx,Sheet1,AL27,2010,
2010,Anvik,Pink,2010-07-10,07/10,130535,40370,130535,cumulative,Anvik_PinkCounts.xlsx,Sheet1,AL28,2010,
2010,Anvik,Pink,2010-07-11,07/11,151981,21446,151981,cumulative,Anvik_PinkCounts.xlsx,Sheet1,AL29,2010,
2010,Anvik,Pink,2010-07-12,07/12,188498,36517,188498,cumulative,Anvik_PinkCounts.xlsx,Sheet1,AL30,2010,
2010,Anvik,Pink,2010-07-13,07/13,219451,30953,219451,cumulative,Anvik_PinkCounts.xlsx,Sheet1,AL31,2010,
2010,Anvik,Pink,2010-07-14,07/14,240821,21370,240821,cumulative,Anvik_PinkCounts.xlsx,Sheet1,AL32,2010,
2010,Anvik,Pink,2010-07-15,07/15,253908,13087,253908,cumulative,Anvik_PinkCounts.xlsx,Sheet1,AL33,2010,
2010,Anvik,Pink,2010-07-16,07/16,274141,20233,274141,cumulative,Anvik_PinkCounts.xlsx,Sheet1,AL34,2010,
2010,Anvik,Pink,2010-07-17,07/17,300055,25914,300055,cumulative,Anvik_PinkCounts.xlsx,Sheet1,AL35,2010,
2010,Anvik,Pink,2010-07-18,07/18,330723,30668,330723,cumulative,Anvik_PinkCounts.xlsx,Sheet1,AL36,2010,
2010,Anvik,Pink,2010-07-19,07/19,352968,22245,352968,cumulative,Anvik_PinkCounts.xlsx,Sheet1,AL37,2010,
2010,Anvik,Pink,2010-07-20,07/20,372496,19528,372496,cumulative,Anvik_PinkCounts.xlsx,Sheet1,AL38,2010,
2010,Anvik,Pink,2010-07-21,07/21,394966,22470,394966,cumulative,Anvik_PinkCounts.xlsx,Sheet1,AL39,2010,
2010,Anvik,Pink,2010-07-22,07/22,421377,26411,421377,cumulative,Anvik_PinkCounts.xlsx,Sheet1,AL40,2010,
2010,Anvik,Pink,2010-07-23,07/23,445393,24016,445393,cumulative,Anvik_PinkCounts.xlsx,Sheet1,AL41,2010,
2010,Anvik,Pink,2010-07-24,07/24,464016,18623,464016,cumulative,Anvik_PinkCounts.xlsx,Sheet1,AL42,2010,
2010,Anvik,Pink,2010-07-25,07/25,486281,22265,486281,cumulative,Anvik_PinkCounts.xlsx,Sheet1,AL43,2010,
2010,Anvik,Pink,2010-07-26,07/26,505509,19228,505509,cumulative,Anvik_PinkCounts.xlsx,Sheet1,AL44,2010,
2010,EF_Andreafsky,Pink,2010-06-20,06/20,0,,0,cumulative,EF_Andreafsky_PinkCounts.xlsx,Sheet1,Z8,2010,
2010,EF_Andreafsky,Pink,2010-06-21,06/21,0,0,0,cumulative,EF_Andreafsky_PinkCounts.xlsx,Sheet1,Z9,2010,
2010,EF_Andreafsky,Pink,2010-06-22,06/22,2,2,2,cumulative,EF_Andreafsky_PinkCounts.xlsx,Sheet1,Z10,2010,
2010,EF_Andreafsky,Pink,2010-06-23,06/23,2,0,2,cumulative,EF_Andreafsky_PinkCounts.xlsx,Sheet1,Z11,2010,
2010,EF_Andreafsky,Pink,2010-06-24,06/24,4,2,4,cumulative,EF_Andreafsky_PinkCounts.xlsx,Sheet1,Z12,2010,
2010,EF_Andreafsky,Pink,2010-06-25,06/25,12,8,12,cumulative,EF_Andreafsky_PinkCounts.xlsx,Sheet1,Z13,2010,
2010,EF_Andreafsky,Pink,2010-06-26,06/26,81,69,81,cumulative,EF_Andreafsky_PinkCounts.xlsx,Sheet1,Z14,2010,
2010,EF_Andreafsky,Pink,2010-06-27,06/27,186,105,186,cumulative,EF_Andreafsky_PinkCounts.xlsx,Sheet1,Z15,2010,
2010,EF_Andreafsky,Pink,2010-06-28,06/28,194,8,194,cumulative,EF_Andreafsky_PinkCounts.xlsx,Sheet1,Z16,2010,
2010,EF_Andreafsky,Pink,2010-06-29,06/29,1950,1756,1950,cumulative,EF_Andreafsky_PinkCounts.xlsx,Sheet1,Z17,2010,
2010,EF_Andreafsky,Pink,2010-06-30,06/30,4591,2641,4591,cumulative,EF_Andreafsky_PinkCounts.xlsx,Sheet1,Z18,2010,
2010,EF_Andreafsky,Pink,2010-07-01,07/01,5875,1284,5875,cumulative,EF_Andreafsky_PinkCounts.xlsx,Sheet1,Z19,2010,
2010,EF_Andreafsky,Pink,2010-07-02,07/02,13896,8021,13896,cumulative,EF_Andreafsky_PinkCounts.xlsx,Sheet1,Z20,2010,
2010,EF_Andreafsky,Pink,2010-07-03,07/03,21244,7348,21244,cumulative,EF_Andreafsky_PinkCounts.xlsx,Sheet1,Z21,2010,
2010,EF_Andreafsky,Pink,2010-07-04,07/04,24551,3307,24551,cumulative,EF_Andreafsky_PinkCounts.xlsx,Sheet1,Z22,2010,
2010,EF_Andreafsky,Pink,2010-07-05,07/05,26184,1633,26184,cumulative,EF_Andreafsky_PinkCounts.xlsx,Sheet1,Z23,2010,
2010,EF_Andreafsky,Pink,2010-07-06,07/06,30272,4088,30272,cumulative,EF_Andreafsky_PinkCounts.xlsx,Sheet1,Z24,2010,
2010,EF_Andreafsky,Pink,2010-07-07,07/07,30518,246,30518,cumulative,EF_Andreafsky_PinkCounts.xlsx,Sheet1,Z25,2010,
2010,EF_Andreafsky,Pink,2010-07-08,07/08,34050,3532,34050,cumulative,EF_Andreafsky_PinkCounts.xlsx,Sheet1,Z26,2010,
2010,EF_Andreafsky,Pink,2010-07-09,07/09,59776,25726,59776,cumulative,EF_Andreafsky_PinkCounts.xlsx,Sheet1,Z27,2010,
2010,EF_Andreafsky,Pink,2010-07-10,07/10,88520,28744,88520,cumulative,EF_Andreafsky_PinkCounts.xlsx,Sheet1,Z28,2010,
2010,EF_Andreafsky,Pink,2010-07-11,07/11,101070,12550,101070,cumulative,EF_Andreafsky_PinkCounts.xlsx,Sheet1,Z29,2010,
2010,EF_Andreafsky,Pink,2010-07-12,07/12,111165,10095,111165,cumulative,EF_Andreafsky_PinkCounts.xlsx,Sheet1,Z30,2010,
2010,EF_Andreafsky,Pink,2010-07-13,07/13,117292,6127,117292,cumulative,EF_Andreafsky_PinkCounts.xlsx,Sheet1,Z31,2010,
2010,EF_Andreafsky,Pink,2010-07-14,07/14,122437,5145,122437,cumulative,EF_Andreafsky_PinkCounts.xlsx,Sheet1,Z32,2010,
2010,EF_Andreafsky,Pink,2010-07-15,07/15,128490,6053,128490,cumulative,EF_Andreafsky_PinkCounts.xlsx,Sheet1,Z33,2010,
2010,EF_Andreafsky,Pink,2010-07-16,07/16,166093,37603,166093,cumulative,EF_Andreafsky_PinkCounts.xlsx,Sheet1,Z34,2010,
2010,EF_Andreafsky,Pink,2010-07-17,07/17,208945,42852,208945,cumulative,EF_Andreafsky_PinkCounts.xlsx,Sheet1,Z35,2010,
2010,EF_Andreafsky,Pink,2010-07-18,07/18,221119,12174,221119,cumulative,EF_Andreafsky_PinkCounts.xlsx,Sheet1,Z36,2010,
2010,EF_Andreafsky,Pink,2010-07-19,07/19,232103,10984,232103,cumulative,EF_Andreafsky_PinkCounts.xlsx,Sheet1,Z37,2010,
2010,EF_Andreafsky,Pink,2010-07-20,07/20,245548,13445,245548,cumulative,EF_Andreafsky_PinkCounts.xlsx,Sheet1,Z38,2010,
2010,EF_Andreafsky,Pink,2010-07-21,07/21,257804,12256,257804,cumulative,EF_Andreafsky_PinkCounts.xlsx,Sheet1,Z39,2010,
2010,EF_Andreafsky,Pink,2010-07-22,07/22,273005,15201,273005,cumulative,EF_Andreafsky_PinkCounts.xlsx,Sheet1,Z40,2010,
2010,EF_Andreafsky,Pink,2010-07-23,07/23,284417,11412,284417,cumulative,EF_Andreafsky_PinkCounts.xlsx,Sheet1,Z41,2010,
2010,EF_Andreafsky,Pink,2010-07-24,07/24,290907,6490,290907,cumulative,EF_Andreafsky_PinkCounts.xlsx,Sheet1,Z42,2010,
2010,EF_Andreafsky,Pink,2010-07-25,07/25,301465,10558,301465,cumulative,EF_Andreafsky_PinkCounts.xlsx,Sheet1,Z43,2010,
2010,EF_Andreafsky,Pink,2010-07-26,07/26,310747,9282,310747,cumulative,EF_Andreafsky_PinkCounts.xlsx,Sheet1,Z44,2010,
2010,EF_Andreafsky,Pink,2010-07-27,07/27,320455,9708,320455,cumulative,EF_Andreafsky_PinkCounts.xlsx,Sheet1,Z45,2010,
2010,EF_Andreafsky,Pink,2010-07-28,07/28,327606,7151,327606,cumulative,EF_Andreafsky_PinkCounts.xlsx,Sheet1,Z46,2010,
2010,EF_Andreafsky,Pink,2010-07-29,07/29,330514,2908,330514,cumulative,EF_Andreafsky_PinkCounts.xlsx,Sheet1,Z47,2010,
2010,EF_Andreafsky,Pink,2010-07-30,07/30,335247,4733,335247,cumulative,EF_Andreafsky_PinkCounts.xlsx,Sheet1,Z48,2010,
2010,EF_Andreafsky,Pink,2010-07-31,07/31,339058,3811,339058,cumulative,EF_Andreafsky_PinkCounts.xlsx,Sheet1,Z49,2010,
2010,pilot,Chinook,2010-06-01,06/01,0,0,0,daily,PilotCounts.xlsx,AllChinook,O6,2010,
2010,pilot,Chinook,2010-06-02,06/02,0,0,0,daily,PilotCounts.xlsx,AllChinook,O7,2010,
2010,pilot,Chinook,2010-06-03,06/03,0,0,0,daily,PilotCounts.xlsx,AllChinook,O8,2010,
2010,pilot,Chinook,2010-06-04,06/04,0,0,0,daily,PilotCounts.xlsx,AllChinook,O9,2010,
2010,pilot,Chinook,2010-06-05,06/05,0,0,0,daily,PilotCounts.xlsx,AllChinook,O10,2010,
2010,pilot,Chinook,2010-06-06,06/06,0,0,0,daily,PilotCounts.xlsx,AllChinook,O11,2010,
2010,pilot,Chinook,2010-06-07,06/07,0,0,0,daily,PilotCounts.xlsx,AllChinook,O12,2010,
2010,pilot,Chinook,2010-06-08,06/08,0,0,0,daily,PilotCounts.xlsx,AllChinook,O13,2010,
2010,pilot,Chinook,2010-06-09,06/09,0,0,0,daily,PilotCounts.xlsx,AllChinook,O14,2010,
2010,pilot,Chinook,2010-06-10,06/10,0,0,0,daily,PilotCounts.xlsx,AllChinook,O15,2010,
2010,pilot,Chinook,2010-06-11,06/11,0,0,0,daily,PilotCounts.xlsx,AllChinook,O16,2010,
2010,pilot,Chinook,2010-06-12,06/12,41,41,41,daily,PilotCounts.xlsx,AllChinook,O17,2010,
2010,pilot,Chinook,2010-06-13,06/13,621,621,662,daily,PilotCounts.xlsx,AllChinook,O18,2010,
2010,pilot,Chinook,2010-06-14,06/14,368,368,1030,daily,PilotCounts.xlsx,AllChinook,O19,2010,
2010,pilot,Chinook,2010-06-15,06/15,933,933,1963,daily,PilotCounts.xlsx,AllChinook,O20,2010,
2010,pilot,Chinook,2010-06-16,06/16,1548,1548,3511,daily,PilotCounts.xlsx,AllChinook,O21,2010,
2010,pilot,Chinook,2010-06-17,06/17,2045,2045,5556,daily,PilotCounts.xlsx,AllChinook,O22,2010,
2010,pilot,Chinook,2010-06-18,06/18,2550,2550,8106,daily,PilotCounts.xlsx,AllChinook,O23,2010,
2010,pilot,Chinook,2010-06-19,06/19,12347,12347,20453,daily,PilotCounts.xlsx,AllChinook,O24,2010,
2010,pilot,Chinook,2010-06-20,06/20,4664,4664,25117,daily,PilotCounts.xlsx,AllChinook,O25,2010,
2010,pilot,Chinook,2010-06-21,06/21,3768,3768,28885,daily,PilotCounts.xlsx,AllChinook,O26,2010,
2010,pilot,Chinook,2010-06-22,06/22,9279,9279,38164,daily,PilotCounts.xlsx,AllChinook,O27,2010,
2010,pilot,Chinook,2010-06-23,06/23,5127,5127,43291,daily,PilotCounts.xlsx,AllChinook,O28,2010,
2010,pilot,Chinook,2010-06-24,06/24,3805,3805,47096,daily,PilotCounts.xlsx,AllChinook,O29,2010,
2010,pilot,Chinook,2010-06-25,06/25,8122,8122,55218,daily,PilotCounts.xlsx,AllChinook,O30,2010,
2010,pilot,Chinook,2010-06-26,06/26,10407,10407,65625,daily,PilotCounts.xlsx,AllChinook,O31,2010,
2010,pilot,Chinook,2010-06-27,06/27,8566,8566,74191,daily,PilotCounts.xlsx,AllChinook,O32,2010,
2010,pilot,Chinook,2010-06-28,06/28,6082,6082,80273,daily,PilotCounts.xlsx,AllChinook,O33,2010,
2010,pilot,Chinook,2010-06-29,06/29,17797,17797,98070,daily,PilotCounts.xlsx,AllChinook,O34,2010,
2010,pilot,Chinook,2010-06-30,06/30,9671,9671,107741,daily,PilotCounts.xlsx,AllChinook,O35,2010,
2010,pilot,Chinook,2010-07-01,07/01,3880,3880,111621,daily,PilotCounts.xlsx,AllChinook,O36,2010,
2010,pilot,Chinook,2010-07-02,07/02,3868,3868,115489,daily,PilotCounts.xlsx,AllChinook,O37,2010,
2010,pilot,Chinook,2010-07-03,07/03,2006,2006,117495,daily,PilotCounts.xlsx,AllChinook,O38,2010,
2010,pilot,Chinook,2010-07-04,07/04,2065,2065,119560,daily,PilotCounts.xlsx,AllChinook,O39,2010,
2010,pilot,Chinook,2010-07-05,07/05,2653,2653,122213,daily,PilotCounts.xlsx,AllChinook,O40,2010,
2010,pilot,Chinook,2010-07-06,07/06,2834,2834,125047,daily,PilotCounts.xlsx,AllChinook,O41,2010,
2010,pilot,Chinook,2010-07-07,07/07,1250,1250,126297,daily,PilotCounts.xlsx,AllChinook,O42,2010,
2010,pilot,Chinook,2010-07-08,07/08,1459,1459,127756,daily,PilotCounts.xlsx,AllChinook,O43,2010,
2010,pilot,Chinook,2010-07-09,07/09,1973,1973,129729,daily,PilotCounts.xlsx,AllChinook,O44,2010,
2010,pilot,Chinook,2010-07-10,07/10,835,835,130564,daily,PilotCounts.xlsx,AllChinook,O45,2010,
2010,pilot,Chinook,2010-07-11,07/11,632,632,131196,daily,PilotCounts.xlsx,AllChinook,O46,2010,
2010,pilot,Chinook,2010-07-12,07/12,672,672,131868,daily,PilotCounts.xlsx,AllChinook,O47,2010,
2010,pilot,Chinook,2010-07-13,07/13,742,742,132610,daily,PilotCounts.xlsx,AllChinook,O48,2010,
2010,pilot,Chinook,2010-07-14,07/14,986,986,133596,daily,PilotCounts.xlsx,AllChinook,O49,2010,
2010,pilot,Chinook,2010-07-15,07/15,1567,1567,135163,daily,PilotCounts.xlsx,AllChinook,O50,2010,
2010,pilot,Chinook,2010-07-16,07/16,1229,1229,136392,daily,PilotCounts.xlsx,AllChinook,O51,2010,
2010,pilot,Chinook,2010-07-17,07/17,1016,1016,137408,daily,PilotCounts.xlsx,AllChinook,O52,2010,
2010,pilot,Chinook,2010-07-18,07/18,0,0,137408,daily,PilotCounts.xlsx,AllChinook,O53,2010,
2010,pilot,Chinook,2010-07-19,07/19,0,0,137408,daily,PilotCounts.xlsx,AllChinook,O54,2010,
2010,pilot,Chinook,2010-07-20,07/20,104,104,137512,daily,PilotCounts.xlsx,AllChinook,O55,2010,
2010,pilot,Chinook,2010-07-21,07/21,0,0,137512,daily,PilotCounts.xlsx,AllChinook,O56,2010,
2010,pilot,Chinook,2010-07-22,07/22,108,108,137620,daily,PilotCounts.xlsx,AllChinook,O57,2010,
2010,pilot,Chinook,2010-07-23,07/23,0,0,137620,daily,PilotCounts.xlsx,AllChinook,O58,2010,
2010,pilot,Chinook,2010-07-24,07/24,57,57,137677,daily,PilotCounts.xlsx,AllChinook,O59,2010,
2010,pilot,Chinook,2010-07-25,07/25,0,0,137677,daily,PilotCounts.xlsx,AllChinook,O60,2010,
2010,pilot,Chinook,2010-07-26,07/26,0,0,137677,daily,PilotCounts.xlsx,AllChinook,O61,2010,
2010,pilot,Chinook,2010-07-27,07/27,0,0,137677,daily,PilotCounts.xlsx,AllChinook,O62,2010,
2010,pilot,Chinook,2010-07-28,07/28,0,0,137677,daily,PilotCounts.xlsx,AllChinook,O63,2010,
2010,pilot,Chinook,2010-07-29,07/29,0,0,137677,daily,PilotCounts.xlsx,AllChinook,O64,2010,
2010,pilot,Chinook,2010-07-30,07/30,0,0,137677,daily,PilotCounts.xlsx,AllChinook,O65,2010,
2010,pilot,Chinook,2010-07-31,07/31,0,0,137677,daily,PilotCounts.xlsx,AllChinook,O66,2010,
2010,pilot,Chinook,2010-08-01,08/01,0,0,137677,daily,PilotCounts.xlsx,AllChinook,O67,2010,
2010,pilot,Chinook,2010-08-02,08/02,0,0,137677,daily,PilotCounts.xlsx,AllChinook,O68,2010,
2010,pilot,Chinook,2010-08-03,08/03,0,0,137677,daily,PilotCounts.xlsx,AllChinook,O69,2010,
2010,pilot,Chinook,2010-08-04,08/04,0,0,137677,daily,PilotCounts.xlsx,AllChinook,O70,2010,
2010,pilot,Chinook,2010-08-05,08/05,0,0,137677,daily,PilotCounts.xlsx,AllChinook,O71,2010,
2010,pilot,Chinook,2010-08-06,08/06,0,0,137677,daily,PilotCounts.xlsx,AllChinook,O72,2010,
2010,pilot,Chinook,2010-08-07,08/07,0,0,137677,daily,PilotCounts.xlsx,AllChinook,O73,2010,
2010,pilot,Chinook,2010-08-08,08/08,0,0,137677,daily,PilotCounts.xlsx,AllChinook,O74,2010,
2010,pilot,Chinook,2010-08-09,08/09,0,0,137677,daily,PilotCounts.xlsx,AllChinook,O75,2010,
2010,pilot,Chinook,2010-08-10,08/10,0,0,137677,daily,PilotCounts.xlsx,AllChinook,O76,2010,
2010,pilot,Chinook,2010-08-11,08/11,0,0,137677,daily,PilotCounts.xlsx,AllChinook,O77,2010,
2010,pilot,Chinook,2010-08-12,08/12,0,0,137677,daily,PilotCounts.xlsx,AllChinook,O78,2010,
2010,pilot,Chinook,2010-08-13,08/13,0,0,137677,daily,PilotCounts.xlsx,AllChinook,O79,2010,
2010,pilot,Chinook,2010-08-14,08/14,0,0,137677,daily,PilotCounts.xlsx,AllChinook,O80,2010,
2010,pilot,Chinook,2010-08-15,08/15,0,0,137677,daily,PilotCounts.xlsx,AllChinook,O81,2010,
2010,pilot,Chinook,2010-08-16,08/16,0,0,137677,daily,PilotCounts.xlsx,AllChinook,O82,2010,
2010,pilot,Chinook,2010-08-17,08/17,0,0,137677,daily,PilotCounts.xlsx,AllChinook,O83,2010,
2010,pilot,Chinook,2010-08-18,08/18,0,0,137677,daily,PilotCounts.xlsx,AllChinook,O84,2010,
2010,pilot,Chinook,2010-08-19,08/19,0,0,137677,daily,PilotCounts.xlsx,AllChinook,O85,2010,
2010,pilot,Chinook,2010-08-20,08/20,0,0,137677,daily,PilotCounts.xlsx,AllChinook,O86,2010,
2010,pilot,Chinook,2010-08-21,08/21,0,0,137677,daily,PilotCounts.xlsx,AllChinook,O87,2010,
2010,pilot,Chinook,2010-08-22,08/22,0,0,137677,daily,PilotCounts.xlsx,AllChinook,O88,2010,
2010,pilot,Chinook,2010-08-23,08/23,0,0,137677,daily,PilotCounts.xlsx,AllChinook,O89,2010,
2010,pilot,Chinook,2010-08-24,08/24,0,0,137677,daily,PilotCounts.xlsx,AllChinook,O90,2010,
2010,pilot,Chinook,2010-08-25,08/25,0,0,137677,daily,PilotCounts.xlsx,AllChinook,O91,2010,
2010,pilot,Chinook,2010-08-26,08/26,0,0,137677,daily,PilotCounts.xlsx,AllChinook,O92,2010,
2010,pilot,Chinook,2010-08-27,08/27,0,0,137677,daily,PilotCounts.xlsx,AllChinook,O93,2010,
2010,pilot,Chinook,2010-08-28,08/28,0,0,137677,daily,PilotCounts.xlsx,AllChinook,O94,2010,
2010,pilot,Chinook,2010-08-29,08/29,0,0,137677,daily,PilotCounts.xlsx,AllChinook,O95,2010,
2010,pilot,Chinook,2010-08-30,08/30,0,0,137677,daily,PilotCounts.xlsx,AllChinook,O96,2010,
2010,pilot,Chinook,2010-08-31,08/31,0,0,137677,daily,PilotCounts.xlsx,AllChinook,O97,2010,
2010,pilot,Chinook,2010-09-01,09/01,0,0,137677,daily,PilotCounts.xlsx,AllChinook,O98,2010,
2010,pilot,Chinook,2010-09-02,09/02,0,0,137677,daily,PilotCounts.xlsx,AllChinook,O99,2010,
2010,pilot,Chinook,2010-09-03,09/03,0,0,137677,daily,PilotCounts.xlsx,AllChinook,O100,2010,
2010,pilot,Chinook,2010-09-04,09/04,0,0,137677,daily,PilotCounts.xlsx,AllChinook,O101,2010,
2010,pilot,Chinook,2010-09-05,09/05,222,222,137899,daily,PilotCounts.xlsx,AllChinook,O102,2010,
2010,pilot,Chinook,2010-09-06,09/06,0,0,137899,daily,PilotCounts.xlsx,AllChinook,O103,2010,
2010,pilot,Chinook,2010-09-07,09/07,0,0,137899,daily,PilotCounts.xlsx,AllChinook,O104,2010,
2010,pilot,Chum,2010-06-01,06/01,0,0,0,daily,PilotCounts.xlsx,AllChum,P6,2010,
2010,pilot,Chum,2010-06-02,06/02,0,0,0,daily,PilotCounts.xlsx,AllChum,P7,2010,
2010,pilot,Chum,2010-06-03,06/03,0,0,0,daily,PilotCounts.xlsx,AllChum,P8,2010,
2010,pilot,Chum,2010-06-04,06/04,0,0,0,daily,PilotCounts.xlsx,AllChum,P9,2010,
2010,pilot,Chum,2010-06-05,06/05,0,0,0,daily,PilotCounts.xlsx,AllChum,P10,2010,
2010,pilot,Chum,2010-06-06,06/06,0,0,0,daily,PilotCounts.xlsx,AllChum,P11,2010,
2010,pilot,Chum,2010-06-07,06/07,0,0,0,daily,PilotCounts.xlsx,AllChum,P12,2010,
2010,pilot,Chum,2010-06-08,06/08,0,0,0,daily,PilotCounts.xlsx,AllChum,P13,2010,
2010,pilot,Chum,2010-06-09,06/09,0,0,0,daily,PilotCounts.xlsx,AllChum,P14,2010,
2010,pilot,Chum,2010-06-10,06/10,0,0,0,daily,PilotCounts.xlsx,AllChum,P15,2010,
2010,pilot,Chum,2010-06-11,06/11,0,0,0,daily,PilotCounts.xlsx,AllChum,P16,2010,
2010,pilot,Chum,2010-06-12,06/12,1602,1602,1602,daily,PilotCounts.xlsx,AllChum,P17,2010,
2010,pilot,Chum,2010-06-13,06/13,1147,1147,2749,daily,PilotCounts.xlsx,AllChum,P18,2010,
2010,pilot,Chum,2010-06-14,06/14,340,340,3089,daily,PilotCounts.xlsx,AllChum,P19,2010,
2010,pilot,Chum,2010-06-15,06/15,1714,1714,4803,daily,PilotCounts.xlsx,AllChum,P20,2010,
2010,pilot,Chum,2010-06-16,06/16,3642,3642,8445,daily,PilotCounts.xlsx,AllChum,P21,2010,
2010,pilot,Chum,2010-06-17,06/17,18432,18432,26877,daily,PilotCounts.xlsx,AllChum,P22,2010,
2010,pilot,Chum,2010-06-18,06/18,41646,41646,68523,daily,PilotCounts.xlsx,AllChum,P23,2010,
2010,pilot,Chum,2010-06-19,06/19,48346,48346,116869,daily,PilotCounts.xlsx,AllChum,P24,2010,
2010,pilot,Chum,2010-06-20,06/20,76492,76492,193361,daily,PilotCounts.xlsx,AllChum,P25,2010,
2010,pilot,Chum,2010-06-21,06/21,83429,83429,276790,daily,PilotCounts.xlsx,AllChum,P26,2010,
2010,pilot,Chum,2010-06-22,06/22,77793,77793,354583,daily,PilotCounts.xlsx,AllChum,P27,2010,
2010,pilot,Chum,2010-06-23,06/23,68402,68402,422985,daily,PilotCounts.xlsx,AllChum,P28,2010,
2010,pilot,Chum,2010-06-24,06/24,74662,74662,497647,daily,PilotCounts.xlsx,AllChum,P29,2010,
2010,pilot,Chum,2010-06-25,06/25,48334,48334,545981,daily,PilotCounts.xlsx,AllChum,P30,2010,
2010,pilot,Chum,2010-06-26,06/26,68765,68765,614746,daily,PilotCounts.xlsx,AllChum,P31,2010,
2010,pilot,Chum,2010-06-27,06/27,58709,58709,673455,daily,PilotCounts.xlsx,AllChum,P32,2010,
2010,pilot,Chum,2010-06-28,06/28,69910,69910,743365,daily,PilotCounts.xlsx,AllChum,P33,2010,
2010,pilot,Chum,2010-06-29,06/29,163556,163556,906921,daily,PilotCounts.xlsx,AllChum,P34,2010,
2010,pilot,Chum,2010-06-30,06/30,137708,137708,1044629,daily,PilotCounts.xlsx,AllChum,P35,2010,
2010,pilot,Chum,2010-07-01,07/01,63076,63076,1107705,daily,PilotCounts.xlsx,AllChum,P36,2010,
2010,pilot,Chum,2010-07-02,07/02,22001,22001,1129706,daily,PilotCounts.xlsx,AllChum,P37,2010,
2010,pilot,Chum,2010-07-03,07/03,26043,26043,1155749,daily,PilotCounts.xlsx,AllChum,P38,2010,
2010,pilot,Chum,2010-07-04,07/04,20791,20791,1176540,daily,PilotCounts.xlsx,AllChum,P39,2010,
2010,pilot,Chum,2010-07-05,07/05,18950,18950,1195490,daily,PilotCounts.xlsx,AllChum,P40,2010,
2010,pilot,Chum,2010-07-06,07/06,23179,23179,1218669,daily,PilotCounts.xlsx,AllChum,P41,2010,
2010,pilot,Chum,2010-07-07,07/07,24774,24774,1243443,daily,PilotCounts.xlsx,AllChum,P42,2010,
2010,pilot,Chum,2010-07-08,07/08,36576,36576,1280019,daily,PilotCounts.xlsx,AllChum,P43,2010,
2010,pilot,Chum,2010-07-09,07/09,46375,46375,1326394,daily,PilotCounts.xlsx,AllChum,P44,2010,
2010,pilot,Chum,2010-07-10,07/10,20339,20339,1346733,daily,PilotCounts.xlsx,AllChum,P45,2010,
2010,pilot,Chum,2010-07-11,07/11,7237,7237,1353970,daily,PilotCounts.xlsx,AllChum,P46,2010,
2010,pilot,Chum,2010-07-12,07/12,7439,7439,1361409,daily,PilotCounts.xlsx,AllChum,P47,2010,
2010,pilot,Chum,2010-07-13,07/13,12367,12367,1373776,daily,PilotCounts.xlsx,AllChum,P48,2010,
2010,pilot,Chum,2010-07-14,07/14,17077,17077,1390853,daily,PilotCounts.xlsx,AllChum,P49,2010,
2010,pilot,Chum,2010-07-15,07/15,13323,13323,1404176,daily,PilotCounts.xlsx,AllChum,P50,2010,
2010,pilot,Chum,2010-07-16,07/16,11365,11365,1415541,daily,PilotCounts.xlsx,AllChum,P51,2010,
2010,pilot,Chum,2010-07-17,07/17,3359,3359,1418900,daily,PilotCounts.xlsx,AllChum,P52,2010,
2010,pilot,Chum,2010-07-18,07/18,4472,4472,1423372,daily,PilotCounts.xlsx,AllChum,P53,2010,
2010,pilot,Chum,2010-07-19,07/19,28445,28445,1451817,daily,PilotCounts.xlsx,AllChum,P54,2010,
2010,pilot,Chum,2010-07-20,07/20,31090,31090,1482907,daily,PilotCounts.xlsx,AllChum,P55,2010,
2010,pilot,Chum,2010-07-21,07/21,18504,18504,1501411,daily,PilotCounts.xlsx,AllChum,P56,2010,
2010,pilot,Chum,2010-07-22,07/22,10525,10525,1511936,daily,PilotCounts.xlsx,AllChum,P57,2010,
2010,pilot,Chum,2010-07-23,07/23,10953,10953,1522889,daily,PilotCounts.xlsx,AllChum,P58,2010,
2010,pilot,Chum,2010-07-24,07/24,4191,4191,1527080,daily,PilotCounts.xlsx,AllChum,P59,2010,
2010,pilot,Chum,2010-07-25,07/25,3233,3233,1530313,daily,PilotCounts.xlsx,AllChum,P60,2010,
2010,pilot,Chum,2010-07-26,07/26,13336,13336,1543649,daily,PilotCounts.xlsx,AllChum,P61,2010,
2010,pilot,Chum,2010-07-27,07/27,3335,3335,1546984,daily,PilotCounts.xlsx,AllChum,P62,2010,
2010,pilot,Chum,2010-07-28,07/28,2587,2587,1549571,daily,PilotCounts.xlsx,AllChum,P63,2010,
2010,pilot,Chum,2010-07-29,07/29,742,742,1550313,daily,PilotCounts.xlsx,AllChum,P64,2010,
2010,pilot,Chum,2010-07-30,07/30,741,741,1551054,daily,PilotCounts.xlsx,AllChum,P65,2010,
2010,pilot,Chum,2010-07-31,07/31,7288,7288,1558342,daily,PilotCounts.xlsx,AllChum,P66,2010,
2010,pilot,Chum,2010-08-01,08/01,4356,4356,1562698,daily,PilotCounts.xlsx,AllChum,P67,2010,
2010,pilot,Chum,2010-08-02,08/02,1063,1063,1563761,daily,PilotCounts.xlsx,AllChum,P68,2010,
2010,pilot,Chum,2010-08-03,08/03,769,769,1564530,daily,PilotCounts.xlsx,AllChum,P69,2010,
2010,pilot,Chum,2010-08-04,08/04,2759,2759,1567289,daily,PilotCounts.xlsx,AllChum,P70,2010,
2010,pilot,Chum,2010-08-05,08/05,4593,4593,1571882,daily,PilotCounts.xlsx,AllChum,P71,2010,
2010,pilot,Chum,2010-08-06,08/06,2406,2406,1574288,daily,PilotCounts.xlsx,AllChum,P72,2010,
2010,pilot,Chum,2010-08-07,08/07,1127,1127,1575415,daily,PilotCounts.xlsx,AllChum,P73,2010,
2010,pilot,Chum,2010-08-08,08/08,22457,22457,1597872,daily,PilotCounts.xlsx,AllChum,P74,2010,
2010,pilot,Chum,2010-08-09,08/09,12426,12426,1610298,daily,PilotCounts.xlsx,AllChum,P75,2010,
2010,pilot,Chum,2010-08-10,08/10,4501,4501,1614799,daily,PilotCounts.xlsx,AllChum,P76,2010,
2010,pilot,Chum,2010-08-11,08/11,2975,2975,1617774,daily,PilotCounts.xlsx,AllChum,P77,2010,
2010,pilot,Chum,2010-08-12,08/12,31496,31496,1649270,daily,PilotCounts.xlsx,AllChum,P78,2010,
2010,pilot,Chum,2010-08-13,08/13,22742,22742,1672012,daily,PilotCounts.xlsx,AllChum,P79,2010,
2010,pilot,Chum,2010-08-14,08/14,3315,3315,1675327,daily,PilotCounts.xlsx,AllChum,P80,2010,
2010,pilot,Chum,2010-08-15,08/15,2212,2212,1677539,daily,PilotCounts.xlsx,AllChum,P81,2010,
2010,pilot,Chum,2010-08-16,08/16,522,522,1678061,daily,PilotCounts.xlsx,AllChum,P82,2010,
2010,pilot,Chum,2010-08-17,08/17,137,137,1678198,daily,PilotCounts.xlsx,AllChum,P83,2010,
2010,pilot,Chum,2010-08-18,08/18,41355,41355,1719553,daily,PilotCounts.xlsx,AllChum,P84,2010,
2010,pilot,Chum,2010-08-19,08/19,65775,65775,1785328,daily,PilotCounts.xlsx,AllChum,P85,2010,
2010,pilot,Chum,2010-08-20,08/20,23639,23639,1808967,daily,PilotCounts.xlsx,AllChum,P86,2010,
2010,pilot,Chum,2010-08-21,08/21,7871,7871,1816838,daily,PilotCounts.xlsx,AllChum,P87,2010,
2010,pilot,Chum,2010-08-22,08/22,2956,2956,1819794,daily,PilotCounts.xlsx,AllChum,P88,2010,
2010,pilot,Chum,2010-08-23,08/23,1570,1570,1821364,daily,PilotCounts.xlsx,AllChum,P89,2010,
2010,pilot,Chum,2010-08-24,08/24,2689,2689,1824053,daily,PilotCounts.xlsx,AllChum,P90,2010,
2010,pilot,Chum,2010-08-25,08/25,4617,4617,1828670,daily,PilotCounts.xlsx,AllChum,P91,2010,
2010,pilot,Chum,2010-08-26,08/26,7831,7831,1836501,daily,PilotCounts.xlsx,AllChum,P92,2010,
2010,pilot,Chum,2010-08-27,08/27,4094,4094,1840595,daily,PilotCounts.xlsx,AllChum,P93,2010,
2010,pilot,Chum,2010-08-28,08/28,1672,1672,1842267,daily,PilotCounts.xlsx,AllChum,P94,2010,
2010,pilot,Chum,2010-08-29,08/29,1092,1092,1843359,daily,PilotCounts.xlsx,AllChum,P95,2010,
2010,pilot,Chum,2010-08-30,08/30,496,496,1843855,daily,PilotCounts.xlsx,AllChum,P96,2010,
2010,pilot,Chum,2010-08-31,08/31,3734,3734,1847589,daily,PilotCounts.xlsx,AllChum,P97,2010,
2010,pilot,Chum,2010-09-01,09/01,4292,4292,1851881,daily,PilotCounts.xlsx,AllChum,P98,2010,
2010,pilot,Chum,2010-09-02,09/02,3640,3640,1855521,daily,PilotCounts.xlsx,AllChum,P99,2010,
2010,pilot,Chum,2010-09-03,09/03,14185,14185,1869706,daily,PilotCounts.xlsx,AllChum,P100,2010,
2010,pilot,Chum,2010-09-04,09/04,5906,5906,1875612,daily,PilotCounts.xlsx,AllChum,P101,2010,
2010,pilot,Chum,2010-09-05,09/05,3019,3019,1878631,daily,PilotCounts.xlsx,AllChum,P102,2010,
2010,pilot,Chum,2010-09-06,09/06,1813,1813,1880444,daily,PilotCounts.xlsx,AllChum,P103,2010,
2010,pilot,Chum,2010-09-07,09/07,1031,1031,1881475,daily,PilotCounts.xlsx,AllChum,P104,2010,
2010,pilot,Pink,2010-06-02,06/02,0,,0,cumulative,PilotCounts.xlsx,Pink,P7,2010,
2010,pilot,Pink,2010-06-03,06/03,0,0,0,cumulative,PilotCounts.xlsx,Pink,P8,2010,
2010,pilot,Pink,2010-06-04,06/04,0,0,0,cumulative,PilotCounts.xlsx,Pink,P9,2010,
2010,pilot,Pink,2010-06-05,06/05,0,0,0,cumulative,PilotCounts.xlsx,Pink,P10,2010,
2010,pilot,Pink,2010-06-06,06/06,0,0,0,cumulative,PilotCounts.xlsx,Pink,P11,2010,
2010,pilot,Pink,2010-06-07,06/07,0,0,0,cumulative,PilotCounts.xlsx,Pink,P12,2010,
2010,pilot,Pink,2010-06-08,06/08,0,0,0,cumulative,PilotCounts.xlsx,Pink,P13,2010,
2010,pilot,Pink,2010-06-09,06/09,0,0,0,cumulative,PilotCounts.xlsx,Pink,P14,2010,
2010,pilot,Pink,2010-06-10,06/10,0,0,0,cumulative,PilotCounts.xlsx,Pink,P15,2010,
2010,pilot,Pink,2010-06-11,06/11,0,0,0,cumulative,PilotCounts.xlsx,Pink,P16,2010,
2010,pilot,Pink,2010-06-12,06/12,0,0,0,cumulative,PilotCounts.xlsx,Pink,P17,2010,
2010,pilot,Pink,2010-06-13,06/13,0,0,0,cumulative,PilotCounts.xlsx,Pink,P18,2010,
2010,pilot,Pink,2010-06-14,06/14,0,0,0,cumulative,PilotCounts.xlsx,Pink,P19,2010,
2010,pilot,Pink,2010-06-15,06/15,0,0,0,cumulative,PilotCounts.xlsx,Pink,P20,2010,
2010,pilot,Pink,2010-06-16,06/16,0,0,0,cumulative,PilotCounts.xlsx,Pink,P21,2010,
2010,pilot,Pink,2010-06-17,06/17,0,0,0,cumulative,PilotCounts.xlsx,Pink,P22,2010,
2010,pilot,Pink,2010-06-18,06/18,0,0,0,cumulative,PilotCounts.xlsx,Pink,P23,2010,
2010,pilot,Pink,2010-06-19,06/19,0,0,0,cumulative,PilotCounts.xlsx,Pink,P24,2010,
2010,pilot,Pink,2010-06-20,06/20,0,0,0,cumulative,PilotCounts.xlsx,Pink,P25,2010,
2010,pilot,Pink,2010-06-21,06/21,1352,1352,1352,cumulative,PilotCounts.xlsx,Pink,P26,2010,
2010,pilot,Pink,2010-06-22,06/22,2862,1510,2862,cumulative,PilotCounts.xlsx,Pink,P27,2010,
2010,pilot,Pink,2010-06-23,06/23,3785,923,3785,cumulative,PilotCounts.xlsx,Pink,P28,2010,
2010,pilot,Pink,2010-06-24,06/24,4164,379,4164,cumulative,PilotCounts.xlsx,Pink,P29,2010,
2010,pilot,Pink,2010-06-25,06/25,9790,5626,9790,cumulative,PilotCounts.xlsx,Pink,P30,2010,
2010,pilot,Pink,2010-06-26,06/26,17298,7508,17298,cumulative,PilotCounts.xlsx,Pink,P31,2010,
2010,pilot,Pink,2010-06-27,06/27,26135,8837,26135,cumulative,PilotCounts.xlsx,Pink,P32,2010,
2010,pilot,Pink,2010-06-28,06/28,29550,3415,29550,cumulative,PilotCounts.xlsx,Pink,P33,2010,
2010,pilot,Pink,2010-06-29,06/29,45836,16286,45836,cumulative,PilotCounts.xlsx,Pink,P34,2010,
2010,pilot,Pink,2010-06-30,06/30,56978,11142,56978,cumulative,PilotCounts.xlsx,Pink,P35,2010,
2010,pilot,Pink,2010-07-01,07/01,63164,6186,63164,cumulative,PilotCounts.xlsx,Pink,P36,2010,
2010,pilot,Pink,2010-07-02,07/02,80706,17542,80706,cumulative,PilotCounts.xlsx,Pink,P37,2010,
2010,pilot,Pink,2010-07-03,07/03,93864,13158,93864,cumulative,PilotCounts.xlsx,Pink,P38,2010,
2010,pilot,Pink,2010-07-04,07/04,111803,17939,111803,cumulative,PilotCounts.xlsx,Pink,P39,2010,
2010,pilot,Pink,2010-07-05,07/05,123334,11531,123334,cumulative,PilotCounts.xlsx,Pink,P40,2010,
2010,pilot,Pink,2010-07-06,07/06,140096,16762,140096,cumulative,PilotCounts.xlsx,Pink,P41,2010,
2010,pilot,Pink,2010-07-07,07/07,159421,19325,159421,cumulative,PilotCounts.xlsx,Pink,P42,2010,
2010,pilot,Pink,2010-07-08,07/08,188280,28859,188280,cumulative,PilotCounts.xlsx,Pink,P43,2010,
2010,pilot,Pink,2010-07-09,07/09,214560,26280,214560,cumulative,PilotCounts.xlsx,Pink,P44,2010,
2010,pilot,Pink,2010-07-10,07/10,228977,14417,228977,cumulative,PilotCounts.xlsx,Pink,P45,2010,
2010,pilot,Pink,2010-07-11,07/11,248093,19116,248093,cumulative,PilotCounts.xlsx,Pink,P46,2010,
2010,pilot,Pink,2010-07-12,07/12,268370,20277,268370,cumulative,PilotCounts.xlsx,Pink,P47,2010,
2010,pilot,Pink,2010-07-13,07/13,293886,25516,293886,cumulative,PilotCounts.xlsx,Pink,P48,2010,
2010,pilot,Pink,2010-07-14,07/14,327439,33553,327439,cumulative,PilotCounts.xlsx,Pink,P49,2010,
2010,pilot,Pink,2010-07-15,07/15,390193,62754,390193,cumulative,PilotCounts.xlsx,Pink,P50,2010,
2010,pilot,Pink,2010-07-16,07/16,456425,66232,456425,cumulative,PilotCounts.xlsx,Pink,P51,2010,
2010,pilot,Pink,2010-07-17,07/17,514216,57791,514216,cumulative,PilotCounts.xlsx,Pink,P52,2010,
2010,pilot,Pink,2010-07-18,07/18,578606,64390,578606,cumulative,PilotCounts.xlsx,Pink,P53,2010,
2010,pilot,Pink,2010-07-19,07/19,613726,35120,613726,cumulative,PilotCounts.xlsx,Pink,P54,2010,
2010,pilot,Pink,2010-07-20,07/20,665516,51790,665516,cumulative,PilotCounts.xlsx,Pink,P55,2010,
2010,pilot,Pink,2010-07-21,07/21,716947,51431,716947,cumulative,PilotCounts.xlsx,Pink,P56,2010,
2010,pilot,Pink,2010-07-22,07/22,747699,30752,747699,cumulative,PilotCounts.xlsx,Pink,P57,2010,
2010,pilot,Pink,2010-07-23,07/23,773474,25775,773474,cumulative,PilotCounts.xlsx,Pink,P58,2010,
2010,pilot,Pink,2010-07-24,07/24,803641,30167,803641,cumulative,PilotCounts.xlsx,Pink,P59,2010,
2010,pilot,Pink,2010-07-25,07/25,829673,26032,829673,cumulative,PilotCounts.xlsx,Pink,P60,2010,
2010,pilot,Pink,2010-07-26,07/26,839992,10319,839992,cumulative,PilotCounts.xlsx,Pink,P61,2010,
2010,pilot,Pink,2010-07-27,07/27,851821,11829,851821,cumulative,PilotCounts.xlsx,Pink,P62,2010,
2010,pilot,Pink,2010-07-28,07/28,862988,11167,862988,cumulative,PilotCounts.xlsx,Pink,P63,2010,
2010,pilot,Pink,2010-07-29,07/29,876358,13370,876358,cumulative,PilotCounts.xlsx,Pink,P64,2010,
2010,pilot,Pink,2010-07-30,07/30,886231,9873,886231,cumulative,PilotCounts.xlsx,Pink,P65,2010,
2010,pilot,Pink,2010-07-31,07/31,894326,8095,894326,cumulative,PilotCounts.xlsx,Pink,P66,2010,
2010,pilot,Pink,2010-08-01,08/01,899852,5526,899852,cumulative,PilotCounts.xlsx,Pink,P67,2010,
2010,pilot,Pink,2010-08-02,08/02,904033,4181,904033,cumulative,PilotCounts.xlsx,Pink,P68,2010,
2010,pilot,Pink,2010-08-03,08/03,907252,3219,907252,cumulative,PilotCounts.xlsx,Pink,P69,2010,
2010,pilot,Pink,2010-08-04,08/04,910035,2783,910035,cumulative,PilotCounts.xlsx,Pink,P70,2010,
2010,pilot,Pink,2010-08-05,08/05,913188,3153,913188,cumulative,PilotCounts.xlsx,Pink,P71,2010,
2010,pilot,Pink,2010-08-06,08/06,915215,2027,915215,cumulative,PilotCounts.xlsx,Pink,P72,2010,
2010,pilot,Pink,2010-08-07,08/07,915391,176,915391,cumulative,PilotCounts.xlsx,Pink,P73,2010,
2010,pilot,Pink,2010-08-08,08/08,916843,1452,916843,cumulative,PilotCounts.xlsx,Pink,P74,2010,
2010,pilot,Pink,2010-08-09,08/09,917100,257,917100,cumulative,PilotCounts.xlsx,Pink,P75,2010,
2010,pilot,Pink,2010-08-10,08/10,917100,0,917100,cumulative,PilotCounts.xlsx,Pink,P76,2010,
2010,pilot,Pink,2010-08-11,08/11,917100,0,917100,cumulative,PilotCounts.xlsx,Pink,P77,2010,
2010,pilot,Pink,2010-08-12,08/12,917797,697,917797,cumulative,PilotCounts.xlsx,Pink,P78,2010,
2010,pilot,Pink,2010-08-13,08/13,917797,0,917797,cumulative,PilotCounts.xlsx,Pink,P79,2010,
2010,pilot,Pink,2010-08-14,08/14,917851,54,917851,cumulative,PilotCounts.xlsx,Pink,P80,2010,
2010,pilot,Pink,2010-08-15,08/15,917905,54,917905,cumulative,PilotCounts.xlsx,Pink,P81,2010,
2010,pilot,Pink,2010-08-16,08/16,917905,0,917905,cumulative,PilotCounts.xlsx,Pink,P82,2010,
2010,pilot,Pink,2010-08-17,08/17,917905,0,917905,cumulative,PilotCounts.xlsx,Pink,P83,2010,
2010,pilot,Pink,2010-08-18,08/18,917905,0,917905,cumulative,PilotCounts.xlsx,Pink,P84,2010,
2010,pilot,Pink,2010-08-19,08/19,917905,0,917905,cumulative,PilotCounts.xlsx,Pink,P85,2010,
2010,pilot,Pink,2010-08-20,08/20,917905,0,917905,cumulative,PilotCounts.xlsx,Pink,P86,2010,
2010,pilot,Pink,2010-08-21,08/21,917905,0,917905,cumulative,PilotCounts.xlsx,Pink,P87,2010,
2010,pilot,Pink,2010-08-22,08/22,917905,0,917905,cumulative,PilotCounts.xlsx,Pink,P88,2010,
2010,pilot,Pink,2010-08-23,08/23,917905,0,917905,cumulative,PilotCounts.xlsx,Pink,P89,2010,
2010,pilot,Pink,2010-08-24,08/24,917905,0,917905,cumulative,PilotCounts.xlsx,Pink,P90,2010,
2010,pilot,Pink,2010-08-25,08/25,917905,0,917905,cumulative,PilotCounts.xlsx,Pink,P91,2010,
2010,pilot,Pink,2010-08-26,08/26,917905,0,917905,cumulative,PilotCounts.xlsx,Pink,P92,2010,
2010,pilot,Pink,2010-08-27,08/27,917905,0,917905,cumulative,PilotCounts.xlsx,Pink,P93,2010,
2010,pilot,Pink,2010-08-28,08/28,917905,0,917905,cumulative,PilotCounts.xlsx,Pink,P94,2010,
2010,pilot,Pink,2010-08-29,08/29,917905,0,917905,cumulative,PilotCounts.xlsx,Pink,P95,2010,
2010,pilot,Pink,2010-08-30,08/30,917905,0,917905,cumulative,PilotCounts.xlsx,Pink,P96,2010,
2010,pilot,Pink,2010-08-31,08/31,917905,0,917905,cumulative,PilotCounts.xlsx,Pink,P97,2010,
2010,pilot,Pink,2010-09-01,09/01,918562,657,918562,cumulative,PilotCounts.xlsx,Pink,P98,2010,
2010,pilot,Pink,2010-09-02,09/02,919036,474,919036,cumulative,PilotCounts.xlsx,Pink,P99,2010,
2010,pilot,Pink,2010-09-03,09/03,919036,0,919036,cumulative,PilotCounts.xlsx,Pink,P100,2010,
2010,pilot,Pink,2010-09-04,09/04,919036,0,919036,cumulative,PilotCounts.xlsx,Pink,P101,2010,
2010,pilot,Pink,2010-09-05,09/05,919036,0,919036,cumulative,PilotCounts.xlsx,Pink,P102,2010,
2010,pilot,Pink,2010-09-06,09/06,919036,0,919036,cumulative,PilotCounts.xlsx,Pink,P103,2010,
2010,pilot,Pink,2010-09-07,09/07,919036,0,919036,cumulative,PilotCounts.xlsx,Pink,P104,2010,
2011,EF_Andreafsky,Pink,2011-06-20,06/20,0,,0,cumulative,EF_Andreafsky_PinkCounts.xlsx,Sheet1,AA8,2011,
2011,EF_Andreafsky,Pink,2011-06-21,06/21,0,0,0,cumulative,EF_Andreafsky_PinkCounts.xlsx,Sheet1,AA9,2011,
2011,EF_Andreafsky,Pink,2011-06-22,06/22,0,0,0,cumulative,EF_Andreafsky_PinkCounts.xlsx,Sheet1,AA10,2011,
2011,EF_Andreafsky,Pink,2011-06-23,06/23,0,0,0,cumulative,EF_Andreafsky_PinkCounts.xlsx,Sheet1,AA11,2011,
2011,EF_Andreafsky,Pink,2011-06-24,06/24,2,2,2,cumulative,EF_Andreafsky_PinkCounts.xlsx,Sheet1,AA12,2011,
2011,EF_Andreafsky,Pink,2011-06-25,06/25,13,11,13,cumulative,EF_Andreafsky_PinkCounts.xlsx,Sheet1,AA13,2011,
2011,EF_Andreafsky,Pink,2011-06-26,06/26,13,0,13,cumulative,EF_Andreafsky_PinkCounts.xlsx,Sheet1,AA14,2011,
2011,EF_Andreafsky,Pink,2011-06-27,06/27,13,0,13,cumulative,EF_Andreafsky_PinkCounts.xlsx,Sheet1,AA15,2011,
2011,EF_Andreafsky,Pink,2011-06-28,06/28,13,0,13,cumulative,EF_Andreafsky_PinkCounts.xlsx,Sheet1,AA16,2011,
2011,EF_Andreafsky,Pink,2011-06-29,06/29,13,0,13,cumulative,EF_Andreafsky_PinkCounts.xlsx,Sheet1,AA17,2011,
2011,EF_Andreafsky,Pink,2011-06-30,06/30,13,0,13,cumulative,EF_Andreafsky_PinkCounts.xlsx,Sheet1,AA18,2011,
2011,EF_Andreafsky,Pink,2011-07-01,07/01,13,0,13,cumulative,EF_Andreafsky_PinkCounts.xlsx,Sheet1,AA19,2011,
2011,EF_Andreafsky,Pink,2011-07-02,07/02,13,0,13,cumulative,EF_Andreafsky_PinkCounts.xlsx,Sheet1,AA20,2011,
2011,EF_Andreafsky,Pink,2011-07-03,07/03,13,0,13,cumulative,EF_Andreafsky_PinkCounts.xlsx,Sheet1,AA21,2011,
2011,EF_Andreafsky,Pink,2011-07-04,07/04,13,0,13,cumulative,EF_Andreafsky_PinkCounts.xlsx,Sheet1,AA22,2011,
2011,EF_Andreafsky,Pink,2011-07-05,07/05,13,0,13,cumulative,EF_Andreafsky_PinkCounts.xlsx,Sheet1,AA23,2011,
2011,EF_Andreafsky,Pink,2011-07-06,07/06,13,0,13,cumulative,EF_Andreafsky_PinkCounts.xlsx,Sheet1,AA24,2011,
2011,EF_Andreafsky,Pink,2011-07-07,07/07,13,0,13,cumulative,EF_Andreafsky_PinkCounts.xlsx,Sheet1,AA25,2011,
2011,EF_Andreafsky,Pink,2011-07-08,07/08,14,1,14,cumulative,EF_Andreafsky_PinkCounts.xlsx,Sheet1,AA26,2011,
2011,EF_Andreafsky,Pink,2011-07-09,07/09,14,0,14,cumulative,EF_Andreafsky_PinkCounts.xlsx,Sheet1,AA27,2011,
2011,EF_Andreafsky,Pink,2011-07-10,07/10,14,0,14,cumulative,EF_Andreafsky_PinkCounts.xlsx,Sheet1,AA28,2011,
2011,EF_Andreafsky,Pink,2011-07-11,07/11,15,1,15,cumulative,EF_Andreafsky_PinkCounts.xlsx,Sheet1,AA29,2011,
2011,EF_Andreafsky,Pink,2011-07-12,07/12,15,0,15,cumulative,EF_Andreafsky_PinkCounts.xlsx,Sheet1,AA30,2011,
2011,EF_Andreafsky,Pink,2011-07-13,07/13,15,0,15,cumulative,EF_Andreafsky_PinkCounts.xlsx,Sheet1,AA31,2011,
2011,EF_Andreafsky,Pink,2011-07-14,07/14,15,0,15,cumulative,EF_Andreafsky_PinkCounts.xlsx,Sheet1,AA32,2011,
2011,EF_Andreafsky,Pink,2011-07-15,07/15,22,7,22,cumulative,EF_Andreafsky_PinkCounts.xlsx,Sheet1,AA33,2011,
2011,EF_Andreafsky,Pink,2011-07-16,07/16,32,10,32,cumulative,EF_Andreafsky_PinkCounts.xlsx,Sheet1,AA34,2011,
2011,EF_Andreafsky,Pink,2011-07-17,07/17,43,11,43,cumulative,EF_Andreafsky_PinkCounts.xlsx,Sheet1,AA35,2011,
2011,EF_Andreafsky,Pink,2011-07-18,07/18,51,8,51,cumulative,EF_Andreafsky_PinkCounts.xlsx,Sheet1,AA36,2011,
2011,EF_Andreafsky,Pink,2011-07-19,07/19,127,76,127,cumulative,EF_Andreafsky_PinkCounts.xlsx,Sheet1,AA37,2011,
2011,EF_Andreafsky,Pink,2011-07-20,07/20,175,48,175,cumulative,EF_Andreafsky_PinkCounts.xlsx,Sheet1,AA38,2011,
2011,EF_Andreafsky,Pink,2011-07-21,07/21,278,103,278,cumulative,EF_Andreafsky_PinkCounts.xlsx,Sheet1,AA39,2011,
2011,EF_Andreafsky,Pink,2011-07-22,07/22,410,132,410,cumulative,EF_Andreafsky_PinkCounts.xlsx,Sheet1,AA40,2011,
2011,EF_Andreafsky,Pink,2011-07-23,07/23,487,77,487,cumulative,EF_Andreafsky_PinkCounts.xlsx,Sheet1,AA41,2011,
2011,EF_Andreafsky,Pink,2011-07-24,07/24,566,79,566,cumulative,EF_Andreafsky_PinkCounts.xlsx,Sheet1,AA42,2011,
2011,EF_Andreafsky,Pink,2011-07-25,07/25,633,67,633,cumulative,EF_Andreafsky_PinkCounts.xlsx,Sheet1,AA43,2011,
2011,EF_Andreafsky,Pink,2011-07-26,07/26,726,93,726,cumulative,EF_Andreafsky_PinkCounts.xlsx,Sheet1,AA44,2011,
2011,EF_Andreafsky,Pink,2011-07-27,07/27,909,183,909,cumulative,EF_Andreafsky_PinkCounts.xlsx,Sheet1,AA45,2011,
2011,EF_Andreafsky,Pink,2011-07-28,07/28,1074,165,1074,cumulative,EF_Andreafsky_PinkCounts.xlsx,Sheet1,AA46,2011,
2011,EF_Andreafsky,Pink,2011-07-29,07/29,1160,86,1160,cumulative,EF_Andreafsky_PinkCounts.xlsx,Sheet1,AA47,2011,
2011,EF_Andreafsky,Pink,2011-07-30,07/30,1219,59,1219,cumulative,EF_Andreafsky_PinkCounts.xlsx,Sheet1,AA48,2011,
2011,pilot,Chinook,2011-06-01,06/01,0,0,0,daily,PilotCounts.xlsx,AllChinook,P6,2011,
2011,pilot,Chinook,2011-06-02,06/02,0,0,0,daily,PilotCounts.xlsx,AllChinook,P7,2011,
2011,pilot,Chinook,2011-06-03,06/03,0,0,0,daily,PilotCounts.xlsx,AllChinook,P8,2011,
2011,pilot,Chinook,2011-06-04,06/04,201,201,201,daily,PilotCounts.xlsx,AllChinook,P9,2011,
2011,pilot,Chinook,2011-06-05,06/05,238,238,439,daily,PilotCounts.xlsx,AllChinook,P10,2011,
2011,pilot,Chinook,2011-06-06,06/06,563,563,1002,daily,PilotCounts.xlsx,AllChinook,P11,2011,
2011,pilot,Chinook,2011-06-07,06/07,880,880,1882,daily,PilotCounts.xlsx,AllChinook,P12,2011,
2011,pilot,Chinook,2011-06-08,06/08,1833,1833,3715,daily,PilotCounts.xlsx,AllChinook,P13,2011,
2011,pilot,Chinook,2011-06-09,06/09,1082,1082,4797,daily,PilotCounts.xlsx,AllChinook,P14,2011,
2011,pilot,Chinook,2011-06-10,06/10,1374,1374,6171,daily,PilotCounts.xlsx,AllChinook,P15,2011,
2011,pilot,Chinook,2011-06-11,06/11,1417,1417,7588,daily,PilotCounts.xlsx,AllChinook,P16,2011,
2011,pilot,Chinook,2011-06-12,06/12,1536,1536,9124,daily,PilotCounts.xlsx,AllChinook,P17,2011,
2011,pilot,Chinook,2011-06-13,06/13,259,259,9383,daily,PilotCounts.xlsx,AllChinook,P18,2011,
2011,pilot,Chinook,2011-06-14,06/14,1068,1068,10451,daily,PilotCounts.xlsx,AllChinook,P19,2011,
2011,pilot,Chinook,2011-06-15,06/15,963,963,11414,daily,PilotCounts.xlsx,AllChinook,P20,2011,
2011,pilot,Chinook,2011-06-16,06/16,4369,4369,15783,daily,PilotCounts.xlsx,AllChinook,P21,2011,
2011,pilot,Chinook,2011-06-17,06/17,6578,6578,22361,daily,PilotCounts.xlsx,AllChinook,P22,2011,
2011,pilot,Chinook,2011-06-18,06/18,8912,8912,31273,daily,PilotCounts.xlsx,AllChinook,P23,2011,
2011,pilot,Chinook,2011-06-19,06/19,4807,4807,36080,daily,PilotCounts.xlsx,AllChinook,P24,2011,
2011,pilot,Chinook,2011-06-20,06/20,3812,3812,39892,daily,PilotCounts.xlsx,AllChinook,P25,2011,
2011,pilot,Chinook,2011-06-21,06/21,4249,4249,44141,daily,PilotCounts.xlsx,AllChinook,P26,2011,
2011,pilot,Chinook,2011-06-22,06/22,15050,15050,59191,daily,PilotCounts.xlsx,AllChinook,P27,2011,
2011,pilot,Chinook,2011-06-23,06/23,15527,15527,74718,daily,PilotCounts.xlsx,AllChinook,P28,2011,
2011,pilot,Chinook,2011-06-24,06/24,13318,13318,88036,daily,PilotCounts.xlsx,AllChinook,P29,2011,
2011,pilot,Chinook,2011-06-25,06/25,6599,6599,94635,daily,PilotCounts.xlsx,AllChinook,P30,2011,
2011,pilot,Chinook,2011-06-26,06/26,3391,3391,98026,daily,PilotCounts.xlsx,AllChinook,P31,2011,
2011,pilot,Chinook,2011-06-27,06/27,933,933,98959,daily,PilotCounts.xlsx,AllChinook,P32,2011,
2011,pilot,Chinook,2011-06-28,06/28,659,659,99618,daily,PilotCounts.xlsx,AllChinook,P33,2011,
2011,pilot,Chinook,2011-06-29,06/29,2014,2014,101632,daily,PilotCounts.xlsx,AllChinook,P34,2011,
2011,pilot,Chinook,2011-06-30,06/30,5487,5487,107119,daily,PilotCounts.xlsx,AllChinook,P35,2011,
2011,pilot,Chinook,2011-07-01,07/01,4545,4545,111664,daily,PilotCounts.xlsx,AllChinook,P36,2011,
2011,pilot,Chinook,2011-07-02,07/02,6481,6481,118145,daily,PilotCounts.xlsx,AllChinook,P37,2011,
2011,pilot,Chinook,2011-07-03,07/03,5839,5839,123984,daily,PilotCounts.xlsx,AllChinook,P38,2011,
2011,pilot,Chinook,2011-07-04,07/04,3910,3910,127894,daily,PilotCounts.xlsx,AllChinook,P39,2011,
2011,pilot,Chinook,2011-07-05,07/05,5056,5056,132950,daily,PilotCounts.xlsx,AllChinook,P40,2011,
2011,pilot,Chinook,2011-07-06,07/06,2592,2592,135542,daily,PilotCounts.xlsx,AllChinook,P41,2011,
2011,pilot,Chinook,2011-07-07,07/07,1214,1214,136756,daily,PilotCounts.xlsx,AllChinook,P42,2011,
2011,pilot,Chinook,2011-07-08,07/08,1202,1202,137958,daily,PilotCounts.xlsx,AllChinook,P43,2011,
2011,pilot,Chinook,2011-07-09,07/09,490,490,138448,daily,PilotCounts.xlsx,AllChinook,P44,2011,
2011,pilot,Chinook,2011-07-10,07/10,912,912,139360,daily,PilotCounts.xlsx,AllChinook,P45,2011,
2011,pilot,Chinook,2011-07-11,07/11,523,523,139883,daily,PilotCounts.xlsx,AllChinook,P46,2011,
2011,pilot,Chinook,2011-07-12,07/12,1460,1460,141343,daily,PilotCounts.xlsx,AllChinook,P47,2011,
2011,pilot,Chinook,2011-07-13,07/13,1089,1089,142432,daily,PilotCounts.xlsx,AllChinook,P48,2011,
2011,pilot,Chinook,2011-07-14,07/14,402,402,142834,daily,PilotCounts.xlsx,AllChinook,P49,2011,
2011,pilot,Chinook,2011-07-15,07/15,594,594,143428,daily,PilotCounts.xlsx,AllChinook,P50,2011,
2011,pilot,Chinook,2011-07-16,07/16,404,404,143832,daily,PilotCounts.xlsx,AllChinook,P51,2011,
2011,pilot,Chinook,2011-07-17,07/17,338,338,144170,daily,PilotCounts.xlsx,AllChinook,P52,2011,
2011,pilot,Chinook,2011-07-18,07/18,372,372,144542,daily,PilotCounts.xlsx,AllChinook,P53,2011,
2011,pilot,Chinook,2011-07-19,07/19,0,0,144542,daily,PilotCounts.xlsx,AllChinook,P54,2011,
2011,pilot,Chinook,2011-07-20,07/20,0,0,144542,daily,PilotCounts.xlsx,AllChinook,P55,2011,
2011,pilot,Chinook,2011-07-21,07/21,854,854,145396,daily,PilotCounts.xlsx,AllChinook,P56,2011,
2011,pilot,Chinook,2011-07-22,07/22,1254,1254,146650,daily,PilotCounts.xlsx,AllChinook,P57,2011,
2011,pilot,Chinook,2011-07-23,07/23,166,166,146816,daily,PilotCounts.xlsx,AllChinook,P58,2011,
2011,pilot,Chinook,2011-07-24,07/24,159,159,146975,daily,PilotCounts.xlsx,AllChinook,P59,2011,
2011,pilot,Chinook,2011-07-25,07/25,177,177,147152,daily,PilotCounts.xlsx,AllChinook,P60,2011,
2011,pilot,Chinook,2011-07-26,07/26,198,198,147350,daily,PilotCounts.xlsx,AllChinook,P61,2011,
2011,pilot,Chinook,2011-07-27,07/27,0,0,147350,daily,PilotCounts.xlsx,AllChinook,P62,2011,
2011,pilot,Chinook,2011-07-28,07/28,0,0,147350,daily,PilotCounts.xlsx,AllChinook,P63,2011,
2011,pilot,Chinook,2011-07-29,07/29,0,0,147350,daily,PilotCounts.xlsx,AllChinook,P64,2011,
2011,pilot,Chinook,2011-07-30,07/30,0,0,147350,daily,PilotCounts.xlsx,AllChinook,P65,2011,
2011,pilot,Chinook,2011-07-31,07/31,597,597,147947,daily,PilotCounts.xlsx,AllChinook,P66,2011,
2011,pilot,Chinook,2011-08-01,08/01,0,0,147947,daily,PilotCounts.xlsx,AllChinook,P67,2011,
2011,pilot,Chinook,2011-08-02,08/02,0,0,147947,daily,PilotCounts.xlsx,AllChinook,P68,2011,
2011,pilot,Chinook,2011-08-03,08/03,0,0,147947,daily,PilotCounts.xlsx,AllChinook,P69,2011,
2011,pilot,Chinook,2011-08-04,08/04,561,561,148508,daily,PilotCounts.xlsx,AllChinook,P70,2011,
2011,pilot,Chinook,2011-08-05,08/05,0,0,148508,daily,PilotCounts.xlsx,AllChinook,P71,2011,
2011,pilot,Chinook,2011-08-06,08/06,124,124,148632,daily,PilotCounts.xlsx,AllChinook,P72,2011,
2011,pilot,Chinook,2011-08-07,08/07,165,165,148797,daily,PilotCounts.xlsx,AllChinook,P73,2011,
2011,pilot,Chinook,2011-08-08,08/08,0,0,148797,daily,PilotCounts.xlsx,AllChinook,P74,2011,
2011,pilot,Chinook,2011-08-09,08/09,0,0,148797,daily,PilotCounts.xlsx,AllChinook,P75,2011,
2011,pilot,Chinook,2011-08-10,08/10,0,0,148797,daily,PilotCounts.xlsx,AllChinook,P76,2011,
2011,pilot,Chinook,2011-08-11,08/11,0,0,148797,daily,PilotCounts.xlsx,AllChinook,P77,2011,
2011,pilot,Chinook,2011-08-12,08/12,0,0,148797,daily,PilotCounts.xlsx,AllChinook,P78,2011,
2011,pilot,Chinook,2011-08-13,08/13,0,0,148797,daily,PilotCounts.xlsx,AllChinook,P79,2011,
2011,pilot,Chinook,2011-08-14,08/14,0,0,148797,daily,PilotCounts.xlsx,AllChinook,P80,2011,
2011,pilot,Chinook,2011-08-15,08/15,0,0,148797,daily,PilotCounts.xlsx,AllChinook,P81,2011,
2011,pilot,Chinook,2011-08-16,08/16,0,0,148797,daily,PilotCounts.xlsx,AllChinook,P82,2011,
2011,pilot,Chinook,2011-08-17,08/17,0,0,148797,daily,PilotCounts.xlsx,AllChinook,P83,2011,
2011,pilot,Chinook,2011-08-18,08/18,0,0,148797,daily,PilotCounts.xlsx,AllChinook,P84,2011,
2011,pilot,Chinook,2011-08-19,08/19,0,0,148797,daily,PilotCounts.xlsx,AllChinook,P85,2011,
2011,pilot,Chinook,2011-08-20,08/20,0,0,148797,daily,PilotCounts.xlsx,AllChinook,P86,2011,
2011,pilot,Chinook,2011-08-21,08/21,0,0,148797,daily,PilotCounts.xlsx,AllChinook,P87,2011,
2011,pilot,Chinook,2011-08-22,08/22,0,0,148797,daily,PilotCounts.xlsx,AllChinook,P88,2011,
2011,pilot,Chinook,2011-08-23,08/23,0,0,148797,daily,PilotCounts.xlsx,AllChinook,P89,2011,
2011,pilot,Chinook,2011-08-24,08/24,0,0,148797,daily,PilotCounts.xlsx,AllChinook,P90,2011,
2011,pilot,Chinook,2011-08-25,08/25,0,0,148797,daily,PilotCounts.xlsx,AllChinook,P91,2011,
2011,pilot,Chinook,2011-08-26,08/26,0,0,148797,daily,PilotCounts.xlsx,AllChinook,P92,2011,
2011,pilot,Chinook,2011-08-27,08/27,0,0,148797,daily,PilotCounts.xlsx,AllChinook,P93,2011,
2011,pilot,Chinook,2011-08-28,08/28,0,0,148797,daily,PilotCounts.xlsx,AllChinook,P94,2011,
2011,pilot,Chinook,2011-08-29,08/29,0,0,148797,daily,PilotCounts.xlsx,AllChinook,P95,2011,
2011,pilot,Chinook,2011-08-30,08/30,0,0,148797,daily,PilotCounts.xlsx,AllChinook,P96,2011,
2011,pilot,Chinook,2011-08-31,08/31,0,0,148797,daily,PilotCounts.xlsx,AllChinook,P97,2011,
2011,pilot,Chinook,2011-09-01,09/01,0,0,148797,daily,PilotCounts.xlsx,AllChinook,P98,2011,
2011,pilot,Chinook,2011-09-02,09/02,0,0,148797,daily,PilotCounts.xlsx,AllChinook,P99,2011,
2011,pilot,Chinook,2011-09-03,09/03,0,0,148797,daily,PilotCounts.xlsx,AllChinook,P100,2011,
2011,pilot,Chinook,2011-09-04,09/04,0,0,148797,daily,PilotCounts.xlsx,AllChinook,P101,2011,
2011,pilot,Chinook,2011-09-05,09/05,0,0,148797,daily,PilotCounts.xlsx,AllChinook,P102,2011,
2011,pilot,Chinook,2011-09-06,09/06,0,0,148797,daily,PilotCounts.xlsx,AllChinook,P103,2011,
2011,pilot,Chinook,2011-09-07,09/07,0,0,148797,daily,PilotCounts.xlsx,AllChinook,P104,2011,
2011,pilot,Chum,2011-06-01,06/01,0,0,0,daily,PilotCounts.xlsx,AllChum,Q6,2011,
2011,pilot,Chum,2011-06-02,06/02,0,0,0,daily,PilotCounts.xlsx,AllChum,Q7,2011,
2011,pilot,Chum,2011-06-03,06/03,0,0,0,daily,PilotCounts.xlsx,AllChum,Q8,2011,
2011,pilot,Chum,2011-06-04,06/04,0,0,0,daily,PilotCounts.xlsx,AllChum,Q9,2011,
2011,pilot,Chum,2011-06-05,06/05,0,0,0,daily,PilotCounts.xlsx,AllChum,Q10,2011,
2011,pilot,Chum,2011-06-06,06/06,76,76,76,daily,PilotCounts.xlsx,AllChum,Q11,2011,
2011,pilot,Chum,2011-06-07,06/07,1683,1683,1759,daily,PilotCounts.xlsx,AllChum,Q12,2011,
2011,pilot,Chum,2011-06-08,06/08,3432,3432,5191,daily,PilotCounts.xlsx,AllChum,Q13,2011,
2011,pilot,Chum,2011-06-09,06/09,13694,13694,18885,daily,PilotCounts.xlsx,AllChum,Q14,2011,
2011,pilot,Chum,2011-06-10,06/10,12908,12908,31793,daily,PilotCounts.xlsx,AllChum,Q15,2011,
2011,pilot,Chum,2011-06-11,06/11,8833,8833,40626,daily,PilotCounts.xlsx,AllChum,Q16,2011,
2011,pilot,Chum,2011-06-12,06/12,6777,6777,47403,daily,PilotCounts.xlsx,AllChum,Q17,2011,
2011,pilot,Chum,2011-06-13,06/13,6694,6694,54097,daily,PilotCounts.xlsx,AllChum,Q18,2011,
2011,pilot,Chum,2011-06-14,06/14,3947,3947,58044,daily,PilotCounts.xlsx,AllChum,Q19,2011,
2011,pilot,Chum,2011-06-15,06/15,3548,3548,61592,daily,PilotCounts.xlsx,AllChum,Q20,2011,
2011,pilot,Chum,2011-06-16,06/16,15069,15069,76661,daily,PilotCounts.xlsx,AllChum,Q21,2011,
2011,pilot,Chum,2011-06-17,06/17,83458,83458,160119,daily,PilotCounts.xlsx,AllChum,Q22,2011,
2011,pilot,Chum,2011-06-18,06/18,107115,107115,267234,daily,PilotCounts.xlsx,AllChum,Q23,2011,
2011,pilot,Chum,2011-06-19,06/19,40901,40901,308135,daily,PilotCounts.xlsx,AllChum,Q24,2011,
2011,pilot,Chum,2011-06-20,06/20,15873,15873,324008,daily,PilotCounts.xlsx,AllChum,Q25,2011,
2011,pilot,Chum,2011-06-21,06/21,16759,16759,340767,daily,PilotCounts.xlsx,AllChum,Q26,2011,
2011,pilot,Chum,2011-06-22,06/22,163469,163469,504236,daily,PilotCounts.xlsx,AllChum,Q27,2011,
2011,pilot,Chum,2011-06-23,06/23,235530,235530,739766,daily,PilotCounts.xlsx,AllChum,Q28,2011,
2011,pilot,Chum,2011-06-24,06/24,161283,161283,901049,daily,PilotCounts.xlsx,AllChum,Q29,2011,
2011,pilot,Chum,2011-06-25,06/25,73344,73344,974393,daily,PilotCounts.xlsx,AllChum,Q30,2011,
2011,pilot,Chum,2011-06-26,06/26,32636,32636,1007029,daily,PilotCounts.xlsx,AllChum,Q31,2011,
2011,pilot,Chum,2011-06-27,06/27,16118,16118,1023147,daily,PilotCounts.xlsx,AllChum,Q32,2011,
2011,pilot,Chum,2011-06-28,06/28,11717,11717,1034864,daily,PilotCounts.xlsx,AllChum,Q33,2011,
2011,pilot,Chum,2011-06-29,06/29,15165,15165,1050029,daily,PilotCounts.xlsx,AllChum,Q34,2011,
2011,pilot,Chum,2011-06-30,06/30,47194,47194,1097223,daily,PilotCounts.xlsx,AllChum,Q35,2011,
2011,pilot,Chum,2011-07-01,07/01,71956,71956,1169179,daily,PilotCounts.xlsx,AllChum,Q36,2011,
2011,pilot,Chum,2011-07-02,07/02,114005,114005,1283184,daily,PilotCounts.xlsx,AllChum,Q37,2011,
2011,pilot,Chum,2011-07-03,07/03,196700,196700,1479884,daily,PilotCounts.xlsx,AllChum,Q38,2011,
2011,pilot,Chum,2011-07-04,07/04,124124,124124,1604008,daily,PilotCounts.xlsx,AllChum,Q39,2011,
2011,pilot,Chum,2011-07-05,07/05,60973,60973,1664981,daily,PilotCounts.xlsx,AllChum,Q40,2011,
2011,pilot,Chum,2011-07-06,07/06,57260,57260,1722241,daily,PilotCounts.xlsx,AllChum,Q41,2011,
2011,pilot,Chum,2011-07-07,07/07,53956,53956,1776197,daily,PilotCounts.xlsx,AllChum,Q42,2011,
2011,pilot,Chum,2011-07-08,07/08,50906,50906,1827103,daily,PilotCounts.xlsx,AllChum,Q43,2011,
2011,pilot,Chum,2011-07-09,07/09,54091,54091,1881194,daily,PilotCounts.xlsx,AllChum,Q44,2011,
2011,pilot,Chum,2011-07-10,07/10,26357,26357,1907551,daily,PilotCounts.xlsx,AllChum,Q45,2011,
2011,pilot,Chum,2011-07-11,07/11,16705,16705,1924256,daily,PilotCounts.xlsx,AllChum,Q46,2011,
2011,pilot,Chum,2011-07-12,07/12,13865,13865,1938121,daily,PilotCounts.xlsx,AllChum,Q47,2011,
2011,pilot,Chum,2011-07-13,07/13,10242,10242,1948363,daily,PilotCounts.xlsx,AllChum,Q48,2011,
2011,pilot,Chum,2011-07-14,07/14,10740,10740,1959103,daily,PilotCounts.xlsx,AllChum,Q49,2011,
2011,pilot,Chum,2011-07-15,07/15,15735,15735,1974838,daily,PilotCounts.xlsx,AllChum,Q50,2011,
2011,pilot,Chum,2011-07-16,07/16,32504,32504,2007342,daily,PilotCounts.xlsx,AllChum,Q51,2011,
2011,pilot,Chum,2011-07-17,07/17,29492,29492,2036834,daily,PilotCounts.xlsx,AllChum,Q52,2011,
2011,pilot,Chum,2011-07-18,07/18,14667,14667,2051501,daily,PilotCounts.xlsx,AllChum,Q53,2011,
2011,pilot,Chum,2011-07-19,07/19,13121,13121,2064622,daily,PilotCounts.xlsx,AllChum,Q54,2011,
2011,pilot,Chum,2011-07-20,07/20,19355,19355,2083977,daily,PilotCounts.xlsx,AllChum,Q55,2011,
2011,pilot,Chum,2011-07-21,07/21,14810,14810,2098787,daily,PilotCounts.xlsx,AllChum,Q56,2011,
2011,pilot,Chum,2011-07-22,07/22,10421,10421,2109208,daily,PilotCounts.xlsx,AllChum,Q57,2011,
2011,pilot,Chum,2011-07-23,07/23,5393,5393,2114601,daily,PilotCounts.xlsx,AllChum,Q58,2011,
2011,pilot,Chum,2011-07-24,07/24,4236,4236,2118837,daily,PilotCounts.xlsx,AllChum,Q59,2011,
2011,pilot,Chum,2011-07-25,07/25,4437,4437,2123274,daily,PilotCounts.xlsx,AllChum,Q60,2011,
2011,pilot,Chum,2011-07-26,07/26,4476,4476,2127750,daily,PilotCounts.xlsx,AllChum,Q61,2011,
2011,pilot,Chum,2011-07-27,07/27,8243,8243,2135993,daily,PilotCounts.xlsx,AllChum,Q62,2011,
2011,pilot,Chum,2011-07-28,07/28,12759,12759,2148752,daily,PilotCounts.xlsx,AllChum,Q63,2011,
2011,pilot,Chum,2011-07-29,07/29,12395,12395,2161147,daily,PilotCounts.xlsx,AllChum,Q64,2011,
2011,pilot,Chum,2011-07-30,07/30,16405,16405,2177552,daily,PilotCounts.xlsx,AllChum,Q65,2011,
2011,pilot,Chum,2011-07-31,07/31,20568,20568,2198120,daily,PilotCounts.xlsx,AllChum,Q66,2011,
2011,pilot,Chum,2011-08-01,08/01,64647,64647,2262767,daily,PilotCounts.xlsx,AllChum,Q67,2011,
2011,pilot,Chum,2011-08-02,08/02,90970,90970,2353737,daily,PilotCounts.xlsx,AllChum,Q68,2011,
2011,pilot,Chum,2011-08-03,08/03,58326,58326,2412063,daily,PilotCounts.xlsx,AllChum,Q69,2011,
2011,pilot,Chum,2011-08-04,08/04,20710,20710,2432773,daily,PilotCounts.xlsx,AllChum,Q70,2011,
2011,pilot,Chum,2011-08-05,08/05,13890,13890,2446663,daily,PilotCounts.xlsx,AllChum,Q71,2011,
2011,pilot,Chum,2011-08-06,08/06,8060,8060,2454723,daily,PilotCounts.xlsx,AllChum,Q72,2011,
2011,pilot,Chum,2011-08-07,08/07,11368,11368,2466091,daily,PilotCounts.xlsx,AllChum,Q73,2011,
2011,pilot,Chum,2011-08-08,08/08,56795,56795,2522886,daily,PilotCounts.xlsx,AllChum,Q74,2011,
2011,pilot,Chum,2011-08-09,08/09,24330,24330,2547216,daily,PilotCounts.xlsx,AllChum,Q75,2011,
2011,pilot,Chum,2011-08-10,08/10,16361,16361,2563577,daily,PilotCounts.xlsx,AllChum,Q76,2011,
2011,pilot,Chum,2011-08-11,08/11,13079,13079,2576656,daily,PilotCounts.xlsx,AllChum,Q77,2011,
2011,pilot,Chum,2011-08-12,08/12,15859,15859,2592515,daily,PilotCounts.xlsx,AllChum,Q78,2011,
2011,pilot,Chum,2011-08-13,08/13,5798,5798,2598313,daily,PilotCounts.xlsx,AllChum,Q79,2011,
2011,pilot,Chum,2011-08-14,08/14,4115,4115,2602428,daily,PilotCounts.xlsx,AllChum,Q80,2011,
2011,pilot,Chum,2011-08-15,08/15,7436,7436,2609864,daily,PilotCounts.xlsx,AllChum,Q81,2011,
2011,pilot,Chum,2011-08-16,08/16,19559,19559,2629423,daily,PilotCounts.xlsx,AllChum,Q82,2011,
2011,pilot,Chum,2011-08-17,08/17,15777,15777,2645200,daily,PilotCounts.xlsx,AllChum,Q83,2011,
2011,pilot,Chum,2011-08-18,08/18,40836,40836,2686036,daily,PilotCounts.xlsx,AllChum,Q84,2011,
2011,pilot,Chum,2011-08-19,08/19,13167,13167,2699203,daily,PilotCounts.xlsx,AllChum,Q85,2011,
2011,pilot,Chum,2011-08-20,08/20,3298,3298,2702501,daily,PilotCounts.xlsx,AllChum,Q86,2011,
2011,pilot,Chum,2011-08-21,08/21,897,897,2703398,daily,PilotCounts.xlsx,AllChum,Q87,2011,
2011,pilot,Chum,2011-08-22,08/22,25256,25256,2728654,daily,PilotCounts.xlsx,AllChum,Q88,2011,
2011,pilot,Chum,2011-08-23,08/23,48092,48092,2776746,daily,PilotCounts.xlsx,AllChum,Q89,2011,
2011,pilot,Chum,2011-08-24,08/24,55442,55442,2832188,daily,PilotCounts.xlsx,AllChum,Q90,2011,
2011,pilot,Chum,2011-08-25,08/25,21223,21223,2853411,daily,PilotCounts.xlsx,AllChum,Q91,2011,
2011,pilot,Chum,2011-08-26,08/26,7323,7323,2860734,daily,PilotCounts.xlsx,AllChum,Q92,2011,
2011,pilot,Chum,2011-08-27,08/27,3792,3792,2864526,daily,PilotCounts.xlsx,AllChum,Q93,2011,
2011,pilot,Chum,2011-08-28,08/28,4044,4044,2868570,daily,PilotCounts.xlsx,AllChum,Q94,2011,
2011,pilot,Chum,2011-08-29,08/29,3473,3473,2872043,daily,PilotCounts.xlsx,AllChum,Q95,2011,
2011,pilot,Chum,2011-08-30,08/30,1719,1719,2873762,daily,PilotCounts.xlsx,AllChum,Q96,2011,
2011,pilot,Chum,2011-08-31,08/31,4613,4613,2878375,daily,PilotCounts.xlsx,AllChum,Q97,2011,
2011,pilot,Chum,2011-09-01,09/01,4020,4020,2882395,daily,PilotCounts.xlsx,AllChum,Q98,2011,
2011,pilot,Chum,2011-09-02,09/02,15177,15177,2897572,daily,PilotCounts.xlsx,AllChum,Q99,2011,
2011,pilot,Chum,2011-09-03,09/03,15880,15880,2913452,daily,PilotCounts.xlsx,AllChum,Q100,2011,
2011,pilot,Chum,2011-09-04,09/04,5230,5230,2918682,daily,PilotCounts.xlsx,AllChum,Q101,2011,
2011,pilot,Chum,2011-09-05,09/05,2729,2729,2921411,daily,PilotCounts.xlsx,AllChum,Q102,2011,
2011,pilot,Chum,2011-09-06,09/06,2999,2999,2924410,daily,PilotCounts.xlsx,AllChum,Q103,2011,
2011,pilot,Chum,2011-09-07,09/07,968,968,2925378,daily,PilotCounts.xlsx,AllChum,Q104,2011,
2011,pilot,Pink,2011-07-09,07/09,0,,0,cumulative,PilotCounts.xlsx,Pink,Q44,2011,
2011,pilot,Pink,2011-07-10,07/10,316,316,316,cumulative,PilotCounts.xlsx,Pink,Q45,2011,
2011,pilot,Pink,2011-07-11,07/11,547,231,547,cumulative,PilotCounts.xlsx,Pink,Q46,2011,
2011,pilot,Pink,2011-07-12,07/12,828,281,828,cumulative,PilotCounts.xlsx,Pink,Q47,2011,
2011,pilot,Pink,2011-07-13,07/13,1006,178,1006,cumulative,PilotCounts.xlsx,Pink,Q48,2011,
2011,pilot,Pink,2011-07-14,07/14,1006,0,1006,cumulative,PilotCounts.xlsx,Pink,Q49,2011,
2011,pilot,Pink,2011-07-15,07/15,1006,0,1006,cumulative,PilotCounts.xlsx,Pink,Q50,2011,
2011,pilot,Pink,2011-07-16,07/16,1006,0,1006,cumulative,PilotCounts.xlsx,Pink,Q51,2011,
2011,pilot,Pink,2011-07-17,07/17,1006,0,1006,cumulative,PilotCounts.xlsx,Pink,Q52,2011,
2011,pilot,Pink,2011-07-18,07/18,1006,0,1006,cumulative,PilotCounts.xlsx,Pink,Q53,2011,
2011,pilot,Pink,2011-07-19,07/19,1497,491,1497,cumulative,PilotCounts.xlsx,Pink,Q54,2011,
2011,pilot,Pink,2011-07-20,07/20,1497,0,1497,cumulative,PilotCounts.xlsx,Pink,Q55,2011,
2011,pilot,Pink,2011-07-21,07/21,1497,0,1497,cumulative,PilotCounts.xlsx,Pink,Q56,2011,
2011,pilot,Pink,2011-07-22,07/22,1660,163,1660,cumulative,PilotCounts.xlsx,Pink,Q57,2011,
2011,pilot,Pink,2011-07-23,07/23,2253,593,2253,cumulative,PilotCounts.xlsx,Pink,Q58,2011,
2011,pilot,Pink,2011-07-24,07/24,2776,523,2776,cumulative,PilotCounts.xlsx,Pink,Q59,2011,
2011,pilot,Pink,2011-07-25,07/25,3303,527,3303,cumulative,PilotCounts.xlsx,Pink,Q60,2011,
2011,pilot,Pink,2011-07-26,07/26,4092,789,4092,cumulative,PilotCounts.xlsx,Pink,Q61,2011,
2011,pilot,Pink,2011-07-27,07/27,4092,0,4092,cumulative,PilotCounts.xlsx,Pink,Q62,2011,
2011,pilot,Pink,2011-07-28,07/28,4864,772,4864,cumulative,PilotCounts.xlsx,Pink,Q63,2011,
2011,pilot,Pink,2011-07-29,07/29,4864,0,4864,cumulative,PilotCounts.xlsx,Pink,Q64,2011,
2011,pilot,Pink,2011-07-30,07/30,4864,0,4864,cumulative,PilotCounts.xlsx,Pink,Q65,2011,
2011,pilot,Pink,2011-07-31,07/31,5444,580,5444,cumulative,PilotCounts.xlsx,Pink,Q66,2011,
2011,pilot,Pink,2011-08-01,08/01,6214,770,6214,cumulative,PilotCounts.xlsx,Pink,Q67,2011,
2011,pilot,Pink,2011-08-02,08/02,7181,967,7181,cumulative,PilotCounts.xlsx,Pink,Q68,2011,
2011,pilot,Pink,2011-08-03,08/03,7649,468,7649,cumulative,PilotCounts.xlsx,Pink,Q69,2011,
2011,pilot,Pink,2011-08-04,08/04,7649,0,7649,cumulative,PilotCounts.xlsx,Pink,Q70,2011,
2011,pilot,Pink,2011-08-05,08/05,8389,740,8389,cumulative,PilotCounts.xlsx,Pink,Q71,2011,
2011,pilot,Pink,2011-08-06,08/06,8536,147,8536,cumulative,PilotCounts.xlsx,Pink,Q72,2011,
2011,pilot,Pink,2011-08-07,08/07,8733,197,8733,cumulative,PilotCounts.xlsx,Pink,Q73,2011,
2011,pilot,Pink,2011-08-08,08/08,8733,0,8733,cumulative,PilotCounts.xlsx,Pink,Q74,2011,
2011,pilot,Pink,2011-08-09,08/09,8733,0,8733,cumulative,PilotCounts.xlsx,Pink,Q75,2011,
2011,pilot,Pink,2011-08-10,08/10,8733,0,8733,cumulative,PilotCounts.xlsx,Pink,Q76,2011,
2011,pilot,Pink,2011-08-11,08/11,8733,0,8733,cumulative,PilotCounts.xlsx,Pink,Q77,2011,
2011,pilot,Pink,2011-08-12,08/12,8987,254,8987,cumulative,PilotCounts.xlsx,Pink,Q78,2011,
2011,pilot,Pink,2011-08-13,08/13,8987,0,8987,cumulative,PilotCounts.xlsx,Pink,Q79,2011,
2011,pilot,Pink,2011-08-14,08/14,8987,0,8987,cumulative,PilotCounts.xlsx,Pink,Q80,2011,
2011,pilot,Pink,2011-08-15,08/15,8987,0,8987,cumulative,PilotCounts.xlsx,Pink,Q81,2011,
2011,pilot,Pink,2011-08-16,08/16,8987,0,8987,cumulative,PilotCounts.xlsx,Pink,Q82,2011,
2011,pilot,Pink,2011-08-17,08/17,8987,0,8987,cumulative,PilotCounts.xlsx,Pink,Q83,2011,
2011,pilot,Pink,2011-08-18,08/18,8987,0,8987,cumulative,PilotCounts.xlsx,Pink,Q84,2011,
2011,pilot,Pink,2011-08-19,08/19,9128,141,9128,cumulative,PilotCounts.xlsx,Pink,Q85,2011,
2011,pilot,Pink,2011-08-20,08/20,9128,0,9128,cumulative,PilotCounts.xlsx,Pink,Q86,2011,
2011,pilot,Pink,2011-08-21,08/21,9128,0,9128,cumulative,PilotCounts.xlsx,Pink,Q87,2011,
2011,pilot,Pink,2011-08-22,08/22,9128,0,9128,cumulative,PilotCounts.xlsx,Pink,Q88,2011,
2011,pilot,Pink,2011-08-23,08/23,9440,312,9440,cumulative,PilotCounts.xlsx,Pink,Q89,2011,
2011,pilot,Pink,2011-08-24,08/24,9754,314,9754,cumulative,PilotCounts.xlsx,Pink,Q90,2011,
2011,pilot,Pink,2011-08-25,08/25,9754,0,9754,cumulative,PilotCounts.xlsx,Pink,Q91,2011,
2012,Anvik,Pink,2012-06-18,06/18,0,,0,cumulative,Anvik_PinkCounts.xlsx,Sheet1,AN6,2012,
2012,Anvik,Pink,2012-06-19,06/19,0,0,0,cumulative,Anvik_PinkCounts.xlsx,Sheet1,AN7,2012,
2012,Anvik,Pink,2012-06-20,06/20,0,0,0,cumulative,Anvik_PinkCounts.xlsx,Sheet1,AN8,2012,
2012,Anvik,Pink,2012-06-21,06/21,0,0,0,cumulative,Anvik_PinkCounts.xlsx,Sheet1,AN9,2012,
2012,Anvik,Pink,2012-06-22,06/22,0,0,0,cumulative,Anvik_PinkCounts.xlsx,Sheet1,AN10,2012,
2012,Anvik,Pink,2012-06-23,06/23,0,0,0,cumulative,Anvik_PinkCounts.xlsx,Sheet1,AN11,2012,
2012,Anvik,Pink,2012-06-24,06/24,0,0,0,cumulative,Anvik_PinkCounts.xlsx,Sheet1,AN12,2012,
2012,Anvik,Pink,2012-06-25,06/25,0,0,0,cumulative,Anvik_PinkCounts.xlsx,Sheet1,AN13,2012,
2012,Anvik,Pink,2012-06-26,06/26,0,0,0,cumulative,Anvik_PinkCounts.xlsx,Sheet1,AN14,2012,
2012,Anvik,Pink,2012-06-27,06/27,0,0,0,cumulative,Anvik_PinkCounts.xlsx,Sheet1,AN15,2012,
2012,Anvik,Pink,2012-06-28,06/28,0,0,0,cumulative,Anvik_PinkCounts.xlsx,Sheet1,AN16,2012,
2012,Anvik,Pink,2012-06-29,06/29,0,0,0,cumulative,Anvik_PinkCounts.xlsx,Sheet1,AN17,2012,
2012,Anvik,Pink,2012-06-30,06/30,0,0,0,cumulative,Anvik_PinkCounts.xlsx,Sheet1,AN18,2012,
2012,Anvik,Pink,2012-07-01,07/01,618,618,618,cumulative,Anvik_PinkCounts.xlsx,Sheet1,AN19,2012,
2012,Anvik,Pink,2012-07-02,07/02,1138,520,1138,cumulative,Anvik_PinkCounts.xlsx,Sheet1,AN20,2012,
2012,Anvik,Pink,2012-07-03,07/03,2277,1139,2277,cumulative,Anvik_PinkCounts.xlsx,Sheet1,AN21,2012,
2012,Anvik,Pink,2012-07-04,07/04,4724,2447,4724,cumulative,Anvik_PinkCounts.xlsx,Sheet1,AN22,2012,
2012,Anvik,Pink,2012-07-05,07/05,7658,2934,7658,cumulative,Anvik_PinkCounts.xlsx,Sheet1,AN23,2012,
2012,Anvik,Pink,2012-07-06,07/06,13816,6158,13816,cumulative,Anvik_PinkCounts.xlsx,Sheet1,AN24,2012,
2012,Anvik,Pink,2012-07-07,07/07,22606,8790,22606,cumulative,Anvik_PinkCounts.xlsx,Sheet1,AN25,2012,
2012,Anvik,Pink,2012-07-08,07/08,33217,10611,33217,cumulative,Anvik_PinkCounts.xlsx,Sheet1,AN26,2012,
2012,Anvik,Pink,2012-07-09,07/09,42051,8834,42051,cumulative,Anvik_PinkCounts.xlsx,Sheet1,AN27,2012,
2012,Anvik,Pink,2012-07-10,07/10,51975,9924,51975,cumulative,Anvik_PinkCounts.xlsx,Sheet1,AN28,2012,
2012,Anvik,Pink,2012-07-11,07/11,63846,11871,63846,cumulative,Anvik_PinkCounts.xlsx,Sheet1,AN29,2012,
2012,Anvik,Pink,2012-07-12,07/12,86611,22765,86611,cumulative,Anvik_PinkCounts.xlsx,Sheet1,AN30,2012,
2012,Anvik,Pink,2012-07-13,07/13,116979,30368,116979,cumulative,Anvik_PinkCounts.xlsx,Sheet1,AN31,2012,
2012,Anvik,Pink,2012-07-14,07/14,155588,38609,155588,cumulative,Anvik_PinkCounts.xlsx,Sheet1,AN32,2012,
2012,Anvik,Pink,2012-07-15,07/15,212330,56742,212330,cumulative,Anvik_PinkCounts.xlsx,Sheet1,AN33,2012,
2012,Anvik,Pink,2012-07-16,07/16,270653,58323,270653,cumulative,Anvik_PinkCounts.xlsx,Sheet1,AN34,2012,
2012,Anvik,Pink,2012-07-17,07/17,337201,66548,337201,cumulative,Anvik_PinkCounts.xlsx,Sheet1,AN35,2012,
2012,Anvik,Pink,2012-07-18,07/18,394155,56954,394155,cumulative,Anvik_PinkCounts.xlsx,Sheet1,AN36,2012,
2012,Anvik,Pink,2012-07-19,07/19,421893,27738,421893,cumulative,Anvik_PinkCounts.xlsx,Sheet1,AN37,2012,
2012,Anvik,Pink,2012-07-20,07/20,450612,28719,450612,cumulative,Anvik_PinkCounts.xlsx,Sheet1,AN38,2012,
2012,Anvik,Pink,2012-07-21,07/21,469863,19251,469863,cumulative,Anvik_PinkCounts.xlsx,Sheet1,AN39,2012,
2012,Anvik,Pink,2012-07-22,07/22,501348,31485,501348,cumulative,Anvik_PinkCounts.xlsx,Sheet1,AN40,2012,
2012,Anvik,Pink,2012-07-23,07/23,533735,32387,533735,cumulative,Anvik_PinkCounts.xlsx,Sheet1,AN41,2012,
2012,Anvik,Pink,2012-07-24,07/24,558833,25098,558833,cumulative,Anvik_PinkCounts.xlsx,Sheet1,AN42,2012,
2012,Anvik,Pink,2012-07-25,07/25,575630,16797,575630,cumulative,Anvik_PinkCounts.xlsx,Sheet1,AN43,2012,
2012,Anvik,Pink,2012-07-26,07/26,591387,15757,591387,cumulative,Anvik_PinkCounts.xlsx,Sheet1,AN44,2012,
2012,EF_Andreafsky,Pink,2012-06-30,06/30,568,,568,cumulative,EF_Andreafsky_PinkCounts.xlsx,Sheet1,AB18,2012,
2012,EF_Andreafsky,Pink,2012-07-01,07/01,766,198,766,cumulative,EF_Andreafsky_PinkCounts.xlsx,Sheet1,AB19,2012,
2012,EF_Andreafsky,Pink,2012-07-02,07/02,1037,271,1037,cumulative,EF_Andreafsky_PinkCounts.xlsx,Sheet1,AB20,2012,
2012,EF_Andreafsky,Pink,2012-07-03,07/03,1088,51,1088,cumulative,EF_Andreafsky_PinkCounts.xlsx,Sheet1,AB21,2012,
2012,EF_Andreafsky,Pink,2012-07-04,07/04,1622,534,1622,cumulative,EF_Andreafsky_PinkCounts.xlsx,Sheet1,AB22,2012,
2012,EF_Andreafsky,Pink,2012-07-05,07/05,3378,1756,3378,cumulative,EF_Andreafsky_PinkCounts.xlsx,Sheet1,AB23,2012,
2012,EF_Andreafsky,Pink,2012-07-06,07/06,6870,3492,6870,cumulative,EF_Andreafsky_PinkCounts.xlsx,Sheet1,AB24,2012,
2012,EF_Andreafsky,Pink,2012-07-07,07/07,8888,2018,8888,cumulative,EF_Andreafsky_PinkCounts.xlsx,Sheet1,AB25,2012,
2012,EF_Andreafsky,Pink,2012-07-08,07/08,12323,3435,12323,cumulative,EF_Andreafsky_PinkCounts.xlsx,Sheet1,AB26,2012,
2012,EF_Andreafsky,Pink,2012-07-09,07/09,14708,2385,14708,cumulative,EF_Andreafsky_PinkCounts.xlsx,Sheet1,AB27,2012,
2012,EF_Andreafsky,Pink,2012-07-10,07/10,15799,1091,15799,cumulative,EF_Andreafsky_PinkCounts.xlsx,Sheet1,AB28,2012,
2012,EF_Andreafsky,Pink,2012-07-11,07/11,17057,1258,17057,cumulative,EF_Andreafsky_PinkCounts.xlsx,Sheet1,AB29,2012,
2012,EF_Andreafsky,Pink,2012-07-12,07/12,19360,2303,19360,cumulative,EF_Andreafsky_PinkCounts.xlsx,Sheet1,AB30,2012,
2012,EF_Andreafsky,Pink,2012-07-13,07/13,22543,3183,22543,cumulative,EF_Andreafsky_PinkCounts.xlsx,Sheet1,AB31,2012,
2012,EF_Andreafsky,Pink,2012-07-14,07/14,24652,2109,24652,cumulative,EF_Andreafsky_PinkCounts.xlsx,Sheet1,AB32,2012,
2012,EF_Andreafsky,Pink,2012-07-15,07/15,29259,4607,29259,cumulative,EF_Andreafsky_PinkCounts.xlsx,Sheet1,AB33,2012,
2012,EF_Andreafsky,Pink,2012-07-16,07/16,30238,979,30238,cumulative,EF_Andreafsky_PinkCounts.xlsx,Sheet1,AB34,2012,
2012,EF_Andreafsky,Pink,2012-07-17,07/17,32300,2062,32300,cumulative,EF_Andreafsky_PinkCounts.xlsx,Sheet1,AB35,2012,
2012,EF_Andreafsky,Pink,2012-07-18,07/18,33519,1219,33519,cumulative,EF_Andreafsky_PinkCounts.xlsx,Sheet1,AB36,2012,
2012,EF_Andreafsky,Pink,2012-07-19,07/19,37692,4173,37692,cumulative,EF_Andreafsky_PinkCounts.xlsx,Sheet1,AB37,2012,
2012,EF_Andreafsky,Pink,2012-07-20,07/20,46070,8378,46070,cumulative,EF_Andreafsky_PinkCounts.xlsx,Sheet1,AB38,2012,
2012,EF_Andreafsky,Pink,2012-07-21,07/21,53688,7618,53688,cumulative,EF_Andreafsky_PinkCounts.xlsx,Sheet1,AB39,2012,
2012,EF_Andreafsky,Pink,2012-07-22,07/22,61728,8040,61728,cumulative,EF_Andreafsky_PinkCounts.xlsx,Sheet1,AB40,2012,
2012,EF_Andreafsky,Pink,2012-07-23,07/23,64643,2915,64643,cumulative,EF_Andreafsky_PinkCounts.xlsx,Sheet1,AB41,2012,
2012,EF_Andreafsky,Pink,2012-07-24,07/24,67343,2700,67343,cumulative,EF_Andreafsky_PinkCounts.xlsx,Sheet1,AB42,2012,
2012,EF_Andreafsky,Pink,2012-07-25,07/25,69732,2389,69732,cumulative,EF_Andreafsky_PinkCounts.xlsx,Sheet1,AB43,2012,
2012,EF_Andreafsky,Pink,2012-07-26,07/26,71479,1747,71479,cumulative,EF_Andreafsky_PinkCounts.xlsx,Sheet1,AB44,2012,
2012,EF_Andreafsky,Pink,2012-07-27,07/27,72535,1056,72535,cumulative,EF_Andreafsky_PinkCounts.xlsx,Sheet1,AB45,2012,
2012,EF_Andreafsky,Pink,2012-07-28,07/28,73513,978,73513,cumulative,EF_Andreafsky_PinkCounts.xlsx,Sheet1,AB46,2012,
2012,EF_Andreafsky,Pink,2012-07-29,07/29,74161,648,74161,cumulative,EF_Andreafsky_PinkCounts.xlsx,Sheet1,AB47,2012,
2012,EF_Andreafsky,Pink,2012-07-30,07/30,74466,305,74466,cumulative,EF_Andreafsky_PinkCounts.xlsx,Sheet1,AB48,2012,
2012,EF_Andreafsky,Pink,2012-07-31,07/31,74627,161,74627,cumulative,EF_Andreafsky_PinkCounts.xlsx,Sheet1,AB49,2012,
2012,EF_Andreafsky,Pink,2012-08-01,08/01,74682,55,74682,cumulative,EF_Andreafsky_PinkCounts.xlsx,Sheet1,AB50,2012,
2012,pilot,Chinook,2012-06-01,06/01,0,0,0,daily,PilotCounts.xlsx,AllChinook,Q6,2012,
2012,pilot,Chinook,2012-06-02,06/02,0,0,0,daily,PilotCounts.xlsx,AllChinook,Q7,2012,
2012,pilot,Chinook,2012-06-03,06/03,0,0,0,daily,PilotCounts.xlsx,AllChinook,Q8,2012,
2012,pilot,Chinook,2012-06-04,06/04,0,0,0,daily,PilotCounts.xlsx,AllChinook,Q9,2012,
2012,pilot,Chinook,2012-06-05,06/05,0,0,0,daily,PilotCounts.xlsx,AllChinook,Q10,2012,
2012,pilot,Chinook,2012-06-06,06/06,0,0,0,daily,PilotCounts.xlsx,AllChinook,Q11,2012,
2012,pilot,Chinook,2012-06-07,06/07,0,0,0,daily,PilotCounts.xlsx,AllChinook,Q12,2012,
2012,pilot,Chinook,2012-06-08,06/08,0,0,0,daily,PilotCounts.xlsx,AllChinook,Q13,2012,
2012,pilot,Chinook,2012-06-09,06/09,0,0,0,daily,PilotCounts.xlsx,AllChinook,Q14,2012,
2012,pilot,Chinook,2012-06-10,06/10,70,70,70,daily,PilotCounts.xlsx,AllChinook,Q15,2012,
2012,pilot,Chinook,2012-06-11,06/11,100,100,170,daily,PilotCounts.xlsx,AllChinook,Q16,2012,
2012,pilot,Chinook,2012-06-12,06/12,0,0,170,daily,PilotCounts.xlsx,AllChinook,Q17,2012,
2012,pilot,Chinook,2012-06-13,06/13,474,474,644,daily,PilotCounts.xlsx,AllChinook,Q18,2012,
2012,pilot,Chinook,2012-06-14,06/14,154,154,798,daily,PilotCounts.xlsx,AllChinook,Q19,2012,
2012,pilot,Chinook,2012-06-15,06/15,39,39,837,daily,PilotCounts.xlsx,AllChinook,Q20,2012,
2012,pilot,Chinook,2012-06-16,06/16,1949,1949,2786,daily,PilotCounts.xlsx,AllChinook,Q21,2012,
2012,pilot,Chinook,2012-06-17,06/17,1408,1408,4194,daily,PilotCounts.xlsx,AllChinook,Q22,2012,
2012,pilot,Chinook,2012-06-18,06/18,902,902,5096,daily,PilotCounts.xlsx,AllChinook,Q23,2012,
2012,pilot,Chinook,2012-06-19,06/19,1514,1514,6610,daily,PilotCounts.xlsx,AllChinook,Q24,2012,
2012,pilot,Chinook,2012-06-20,06/20,2881,2881,9491,daily,PilotCounts.xlsx,AllChinook,Q25,2012,
2012,pilot,Chinook,2012-06-21,06/21,2571,2571,12062,daily,PilotCounts.xlsx,AllChinook,Q26,2012,
2012,pilot,Chinook,2012-06-22,06/22,3540,3540,15602,daily,PilotCounts.xlsx,AllChinook,Q27,2012,
2012,pilot,Chinook,2012-06-23,06/23,7663,7663,23265,daily,PilotCounts.xlsx,AllChinook,Q28,2012,
2012,pilot,Chinook,2012-06-24,06/24,8733,8733,31998,daily,PilotCounts.xlsx,AllChinook,Q29,2012,
2012,pilot,Chinook,2012-06-25,06/25,5009,5009,37007,daily,PilotCounts.xlsx,AllChinook,Q30,2012,
2012,pilot,Chinook,2012-06-26,06/26,10859,10859,47866,daily,PilotCounts.xlsx,AllChinook,Q31,2012,
2012,pilot,Chinook,2012-06-27,06/27,9203,9203,57069,daily,PilotCounts.xlsx,AllChinook,Q32,2012,
2012,pilot,Chinook,2012-06-28,06/28,18046,18046,75115,daily,PilotCounts.xlsx,AllChinook,Q33,2012,
2012,pilot,Chinook,2012-06-29,06/29,7629,7629,82744,daily,PilotCounts.xlsx,AllChinook,Q34,2012,
2012,pilot,Chinook,2012-06-30,06/30,4510,4510,87254,daily,PilotCounts.xlsx,AllChinook,Q35,2012,
2012,pilot,Chinook,2012-07-01,07/01,2345,2345,89599,daily,PilotCounts.xlsx,AllChinook,Q36,2012,
2012,pilot,Chinook,2012-07-02,07/02,6047,6047,95646,daily,PilotCounts.xlsx,AllChinook,Q37,2012,
2012,pilot,Chinook,2012-07-03,07/03,2451,2451,98097,daily,PilotCounts.xlsx,AllChinook,Q38,2012,
2012,pilot,Chinook,2012-07-04,07/04,2012,2012,100109,daily,PilotCounts.xlsx,AllChinook,Q39,2012,
2012,pilot,Chinook,2012-07-05,07/05,1837,1837,101946,daily,PilotCounts.xlsx,AllChinook,Q40,2012,
2012,pilot,Chinook,2012-07-06,07/06,7270,7270,109216,daily,PilotCounts.xlsx,AllChinook,Q41,2012,
2012,pilot,Chinook,2012-07-07,07/07,2718,2718,111934,daily,PilotCounts.xlsx,AllChinook,Q42,2012,
2012,pilot,Chinook,2012-07-08,07/08,2276,2276,114210,daily,PilotCounts.xlsx,AllChinook,Q43,2012,
2012,pilot,Chinook,2012-07-09,07/09,1308,1308,115518,daily,PilotCounts.xlsx,AllChinook,Q44,2012,
2012,pilot,Chinook,2012-07-10,07/10,3302,3302,118820,daily,PilotCounts.xlsx,AllChinook,Q45,2012,
2012,pilot,Chinook,2012-07-11,07/11,265,265,119085,daily,PilotCounts.xlsx,AllChinook,Q46,2012,
2012,pilot,Chinook,2012-07-12,07/12,1049,1049,120134,daily,PilotCounts.xlsx,AllChinook,Q47,2012,
2012,pilot,Chinook,2012-07-13,07/13,1062,1062,121196,daily,PilotCounts.xlsx,AllChinook,Q48,2012,
2012,pilot,Chinook,2012-07-14,07/14,1338,1338,122534,daily,PilotCounts.xlsx,AllChinook,Q49,2012,
2012,pilot,Chinook,2012-07-15,07/15,1069,1069,123603,daily,PilotCounts.xlsx,AllChinook,Q50,2012,
2012,pilot,Chinook,2012-07-16,07/16,74,74,123677,daily,PilotCounts.xlsx,AllChinook,Q51,2012,
2012,pilot,Chinook,2012-07-17,07/17,870,870,124547,daily,PilotCounts.xlsx,AllChinook,Q52,2012,
2012,pilot,Chinook,2012-07-18,07/18,574,574,125121,daily,PilotCounts.xlsx,AllChinook,Q53,2012,
2012,pilot,Chinook,2012-07-19,07/19,284,284,125405,daily,PilotCounts.xlsx,AllChinook,Q54,2012,
2012,pilot,Chinook,2012-07-20,07/20,403,403,125808,daily,PilotCounts.xlsx,AllChinook,Q55,2012,
2012,pilot,Chinook,2012-07-21,07/21,571,571,126379,daily,PilotCounts.xlsx,AllChinook,Q56,2012,
2012,pilot,Chinook,2012-07-22,07/22,427,427,126806,daily,PilotCounts.xlsx,AllChinook,Q57,2012,
2012,pilot,Chinook,2012-07-23,07/23,459,459,127265,daily,PilotCounts.xlsx,AllChinook,Q58,2012,
2012,pilot,Chinook,2012-07-24,07/24,0,0,127265,daily,PilotCounts.xlsx,AllChinook,Q59,2012,
2012,pilot,Chinook,2012-07-25,07/25,0,0,127265,daily,PilotCounts.xlsx,AllChinook,Q60,2012,
2012,pilot,Chinook,2012-07-26,07/26,0,0,127265,daily,PilotCounts.xlsx,AllChinook,Q61,2012,
2012,pilot,Chinook,2012-07-27,07/27,112,112,127377,daily,PilotCounts.xlsx,AllChinook,Q62,2012,
2012,pilot,Chinook,2012-07-28,07/28,0,0,127377,daily,PilotCounts.xlsx,AllChinook,Q63,2012,
2012,pilot,Chinook,2012-07-29,07/29,105,105,127482,daily,PilotCounts.xlsx,AllChinook,Q64,2012,
2012,pilot,Chinook,2012-07-30,07/30,73,73,127555,daily,PilotCounts.xlsx,AllChinook,Q65,2012,
2012,pilot,Chinook,2012-07-31,07/31,0,0,127555,daily,PilotCounts.xlsx,AllChinook,Q66,2012,
2012,pilot,Chinook,2012-08-01,08/01,0,0,127555,daily,PilotCounts.xlsx,AllChinook,Q67,2012,
2012,pilot,Chinook,2012-08-02,08/02,0,0,127555,daily,PilotCounts.xlsx,AllChinook,Q68,2012,
2012,pilot,Chinook,2012-08-03,08/03,0,0,127555,daily,PilotCounts.xlsx,AllChinook,Q69,2012,
2012,pilot,Chinook,2012-08-04,08/04,0,0,127555,daily,PilotCounts.xlsx,AllChinook,Q70,2012,
2012,pilot,Chinook,2012-08-05,08/05,0,0,127555,daily,PilotCounts.xlsx,AllChinook,Q71,2012,
2012,pilot,Chinook,2012-08-06,08/06,0,0,127555,daily,PilotCounts.xlsx,AllChinook,Q72,2012,
2012,pilot,Chinook,2012-08-07,08/07,0,0,127555,daily,PilotCounts.xlsx,AllChinook,Q73,2012,
2012,pilot,Chinook,2012-08-08,08/08,0,0,127555,daily,PilotCounts.xlsx,AllChinook,Q74,2012,
2012,pilot,Chinook,2012-08-09,08/09,0,0,127555,daily,PilotCounts.xlsx,AllChinook,Q75,2012,
2012,pilot,Chinook,2012-08-10,08/10,0,0,127555,daily,PilotCounts.xlsx,AllChinook,Q76,2012,
2012,pilot,Chinook,2012-08-11,08/11,0,0,127555,daily,PilotCounts.xlsx,AllChinook,Q77,2012,
2012,pilot,Chinook,2012-08-12,08/12,0,0,127555,daily,PilotCounts.xlsx,AllChinook,Q78,2012,
2012,pilot,Chinook,2012-08-13,08/13,0,0,127555,daily,PilotCounts.xlsx,AllChinook,Q79,2012,
2012,pilot,Chinook,2012-08-14,08/14,0,0,127555,daily,PilotCounts.xlsx,AllChinook,Q80,2012,
2012,pilot,Chinook,2012-08-15,08/15,0,0,127555,daily,PilotCounts.xlsx,AllChinook,Q81,2012,
2012,pilot,Chinook,2012-08-16,08/16,0,0,127555,daily,PilotCounts.xlsx,AllChinook,Q82,2012,
2012,pilot,Chinook,2012-08-17,08/17,0,0,127555,daily,PilotCounts.xlsx,AllChinook,Q83,2012,
2012,pilot,Chinook,2012-08-18,08/18,0,0,127555,daily,PilotCounts.xlsx,AllChinook,Q84,2012,
2012,pilot,Chinook,2012-08-19,08/19,0,0,127555,daily,PilotCounts.xlsx,AllChinook,Q85,2012,
2012,pilot,Chinook,2012-08-20,08/20,0,0,127555,daily,PilotCounts.xlsx,AllChinook,Q86,2012,
2012,pilot,Chinook,2012-08-21,08/21,0,0,127555,daily,PilotCounts.xlsx,AllChinook,Q87,2012,
2012,pilot,Chinook,2012-08-22,08/22,0,0,127555,daily,PilotCounts.xlsx,AllChinook,Q88,2012,
2012,pilot,Chinook,2012-08-23,08/23,0,0,127555,daily,PilotCounts.xlsx,AllChinook,Q89,2012,
2012,pilot,Chinook,2012-08-24,08/24,0,0,127555,daily,PilotCounts.xlsx,AllChinook,Q90,2012,
2012,pilot,Chinook,2012-08-25,08/25,0,0,127555,daily,PilotCounts.xlsx,AllChinook,Q91,2012,
2012,pilot,Chinook,2012-08-26,08/26,0,0,127555,daily,PilotCounts.xlsx,AllChinook,Q92,2012,
2012,pilot,Chum,2012-06-01,06/01,0,0,0,daily,PilotCounts.xlsx,AllChum,R6,2012,
2012,pilot,Chum,2012-06-02,06/02,0,0,0,daily,PilotCounts.xlsx,AllChum,R7,2012,
2012,pilot,Chum,2012-06-03,06/03,0,0,0,daily,PilotCounts.xlsx,AllChum,R8,2012,
2012,pilot,Chum,2012-06-04,06/04,0,0,0,daily,PilotCounts.xlsx,AllChum,R9,2012,
2012,pilot,Chum,2012-06-05,06/05,0,0,0,daily,PilotCounts.xlsx,AllChum,R10,2012,
2012,pilot,Chum,2012-06-06,06/06,0,0,0,daily,PilotCounts.xlsx,AllChum,R11,2012,
2012,pilot,Chum,2012-06-07,06/07,0,0,0,daily,PilotCounts.xlsx,AllChum,R12,2012,
2012,pilot,Chum,2012-06-08,06/08,0,0,0,daily,PilotCounts.xlsx,AllChum,R13,2012,
2012,pilot,Chum,2012-06-09,06/09,0,0,0,daily,PilotCounts.xlsx,AllChum,R14,2012,
2012,pilot,Chum,2012-06-10,06/10,0,0,0,daily,PilotCounts.xlsx,AllChum,R15,2012,
2012,pilot,Chum,2012-06-11,06/11,0,0,0,daily,PilotCounts.xlsx,AllChum,R16,2012,
2012,pilot,Chum,2012-06-12,06/12,911,911,911,daily,PilotCounts.xlsx,AllChum,R17,2012,
2012,pilot,Chum,2012-06-13,06/13,1895,1895,2806,daily,PilotCounts.xlsx,AllChum,R18,2012,
2012,pilot,Chum,2012-06-14,06/14,1397,1397,4203,daily,PilotCounts.xlsx,AllChum,R19,2012,
2012,pilot,Chum,2012-06-15,06/15,1036,1036,5239,daily,PilotCounts.xlsx,AllChum,R20,2012,
2012,pilot,Chum,2012-06-16,06/16,10825,10825,16064,daily,PilotCounts.xlsx,AllChum,R21,2012,
2012,pilot,Chum,2012-06-17,06/17,45295,45295,61359,daily,PilotCounts.xlsx,AllChum,R22,2012,
2012,pilot,Chum,2012-06-18,06/18,42791,42791,104150,daily,PilotCounts.xlsx,AllChum,R23,2012,
2012,pilot,Chum,2012-06-19,06/19,56471,56471,160621,daily,PilotCounts.xlsx,AllChum,R24,2012,
2012,pilot,Chum,2012-06-20,06/20,73920,73920,234541,daily,PilotCounts.xlsx,AllChum,R25,2012,
2012,pilot,Chum,2012-06-21,06/21,71724,71724,306265,daily,PilotCounts.xlsx,AllChum,R26,2012,
2012,pilot,Chum,2012-06-22,06/22,99523,99523,405788,daily,PilotCounts.xlsx,AllChum,R27,2012,
2012,pilot,Chum,2012-06-23,06/23,113552,113552,519340,daily,PilotCounts.xlsx,AllChum,R28,2012,
2012,pilot,Chum,2012-06-24,06/24,98203,98203,617543,daily,PilotCounts.xlsx,AllChum,R29,2012,
2012,pilot,Chum,2012-06-25,06/25,74775,74775,692318,daily,PilotCounts.xlsx,AllChum,R30,2012,
2012,pilot,Chum,2012-06-26,06/26,70742,70742,763060,daily,PilotCounts.xlsx,AllChum,R31,2012,
2012,pilot,Chum,2012-06-27,06/27,92873,92873,855933,daily,PilotCounts.xlsx,AllChum,R32,2012,
2012,pilot,Chum,2012-06-28,06/28,151906,151906,1007839,daily,PilotCounts.xlsx,AllChum,R33,2012,
2012,pilot,Chum,2012-06-29,06/29,152437,152437,1160276,daily,PilotCounts.xlsx,AllChum,R34,2012,
2012,pilot,Chum,2012-06-30,06/30,106651,106651,1266927,daily,PilotCounts.xlsx,AllChum,R35,2012,
2012,pilot,Chum,2012-07-01,07/01,90443,90443,1357370,daily,PilotCounts.xlsx,AllChum,R36,2012,
2012,pilot,Chum,2012-07-02,07/02,70866,70866,1428236,daily,PilotCounts.xlsx,AllChum,R37,2012,
2012,pilot,Chum,2012-07-03,07/03,59364,59364,1487600,daily,PilotCounts.xlsx,AllChum,R38,2012,
2012,pilot,Chum,2012-07-04,07/04,49830,49830,1537430,daily,PilotCounts.xlsx,AllChum,R39,2012,
2012,pilot,Chum,2012-07-05,07/05,60730,60730,1598160,daily,PilotCounts.xlsx,AllChum,R40,2012,
2012,pilot,Chum,2012-07-06,07/06,124537,124537,1722697,daily,PilotCounts.xlsx,AllChum,R41,2012,
2012,pilot,Chum,2012-07-07,07/07,69896,69896,1792593,daily,PilotCounts.xlsx,AllChum,R42,2012,
2012,pilot,Chum,2012-07-08,07/08,44583,44583,1837176,daily,PilotCounts.xlsx,AllChum,R43,2012,
2012,pilot,Chum,2012-07-09,07/09,52659,52659,1889835,daily,PilotCounts.xlsx,AllChum,R44,2012,
2012,pilot,Chum,2012-07-10,07/10,50930,50930,1940765,daily,PilotCounts.xlsx,AllChum,R45,2012,
2012,pilot,Chum,2012-07-11,07/11,62718,62718,2003483,daily,PilotCounts.xlsx,AllChum,R46,2012,
2012,pilot,Chum,2012-07-12,07/12,45793,45793,2049276,daily,PilotCounts.xlsx,AllChum,R47,2012,
2012,pilot,Chum,2012-07-13,07/13,26515,26515,2075791,daily,PilotCounts.xlsx,AllChum,R48,2012,
2012,pilot,Chum,2012-07-14,07/14,16764,16764,2092555,daily,PilotCounts.xlsx,AllChum,R49,2012,
2012,pilot,Chum,2012-07-15,07/15,13319,13319,2105874,daily,PilotCounts.xlsx,AllChum,R50,2012,
2012,pilot,Chum,2012-07-16,07/16,6986,6986,2112860,daily,PilotCounts.xlsx,AllChum,R51,2012,
2012,pilot,Chum,2012-07-17,07/17,14685,14685,2127545,daily,PilotCounts.xlsx,AllChum,R52,2012,
2012,pilot,Chum,2012-07-18,07/18,8931,8931,2136476,daily,PilotCounts.xlsx,AllChum,R53,2012,
2012,pilot,Chum,2012-07-19,07/19,21878,21878,2158354,daily,PilotCounts.xlsx,AllChum,R54,2012,
2012,pilot,Chum,2012-07-20,07/20,45859,45859,2204213,daily,PilotCounts.xlsx,AllChum,R55,2012,
2012,pilot,Chum,2012-07-21,07/21,29279,29279,2233492,daily,PilotCounts.xlsx,AllChum,R56,2012,
2012,pilot,Chum,2012-07-22,07/22,21429,21429,2254921,daily,PilotCounts.xlsx,AllChum,R57,2012,
2012,pilot,Chum,2012-07-23,07/23,7438,7438,2262359,daily,PilotCounts.xlsx,AllChum,R58,2012,
2012,pilot,Chum,2012-07-24,07/24,7322,7322,2269681,daily,PilotCounts.xlsx,AllChum,R59,2012,
2012,pilot,Chum,2012-07-25,07/25,5992,5992,2275673,daily,PilotCounts.xlsx,AllChum,R60,2012,
2012,pilot,Chum,2012-07-26,07/26,7450,7450,2283123,daily,PilotCounts.xlsx,AllChum,R61,2012,
2012,pilot,Chum,2012-07-27,07/27,14788,14788,2297911,daily,PilotCounts.xlsx,AllChum,R62,2012,
2012,pilot,Chum,2012-07-28,07/28,39835,39835,2337746,daily,PilotCounts.xlsx,AllChum,R63,2012,
2012,pilot,Chum,2012-07-29,07/29,41382,41382,2379128,daily,PilotCounts.xlsx,AllChum,R64,2012,
2012,pilot,Chum,2012-07-30,07/30,23404,23404,2402532,daily,PilotCounts.xlsx,AllChum,R65,2012,
2012,pilot,Chum,2012-07-31,07/31,10780,10780,2413312,daily,PilotCounts.xlsx,AllChum,R66,2012,
2012,pilot,Chum,2012-08-01,08/01,7783,7783,2421095,daily,PilotCounts.xlsx,AllChum,R67,2012,
2012,pilot,Chum,2012-08-02,08/02,11676,11676,2432771,daily,PilotCounts.xlsx,AllChum,R68,2012,
2012,pilot,Chum,2012-08-03,08/03,36807,36807,2469578,daily,PilotCounts.xlsx,AllChum,R69,2012,
2012,pilot,Chum,2012-08-04,08/04,15518,15518,2485096,daily,PilotCounts.xlsx,AllChum,R70,2012,
2012,pilot,Chum,2012-08-05,08/05,8814,8814,2493910,daily,PilotCounts.xlsx,AllChum,R71,2012,
2012,pilot,Chum,2012-08-06,08/06,6900,6900,2500810,daily,PilotCounts.xlsx,AllChum,R72,2012,
2012,pilot,Chum,2012-08-07,08/07,9351,9351,2510161,daily,PilotCounts.xlsx,AllChum,R73,2012,
2012,pilot,Chum,2012-08-08,08/08,14708,14708,2524869,daily,PilotCounts.xlsx,AllChum,R74,2012,
2012,pilot,Chum,2012-08-09,08/09,4856,4856,2529725,daily,PilotCounts.xlsx,AllChum,R75,2012,
2012,pilot,Chum,2012-08-10,08/10,4571,4571,2534296,daily,PilotCounts.xlsx,AllChum,R76,2012,
2012,pilot,Chum,2012-08-11,08/11,3328,3328,2537624,daily,PilotCounts.xlsx,AllChum,R77,2012,
2012,pilot,Chum,2012-08-12,08/12,2457,2457,2540081,daily,PilotCounts.xlsx,AllChum,R78,2012,
2012,pilot,Chum,2012-08-13,08/13,1533,1533,2541614,daily,PilotCounts.xlsx,AllChum,R79,2012,
2012,pilot,Chum,2012-08-14,08/14,753,753,2542367,daily,PilotCounts.xlsx,AllChum,R80,2012,
2012,pilot,Chum,2012-08-15,08/15,3941,3941,2546308,daily,PilotCounts.xlsx,AllChum,R81,2012,
2012,pilot,Chum,2012-08-16,08/16,3221,3221,2549529,daily,PilotCounts.xlsx,AllChum,R82,2012,
2012,pilot,Chum,2012-08-17,08/17,1818,1818,2551347,daily,PilotCounts.xlsx,AllChum,R83,2012,
2012,pilot,Chum,2012-08-18,08/18,55809,55809,2607156,daily,PilotCounts.xlsx,AllChum,R84,2012,
2012,pilot,Chum,2012-08-19,08/19,103248,103248,2710404,daily,PilotCounts.xlsx,AllChum,R85,2012,
2012,pilot,Chum,2012-08-20,08/20,82597,82597,2793001,daily,PilotCounts.xlsx,AllChum,R86,2012,
2012,pilot,Chum,2012-08-21,08/21,34056,34056,2827057,daily,PilotCounts.xlsx,AllChum,R87,2012,
2012,pilot,Chum,2012-08-22,08/22,16481,16481,2843538,daily,PilotCounts.xlsx,AllChum,R88,2012,
2012,pilot,Chum,2012-08-23,08/23,9163,9163,2852701,daily,PilotCounts.xlsx,AllChum,R89,2012,
2012,pilot,Chum,2012-08-24,08/24,6857,6857,2859558,daily,PilotCounts.xlsx,AllChum,R90,2012,
2012,pilot,Chum,2012-08-25,08/25,7259,7259,2866817,daily,PilotCounts.xlsx,AllChum,R91,2012,
2012,pilot,Chum,2012-08-26,08/26,4104,4104,2870921,daily,PilotCounts.xlsx,AllChum,R92,2012,
2012,pilot,Chum,2012-08-27,08/27,4448,4448,2875369,daily,PilotCounts.xlsx,AllChum,R93,2012,
2012,pilot,Chum,2012-08-28,08/28,3083,3083,2878452,daily,PilotCounts.xlsx,AllChum,R94,2012,
2012,pilot,Chum,2012-08-29,08/29,2618,2618,2881070,daily,PilotCounts.xlsx,AllChum,R95,2012,
2012,pilot,Chum,2012-08-30,08/30,2697,2697,2883767,daily,PilotCounts.xlsx,AllChum,R96,2012,
2012,pilot,Chum,2012-08-31,08/31,6587,6587,2890354,daily,PilotCounts.xlsx,AllChum,R97,2012,
2012,pilot,Chum,2012-09-01,09/01,2238,2238,2892592,daily,PilotCounts.xlsx,AllChum,R98,2012,
2012,pilot,Chum,2012-09-02,09/02,4079,4079,2896671,daily,PilotCounts.xlsx,AllChum,R99,2012,
2012,pilot,Chum,2012-09-03,09/03,4415,4415,2901086,daily,PilotCounts.xlsx,AllChum,R100,2012,
2012,pilot,Chum,2012-09-04,09/04,3386,3386,2904472,daily,PilotCounts.xlsx,AllChum,R101,2012,
2012,pilot,Chum,2012-09-05,09/05,3141,3141,2907613,daily,PilotCounts.xlsx,AllChum,R102,2012,
2012,pilot,Chum,2012-09-06,09/06,4298,4298,2911911,daily,PilotCounts.xlsx,AllChum,R103,2012,
2012,pilot,Chum,2012-09-07,09/07,2723,2723,2914634,daily,PilotCounts.xlsx,AllChum,R104,2012,
2012,pilot,Pink,2012-06-20,06/20,0,,0,cumulative,PilotCounts.xlsx,Pink,R25,2012,
2012,pilot,Pink,2012-06-21,06/21,378,378,378,cumulative,PilotCounts.xlsx,Pink,R26,2012,
2012,pilot,Pink,2012-06-22,06/22,378,0,378,cumulative,PilotCounts.xlsx,Pink,R27,2012,
2012,pilot,Pink,2012-06-23,06/23,378,0,378,cumulative,PilotCounts.xlsx,Pink,R28,2012,
2012,pilot,Pink,2012-06-24,06/24,378,0,378,cumulative,PilotCounts.xlsx,Pink,R29,2012,
2012,pilot,Pink,2012-06-25,06/25,2435,2057,2435,cumulative,PilotCounts.xlsx,Pink,R30,2012,
2012,pilot,Pink,2012-06-26,06/26,3692,1257,3692,cumulative,PilotCounts.xlsx,Pink,R31,2012,
2012,pilot,Pink,2012-06-27,06/27,6168,2476,6168,cumulative,PilotCounts.xlsx,Pink,R32,2012,
2012,pilot,Pink,2012-06-28,06/28,10604,4436,10604,cumulative,PilotCounts.xlsx,Pink,R33,2012,
2012,pilot,Pink,2012-06-29,06/29,15515,4911,15515,cumulative,PilotCounts.xlsx,Pink,R34,2012,
2012,pilot,Pink,2012-06-30,06/30,19216,3701,19216,cumulative,PilotCounts.xlsx,Pink,R35,2012,
2012,pilot,Pink,2012-07-01,07/01,23999,4783,23999,cumulative,PilotCounts.xlsx,Pink,R36,2012,
2012,pilot,Pink,2012-07-02,07/02,30410,6411,30410,cumulative,PilotCounts.xlsx,Pink,R37,2012,
2012,pilot,Pink,2012-07-03,07/03,58876,28466,58876,cumulative,PilotCounts.xlsx,Pink,R38,2012,
2012,pilot,Pink,2012-07-04,07/04,68757,9881,68757,cumulative,PilotCounts.xlsx,Pink,R39,2012,
2012,pilot,Pink,2012-07-05,07/05,97729,28972,97729,cumulative,PilotCounts.xlsx,Pink,R40,2012,
2012,pilot,Pink,2012-07-06,07/06,110916,13187,110916,cumulative,PilotCounts.xlsx,Pink,R41,2012,
2012,pilot,Pink,2012-07-07,07/07,146098,35182,146098,cumulative,PilotCounts.xlsx,Pink,R42,2012,
2012,pilot,Pink,2012-07-08,07/08,162661,16563,162661,cumulative,PilotCounts.xlsx,Pink,R43,2012,
2012,pilot,Pink,2012-07-09,07/09,169828,7167,169828,cumulative,PilotCounts.xlsx,Pink,R44,2012,
2012,pilot,Pink,2012-07-10,07/10,180524,10696,180524,cumulative,PilotCounts.xlsx,Pink,R45,2012,
2012,pilot,Pink,2012-07-11,07/11,202096,21572,202096,cumulative,PilotCounts.xlsx,Pink,R46,2012,
2012,pilot,Pink,2012-07-12,07/12,211823,9727,211823,cumulative,PilotCounts.xlsx,Pink,R47,2012,
2012,pilot,Pink,2012-07-13,07/13,224203,12380,224203,cumulative,PilotCounts.xlsx,Pink,R48,2012,
2012,pilot,Pink,2012-07-14,07/14,236722,12519,236722,cumulative,PilotCounts.xlsx,Pink,R49,2012,
2012,pilot,Pink,2012-07-15,07/15,246832,10110,246832,cumulative,PilotCounts.xlsx,Pink,R50,2012,
2012,pilot,Pink,2012-07-16,07/16,258839,12007,258839,cumulative,PilotCounts.xlsx,Pink,R51,2012,
2012,pilot,Pink,2012-07-17,07/17,269755,10916,269755,cumulative,PilotCounts.xlsx,Pink,R52,2012,
2012,pilot,Pink,2012-07-18,07/18,278337,8582,278337,cumulative,PilotCounts.xlsx,Pink,R53,2012,
2012,pilot,Pink,2012-07-19,07/19,284562,6225,284562,cumulative,PilotCounts.xlsx,Pink,R54,2012,
2012,pilot,Pink,2012-07-20,07/20,299894,15332,299894,cumulative,PilotCounts.xlsx,Pink,R55,2012,
2012,pilot,Pink,2012-07-21,07/21,311988,12094,311988,cumulative,PilotCounts.xlsx,Pink,R56,2012,
2012,pilot,Pink,2012-07-22,07/22,320542,8554,320542,cumulative,PilotCounts.xlsx,Pink,R57,2012,
2012,pilot,Pink,2012-07-23,07/23,332172,11630,332172,cumulative,PilotCounts.xlsx,Pink,R58,2012,
2012,pilot,Pink,2012-07-24,07/24,338797,6625,338797,cumulative,PilotCounts.xlsx,Pink,R59,2012,
2012,pilot,Pink,2012-07-25,07/25,343940,5143,343940,cumulative,PilotCounts.xlsx,Pink,R60,2012,
2012,pilot,Pink,2012-07-26,07/26,350566,6626,350566,cumulative,PilotCounts.xlsx,Pink,R61,2012,
2012,pilot,Pink,2012-07-27,07/27,357227,6661,357227,cumulative,PilotCounts.xlsx,Pink,R62,2012,
2012,pilot,Pink,2012-07-28,07/28,368132,10905,368132,cumulative,PilotCounts.xlsx,Pink,R63,2012,
2012,pilot,Pink,2012-07-29,07/29,382411,14279,382411,cumulative,PilotCounts.xlsx,Pink,R64,2012,
2012,pilot,Pink,2012-07-30,07/30,390309,7898,390309,cumulative,PilotCounts.xlsx,Pink,R65,2012,
2012,pilot,Pink,2012-07-31,07/31,396920,6611,396920,cumulative,PilotCounts.xlsx,Pink,R66,2012,
2012,pilot,Pink,2012-08-01,08/01,402076,5156,402076,cumulative,PilotCounts.xlsx,Pink,R67,2012,
2012,pilot,Pink,2012-08-02,08/02,408238,6162,408238,cumulative,PilotCounts.xlsx,Pink,R68,2012,
2012,pilot,Pink,2012-08-03,08/03,410502,2264,410502,cumulative,PilotCounts.xlsx,Pink,R69,2012,
2012,pilot,Pink,2012-08-04,08/04,413526,3024,413526,cumulative,PilotCounts.xlsx,Pink,R70,2012,
2012,pilot,Pink,2012-08-05,08/05,415602,2076,415602,cumulative,PilotCounts.xlsx,Pink,R71,2012,
2012,pilot,Pink,2012-08-06,08/06,416449,847,416449,cumulative,PilotCounts.xlsx,Pink,R72,2012,
2012,pilot,Pink,2012-08-07,08/07,417567,1118,417567,cumulative,PilotCounts.xlsx,Pink,R73,2012,
2012,pilot,Pink,2012-08-08,08/08,417916,349,417916,cumulative,PilotCounts.xlsx,Pink,R74,2012,
2012,pilot,Pink,2012-08-09,08/09,418765,849,418765,cumulative,PilotCounts.xlsx,Pink,R75,2012,
2012,pilot,Pink,2012-08-10,08/10,419601,836,419601,cumulative,PilotCounts.xlsx,Pink,R76,2012,
2012,pilot,Pink,2012-08-11,08/11,419601,0,419601,cumulative,PilotCounts.xlsx,Pink,R77,2012,
2012,pilot,Pink,2012-08-12,08/12,420164,563,420164,cumulative,PilotCounts.xlsx,Pink,R78,2012,
2012,pilot,Pink,2012-08-13,08/13,420233,69,420233,cumulative,PilotCounts.xlsx,Pink,R79,2012,
2012,pilot,Pink,2012-08-14,08/14,420344,111,420344,cumulative,PilotCounts.xlsx,Pink,R80,2012,
2012,pilot,Pink,2012-08-15,08/15,420344,0,420344,cumulative,PilotCounts.xlsx,Pink,R81,2012,
2012,pilot,Pink,2012-08-16,08/16,420344,0,420344,cumulative,PilotCounts.xlsx,Pink,R82,2012,
2013,EF_Andreafsky,Pink,2013-07-02,07/02,3,,3,cumulative,EF_Andreafsky_PinkCounts.xlsx,Sheet1,AC20,2013,
2013,EF_Andreafsky,Pink,2013-07-03,07/03,3,0,3,cumulative,EF_Andreafsky_PinkCounts.xlsx,Sheet1,AC21,2013,
2013,EF_Andreafsky,Pink,2013-07-04,07/04,5,2,5,cumulative,EF_Andreafsky_PinkCounts.xlsx,Sheet1,AC22,2013,
2013,EF_Andreafsky,Pink,2013-07-05,07/05,9,4,9,cumulative,EF_Andreafsky_PinkCounts.xlsx,Sheet1,AC23,2013,
2013,EF_Andreafsky,Pink,2013-07-06,07/06,11,2,11,cumulative,EF_Andreafsky_PinkCounts.xlsx,Sheet1,AC24,2013,
2013,EF_Andreafsky,Pink,2013-07-07,07/07,22,11,22,cumulative,EF_Andreafsky_PinkCounts.xlsx,Sheet1,AC25,2013,
2013,EF_Andreafsky,Pink,2013-07-08,07/08,29,7,29,cumulative,EF_Andreafsky_PinkCounts.xlsx,Sheet1,AC26,2013,
2013,EF_Andreafsky,Pink,2013-07-09,07/09,35,6,35,cumulative,EF_Andreafsky_PinkCounts.xlsx,Sheet1,AC27,2013,
2013,EF_Andreafsky,Pink,2013-07-10,07/10,49,14,49,cumulative,EF_Andreafsky_PinkCounts.xlsx,Sheet1,AC28,2013,
2013,EF_Andreafsky,Pink,2013-07-11,07/11,73,24,73,cumulative,EF_Andreafsky_PinkCounts.xlsx,Sheet1,AC29,2013,
2013,EF_Andreafsky,Pink,2013-07-12,07/12,118,45,118,cumulative,EF_Andreafsky_PinkCounts.xlsx,Sheet1,AC30,2013,
2013,EF_Andreafsky,Pink,2013-07-13,07/13,138,20,138,cumulative,EF_Andreafsky_PinkCounts.xlsx,Sheet1,AC31,2013,
2013,EF_Andreafsky,Pink,2013-07-14,07/14,152,14,152,cumulative,EF_Andreafsky_PinkCounts.xlsx,Sheet1,AC32,2013,
2013,EF_Andreafsky,Pink,2013-07-15,07/15,165,13,165,cumulative,EF_Andreafsky_PinkCounts.xlsx,Sheet1,AC33,2013,
2013,EF_Andreafsky,Pink,2013-07-16,07/16,186,21,186,cumulative,EF_Andreafsky_PinkCounts.xlsx,Sheet1,AC34,2013,
2013,EF_Andreafsky,Pink,2013-07-17,07/17,193,7,193,cumulative,EF_Andreafsky_PinkCounts.xlsx,Sheet1,AC35,2013,
2013,EF_Andreafsky,Pink,2013-07-18,07/18,218,25,218,cumulative,EF_Andreafsky_PinkCounts.xlsx,Sheet1,AC36,2013,
2013,EF_Andreafsky,Pink,2013-07-19,07/19,240,22,240,cumulative,EF_Andreafsky_PinkCounts.xlsx,Sheet1,AC37,2013,
2013,EF_Andreafsky,Pink,2013-07-20,07/20,252,12,252,cumulative,EF_Andreafsky_PinkCounts.xlsx,Sheet1,AC38,2013,
2013,EF_Andreafsky,Pink,2013-07-21,07/21,281,29,281,cumulative,EF_Andreafsky_PinkCounts.xlsx,Sheet1,AC39,2013,
2013,EF_Andreafsky,Pink,2013-07-22,07/22,328,47,328,cumulative,EF_Andreafsky_PinkCounts.xlsx,Sheet1,AC40,2013,
2013,EF_Andreafsky,Pink,2013-07-23,07/23,357,29,357,cumulative,EF_Andreafsky_PinkCounts.xlsx,Sheet1,AC41,2013,
2013,EF_Andreafsky,Pink,2013-07-24,07/24,405,48,405,cumulative,EF_Andreafsky_PinkCounts.xlsx,Sheet1,AC42,2013,
2013,EF_Andreafsky,Pink,2013-07-25,07/25,442,37,442,cumulative,EF_Andreafsky_PinkCounts.xlsx,Sheet1,AC43,2013,
2013,EF_Andreafsky,Pink,2013-07-26,07/26,474,32,474,cumulative,EF_Andreafsky_PinkCounts.xlsx,Sheet1,AC44,2013,
2013,EF_Andreafsky,Pink,2013-07-27,07/27,505,31,505,cumulative,EF_Andreafsky_PinkCounts.xlsx,Sheet1,AC45,2013,
2013,EF_Andreafsky,Pink,2013-07-28,07/28,543,38,543,cumulative,EF_Andreafsky_PinkCounts.xlsx,Sheet1,AC46,2013,
2013,EF_Andreafsky,Pink,2013-07-29,07/29,572,29,572,cumulative,EF_Andreafsky_PinkCounts.xlsx,Sheet1,AC47,2013,
2013,EF_Andreafsky,Pink,2013-07-30,07/30,589,17,589,cumulative,EF_Andreafsky_PinkCounts.xlsx,Sheet1,AC48,2013,
2013,pilot,Chinook,2013-06-13,06/13,0,0,0,daily,PilotCounts.xlsx,AllChinook,R18,2013,
2013,pilot,Chinook,2013-06-14,06/14,0,0,0,daily,PilotCounts.xlsx,AllChinook,R19,2013,
2013,pilot,Chinook,2013-06-15,06/15,0,0,0,daily,PilotCounts.xlsx,AllChinook,R20,2013,
2013,pilot,Chinook,2013-06-16,06/16,695,695,695,daily,PilotCounts.xlsx,AllChinook,R21,2013,
2013,pilot,Chinook,2013-06-17,06/17,931,931,1626,daily,PilotCounts.xlsx,AllChinook,R22,2013,
2013,pilot,Chinook,2013-06-18,06/18,1701,1701,3327,daily,PilotCounts.xlsx,AllChinook,R23,2013,
2013,pilot,Chinook,2013-06-19,06/19,6248,6248,9575,daily,PilotCounts.xlsx,AllChinook,R24,2013,
2013,pilot,Chinook,2013-06-20,06/20,7388,7388,16963,daily,PilotCounts.xlsx,AllChinook,R25,2013,
2013,pilot,Chinook,2013-06-21,06/21,13358,13358,30321,daily,PilotCounts.xlsx,AllChinook,R26,2013,
2013,pilot,Chinook,2013-06-22,06/22,15310,15310,45631,daily,PilotCounts.xlsx,AllChinook,R27,2013,
2013,pilot,Chinook,2013-06-23,06/23,15481,15481,61112,daily,PilotCounts.xlsx,AllChinook,R28,2013,
2013,pilot,Chinook,2013-06-24,06/24,3718,3718,64830,daily,PilotCounts.xlsx,AllChinook,R29,2013,
2013,pilot,Chinook,2013-06-25,06/25,3355,3355,68185,daily,PilotCounts.xlsx,AllChinook,R30,2013,
2013,pilot,Chinook,2013-06-26,06/26,4955,4955,73140,daily,PilotCounts.xlsx,AllChinook,R31,2013,
2013,pilot,Chinook,2013-06-27,06/27,4993,4993,78133,daily,PilotCounts.xlsx,AllChinook,R32,2013,
2013,pilot,Chinook,2013-06-28,06/28,1479,1479,79612,daily,PilotCounts.xlsx,AllChinook,R33,2013,
2013,pilot,Chinook,2013-06-29,06/29,4572,4572,84184,daily,PilotCounts.xlsx,AllChinook,R34,2013,
2013,pilot,Chinook,2013-06-30,06/30,4765,4765,88949,daily,PilotCounts.xlsx,AllChinook,R35,2013,
2013,pilot,Chinook,2013-07-01,07/01,2243,2243,91192,daily,PilotCounts.xlsx,AllChinook,R36,2013,
2013,pilot,Chinook,2013-07-02,07/02,10924,10924,102116,daily,PilotCounts.xlsx,AllChinook,R37,2013,
2013,pilot,Chinook,2013-07-03,07/03,9685,9685,111801,daily,PilotCounts.xlsx,AllChinook,R38,2013,
2013,pilot,Chinook,2013-07-04,07/04,3284,3284,115085,daily,PilotCounts.xlsx,AllChinook,R39,2013,
2013,pilot,Chinook,2013-07-05,07/05,7824,7824,122909,daily,PilotCounts.xlsx,AllChinook,R40,2013,
2013,pilot,Chinook,2013-07-06,07/06,5535,5535,128444,daily,PilotCounts.xlsx,AllChinook,R41,2013,
2013,pilot,Chinook,2013-07-07,07/07,1555,1555,129999,daily,PilotCounts.xlsx,AllChinook,R42,2013,
2013,pilot,Chinook,2013-07-08,07/08,2485,2485,132484,daily,PilotCounts.xlsx,AllChinook,R43,2013,
2013,pilot,Chinook,2013-07-09,07/09,1000,1000,133484,daily,PilotCounts.xlsx,AllChinook,R44,2013,
2013,pilot,Chinook,2013-07-10,07/10,447,447,133931,daily,PilotCounts.xlsx,AllChinook,R45,2013,
2013,pilot,Chinook,2013-07-11,07/11,658,658,134589,daily,PilotCounts.xlsx,AllChinook,R46,2013,
2013,pilot,Chinook,2013-07-12,07/12,227,227,134816,daily,PilotCounts.xlsx,AllChinook,R47,2013,
2013,pilot,Chinook,2013-07-13,07/13,501,501,135317,daily,PilotCounts.xlsx,AllChinook,R48,2013,
2013,pilot,Chinook,2013-07-14,07/14,271,271,135588,daily,PilotCounts.xlsx,AllChinook,R49,2013,
2013,pilot,Chinook,2013-07-15,07/15,0,0,135588,daily,PilotCounts.xlsx,AllChinook,R50,2013,
2013,pilot,Chinook,2013-07-16,07/16,168,168,135756,daily,PilotCounts.xlsx,AllChinook,R51,2013,
2013,pilot,Chinook,2013-07-17,07/17,151,151,135907,daily,PilotCounts.xlsx,AllChinook,R52,2013,
2013,pilot,Chinook,2013-07-18,07/18,0,0,135907,daily,PilotCounts.xlsx,AllChinook,R53,2013,
2013,pilot,Chinook,2013-07-19,07/19,350,350,136257,daily,PilotCounts.xlsx,AllChinook,R54,2013,
2013,pilot,Chinook,2013-07-20,07/20,100,100,136357,daily,PilotCounts.xlsx,AllChinook,R55,2013,
2013,pilot,Chinook,2013-07-21,07/21,84,84,136441,daily,PilotCounts.xlsx,AllChinook,R56,2013,
2013,pilot,Chinook,2013-07-22,07/22,129,129,136570,daily,PilotCounts.xlsx,AllChinook,R57,2013,
2013,pilot,Chinook,2013-07-23,07/23,0,0,136570,daily,PilotCounts.xlsx,AllChinook,R58,2013,
2013,pilot,Chinook,2013-07-24,07/24,0,0,136570,daily,PilotCounts.xlsx,AllChinook,R59,2013,
2013,pilot,Chinook,2013-07-25,07/25,0,0,136570,daily,PilotCounts.xlsx,AllChinook,R60,2013,
2013,pilot,Chinook,2013-07-26,07/26,0,0,136570,daily,PilotCounts.xlsx,AllChinook,R61,2013,
2013,pilot,Chinook,2013-07-27,07/27,0,0,136570,daily,PilotCounts.xlsx,AllChinook,R62,2013,
2013,pilot,Chinook,2013-07-28,07/28,0,0,136570,daily,PilotCounts.xlsx,AllChinook,R63,2013,
2013,pilot,Chinook,2013-07-29,07/29,0,0,136570,daily,PilotCounts.xlsx,AllChinook,R64,2013,
2013,pilot,Chinook,2013-07-30,07/30,0,0,136570,daily,PilotCounts.xlsx,AllChinook,R65,2013,
2013,pilot,Chinook,2013-07-31,07/31,0,0,136570,daily,PilotCounts.xlsx,AllChinook,R66,2013,
2013,pilot,Chinook,2013-08-01,08/01,143,143,136713,daily,PilotCounts.xlsx,AllChinook,R67,2013,
2013,pilot,Chinook,2013-08-02,08/02,92,92,136805,daily,PilotCounts.xlsx,AllChinook,R68,2013,
2013,pilot,Chinook,2013-08-03,08/03,0,0,136805,daily,PilotCounts.xlsx,AllChinook,R69,2013,
2013,pilot,Chinook,2013-08-04,08/04,0,0,136805,daily,PilotCounts.xlsx,AllChinook,R70,2013,
2013,pilot,Chinook,2013-08-05,08/05,0,0,136805,daily,PilotCounts.xlsx,AllChinook,R71,2013,
2013,pilot,Chinook,2013-08-06,08/06,0,0,136805,daily,PilotCounts.xlsx,AllChinook,R72,2013,
2013,pilot,Chinook,2013-08-07,08/07,0,0,136805,daily,PilotCounts.xlsx,AllChinook,R73,2013,
2013,pilot,Chinook,2013-08-08,08/08,0,0,136805,daily,PilotCounts.xlsx,AllChinook,R74,2013,
2013,pilot,Chinook,2013-08-09,08/09,0,0,136805,daily,PilotCounts.xlsx,AllChinook,R75,2013,
2013,pilot,Chinook,2013-08-10,08/10,0,0,136805,daily,PilotCounts.xlsx,AllChinook,R76,2013,
2013,pilot,Chinook,2013-08-11,08/11,0,0,136805,daily,PilotCounts.xlsx,AllChinook,R77,2013,
2013,pilot,Chinook,2013-08-12,08/12,0,0,136805,daily,PilotCounts.xlsx,AllChinook,R78,2013,
2013,pilot,Chinook,2013-08-13,08/13,0,0,136805,daily,PilotCounts.xlsx,AllChinook,R79,2013,
2013,pilot,Chinook,2013-08-14,08/14,0,0,136805,daily,PilotCounts.xlsx,AllChinook,R80,2013,
2013,pilot,Chinook,2013-08-15,08/15,0,0,136805,daily,PilotCounts.xlsx,AllChinook,R81,2013,
2013,pilot,Chinook,2013-08-16,08/16,0,0,136805,daily,PilotCounts.xlsx,AllChinook,R82,2013,
2013,pilot,Chinook,2013-08-17,08/17,0,0,136805,daily,PilotCounts.xlsx,AllChinook,R83,2013,
2013,pilot,Chinook,2013-08-18,08/18,0,0,136805,daily,PilotCounts.xlsx,AllChinook,R84,2013,
2013,pilot,Chinook,2013-08-19,08/19,0,0,136805,daily,PilotCounts.xlsx,AllChinook,R85,2013,
2013,pilot,Chinook,2013-08-20,08/20,0,0,136805,daily,PilotCounts.xlsx,AllChinook,R86,2013,
2013,pilot,Chinook,2013-08-21,08/21,0,0,136805,daily,PilotCounts.xlsx,AllChinook,R87,2013,
2013,pilot,Chinook,2013-08-22,08/22,0,0,136805,daily,PilotCounts.xlsx,AllChinook,R88,2013,
2013,pilot,Chinook,2013-08-23,08/23,0,0,136805,daily,PilotCounts.xlsx,AllChinook,R89,2013,
2013,pilot,Chinook,2013-08-24,08/24,0,0,136805,daily,PilotCounts.xlsx,AllChinook,R90,2013,
2013,pilot,Chinook,2013-08-25,08/25,0,0,136805,daily,PilotCounts.xlsx,AllChinook,R91,2013,
2013,pilot,Chinook,2013-08-26,08/26,0,0,136805,daily,PilotCounts.xlsx,AllChinook,R92,2013,
2013,pilot,Chinook,2013-08-27,08/27,0,0,136805,daily,PilotCounts.xlsx,AllChinook,R93,2013,
2013,pilot,Chinook,2013-08-28,08/28,0,0,136805,daily,PilotCounts.xlsx,AllChinook,R94,2013,
2013,pilot,Chinook,2013-08-29,08/29,0,0,136805,daily,PilotCounts.xlsx,AllChinook,R95,2013,
2013,pilot,Chinook,2013-08-30,08/30,0,0,136805,daily,PilotCounts.xlsx,AllChinook,R96,2013,
2013,pilot,Chinook,2013-08-31,08/31,0,0,136805,daily,PilotCounts.xlsx,AllChinook,R97,2013,
2013,pilot,Chinook,2013-09-01,09/01,0,0,136805,daily,PilotCounts.xlsx,AllChinook,R98,2013,
2013,pilot,Chinook,2013-09-02,09/02,0,0,136805,daily,PilotCounts.xlsx,AllChinook,R99,2013,
2013,pilot,Chinook,2013-09-03,09/03,0,0,136805,daily,PilotCounts.xlsx,AllChinook,R100,2013,
2013,pilot,Chinook,2013-09-04,09/04,0,0,136805,daily,PilotCounts.xlsx,AllChinook,R101,2013,
2013,pilot,Chinook,2013-09-05,09/05,0,0,136805,daily,PilotCounts.xlsx,AllChinook,R102,2013,
2013,pilot,Chinook,2013-09-06,09/06,0,0,136805,daily,PilotCounts.xlsx,AllChinook,R103,2013,
2013,pilot,Chinook,2013-09-07,09/07,0,0,136805,daily,PilotCounts.xlsx,AllChinook,R104,2013,
2013,pilot,Chum,2013-06-13,06/13,350,350,350,daily,PilotCounts.xlsx,AllChum,S18,2013,
2013,pilot,Chum,2013-06-14,06/14,350,350,700,daily,PilotCounts.xlsx,AllChum,S19,2013,
2013,pilot,Chum,2013-06-15,06/15,5977,5977,6677,daily,PilotCounts.xlsx,AllChum,S20,2013,
2013,pilot,Chum,2013-06-16,06/16,8990,8990,15667,daily,PilotCounts.xlsx,AllChum,S21,2013,
2013,pilot,Chum,2013-06-17,06/17,14966,14966,30633,daily,PilotCounts.xlsx,AllChum,S22,2013,
2013,pilot,Chum,2013-06-18,06/18,49608,49608,80241,daily,PilotCounts.xlsx,AllChum,S23,2013,
2013,pilot,Chum,2013-06-19,06/19,134390,134390,214631,daily,PilotCounts.xlsx,AllChum,S24,2013,
2013,pilot,Chum,2013-06-20,06/20,154922,154922,369553,daily,PilotCounts.xlsx,AllChum,S25,2013,
2013,pilot,Chum,2013-06-21,06/21,188602,188602,558155,daily,PilotCounts.xlsx,AllChum,S26,2013,
2013,pilot,Chum,2013-06-22,06/22,214747,214747,772902,daily,PilotCounts.xlsx,AllChum,S27,2013,
2013,pilot,Chum,2013-06-23,06/23,200692,200692,973594,daily,PilotCounts.xlsx,AllChum,S28,2013,
2013,pilot,Chum,2013-06-24,06/24,141382,141382,1114976,daily,PilotCounts.xlsx,AllChum,S29,2013,
2013,pilot,Chum,2013-06-25,06/25,122237,122237,1237213,daily,PilotCounts.xlsx,AllChum,S30,2013,
2013,pilot,Chum,2013-06-26,06/26,128045,128045,1365258,daily,PilotCounts.xlsx,AllChum,S31,2013,
2013,pilot,Chum,2013-06-27,06/27,105346,105346,1470604,daily,PilotCounts.xlsx,AllChum,S32,2013,
2013,pilot,Chum,2013-06-28,06/28,108353,108353,1578957,daily,PilotCounts.xlsx,AllChum,S33,2013,
2013,pilot,Chum,2013-06-29,06/29,141261,141261,1720218,daily,PilotCounts.xlsx,AllChum,S34,2013,
2013,pilot,Chum,2013-06-30,06/30,144936,144936,1865154,daily,PilotCounts.xlsx,AllChum,S35,2013,
2013,pilot,Chum,2013-07-01,07/01,128663,128663,1993817,daily,PilotCounts.xlsx,AllChum,S36,2013,
2013,pilot,Chum,2013-07-02,07/02,101511,101511,2095328,daily,PilotCounts.xlsx,AllChum,S37,2013,
2013,pilot,Chum,2013-07-03,07/03,105190,105190,2200518,daily,PilotCounts.xlsx,AllChum,S38,2013,
2013,pilot,Chum,2013-07-04,07/04,120509,120509,2321027,daily,PilotCounts.xlsx,AllChum,S39,2013,
2013,pilot,Chum,2013-07-05,07/05,98648,98648,2419675,daily,PilotCounts.xlsx,AllChum,S40,2013,
2013,pilot,Chum,2013-07-06,07/06,66960,66960,2486635,daily,PilotCounts.xlsx,AllChum,S41,2013,
2013,pilot,Chum,2013-07-07,07/07,59924,59924,2546559,daily,PilotCounts.xlsx,AllChum,S42,2013,
2013,pilot,Chum,2013-07-08,07/08,46103,46103,2592662,daily,PilotCounts.xlsx,AllChum,S43,2013,
2013,pilot,Chum,2013-07-09,07/09,35979,35979,2628641,daily,PilotCounts.xlsx,AllChum,S44,2013,
2013,pilot,Chum,2013-07-10,07/10,30313,30313,2658954,daily,PilotCounts.xlsx,AllChum,S45,2013,
2013,pilot,Chum,2013-07-11,07/11,32789,32789,2691743,daily,PilotCounts.xlsx,AllChum,S46,2013,
2013,pilot,Chum,2013-07-12,07/12,44496,44496,2736239,daily,PilotCounts.xlsx,AllChum,S47,2013,
2013,pilot,Chum,2013-07-13,07/13,41736,41736,2777975,daily,PilotCounts.xlsx,AllChum,S48,2013,
2013,pilot,Chum,2013-07-14,07/14,25670,25670,2803645,daily,PilotCounts.xlsx,AllChum,S49,2013,
2013,pilot,Chum,2013-07-15,07/15,11807,11807,2815452,daily,PilotCounts.xlsx,AllChum,S50,2013,
2013,pilot,Chum,2013-07-16,07/16,10035,10035,2825487,daily,PilotCounts.xlsx,AllChum,S51,2013,
2013,pilot,Chum,2013-07-17,07/17,10352,10352,2835839,daily,PilotCounts.xlsx,AllChum,S52,2013,
2013,pilot,Chum,2013-07-18,07/18,13844,13844,2849683,daily,PilotCounts.xlsx,AllChum,S53,2013,
2013,pilot,Chum,2013-07-19,07/19,16507,16507,2866190,daily,PilotCounts.xlsx,AllChum,S54,2013,
2013,pilot,Chum,2013-07-20,07/20,9238,9238,2875428,daily,PilotCounts.xlsx,AllChum,S55,2013,
2013,pilot,Chum,2013-07-21,07/21,6820,6820,2882248,daily,PilotCounts.xlsx,AllChum,S56,2013,
2013,pilot,Chum,2013-07-22,07/22,8909,8909,2891157,daily,PilotCounts.xlsx,AllChum,S57,2013,
2013,pilot,Chum,2013-07-23,07/23,15424,15424,2906581,daily,PilotCounts.xlsx,AllChum,S58,2013,
2013,pilot,Chum,2013-07-24,07/24,14573,14573,2921154,daily,PilotCounts.xlsx,AllChum,S59,2013,
2013,pilot,Chum,2013-07-25,07/25,15718,15718,2936872,daily,PilotCounts.xlsx,AllChum,S60,2013,
2013,pilot,Chum,2013-07-26,07/26,26200,26200,2963072,daily,PilotCounts.xlsx,AllChum,S61,2013,
2013,pilot,Chum,2013-07-27,07/27,13785,13785,2976857,daily,PilotCounts.xlsx,AllChum,S62,2013,
2013,pilot,Chum,2013-07-28,07/28,7728,7728,2984585,daily,PilotCounts.xlsx,AllChum,S63,2013,
2013,pilot,Chum,2013-07-29,07/29,1329,1329,2985914,daily,PilotCounts.xlsx,AllChum,S64,2013,
2013,pilot,Chum,2013-07-30,07/30,1080,1080,2986994,daily,PilotCounts.xlsx,AllChum,S65,2013,
2013,pilot,Chum,2013-07-31,07/31,26920,26920,3013914,daily,PilotCounts.xlsx,AllChum,S66,2013,
2013,pilot,Chum,2013-08-01,08/01,31381,31381,3045295,daily,PilotCounts.xlsx,AllChum,S67,2013,
2013,pilot,Chum,2013-08-02,08/02,15799,15799,3061094,daily,PilotCounts.xlsx,AllChum,S68,2013,
2013,pilot,Chum,2013-08-03,08/03,2610,2610,3063704,daily,PilotCounts.xlsx,AllChum,S69,2013,
2013,pilot,Chum,2013-08-04,08/04,2389,2389,3066093,daily,PilotCounts.xlsx,AllChum,S70,2013,
2013,pilot,Chum,2013-08-05,08/05,1431,1431,3067524,daily,PilotCounts.xlsx,AllChum,S71,2013,
2013,pilot,Chum,2013-08-06,08/06,1038,1038,3068562,daily,PilotCounts.xlsx,AllChum,S72,2013,
2013,pilot,Chum,2013-08-07,08/07,18001,18001,3086563,daily,PilotCounts.xlsx,AllChum,S73,2013,
2013,pilot,Chum,2013-08-08,08/08,6833,6833,3093396,daily,PilotCounts.xlsx,AllChum,S74,2013,
2013,pilot,Chum,2013-08-09,08/09,4653,4653,3098049,daily,PilotCounts.xlsx,AllChum,S75,2013,
2013,pilot,Chum,2013-08-10,08/10,22791,22791,3120840,daily,PilotCounts.xlsx,AllChum,S76,2013,
2013,pilot,Chum,2013-08-11,08/11,11368,11368,3132208,daily,PilotCounts.xlsx,AllChum,S77,2013,
2013,pilot,Chum,2013-08-12,08/12,2223,2223,3134431,daily,PilotCounts.xlsx,AllChum,S78,2013,
2013,pilot,Chum,2013-08-13,08/13,613,613,3135044,daily,PilotCounts.xlsx,AllChum,S79,2013,
2013,pilot,Chum,2013-08-14,08/14,141481,141481,3276525,daily,PilotCounts.xlsx,AllChum,S80,2013,
2013,pilot,Chum,2013-08-15,08/15,81950,81950,3358475,daily,PilotCounts.xlsx,AllChum,S81,2013,
2013,pilot,Chum,2013-08-16,08/16,8084,8084,3366559,daily,PilotCounts.xlsx,AllChum,S82,2013,
2013,pilot,Chum,2013-08-17,08/17,3724,3724,3370283,daily,PilotCounts.xlsx,AllChum,S83,2013,
2013,pilot,Chum,2013-08-18,08/18,27307,27307,3397590,daily,PilotCounts.xlsx,AllChum,S84,2013,
2013,pilot,Chum,2013-08-19,08/19,44966,44966,3442556,daily,PilotCounts.xlsx,AllChum,S85,2013,
2013,pilot,Chum,2013-08-20,08/20,66297,66297,3508853,daily,PilotCounts.xlsx,AllChum,S86,2013,
2013,pilot,Chum,2013-08-21,08/21,42249,42249,3551102,daily,PilotCounts.xlsx,AllChum,S87,2013,
2013,pilot,Chum,2013-08-22,08/22,25779,25779,3576881,daily,PilotCounts.xlsx,AllChum,S88,2013,
2013,pilot,Chum,2013-08-23,08/23,11268,11268,3588149,daily,PilotCounts.xlsx,AllChum,S89,2013,
2013,pilot,Chum,2013-08-24,08/24,6292,6292,3594441,daily,PilotCounts.xlsx,AllChum,S90,2013,
2013,pilot,Chum,2013-08-25,08/25,19880,19880,3614321,daily,PilotCounts.xlsx,AllChum,S91,2013,
2013,pilot,Chum,2013-08-26,08/26,32888,32888,3647209,daily,PilotCounts.xlsx,AllChum,S92,2013,
2013,pilot,Chum,2013-08-27,08/27,21296,21296,3668505,daily,PilotCounts.xlsx,AllChum,S93,2013,
2013,pilot,Chum,2013-08-28,08/28,8237,8237,3676742,daily,PilotCounts.xlsx,AllChum,S94,2013,
2013,pilot,Chum,2013-08-29,08/29,3127,3127,3679869,daily,PilotCounts.xlsx,AllChum,S95,2013,
2013,pilot,Chum,2013-08-30,08/30,4978,4978,3684847,daily,PilotCounts.xlsx,AllChum,S96,2013,
2013,pilot,Chum,2013-08-31,08/31,4069,4069,3688916,daily,PilotCounts.xlsx,AllChum,S97,2013,
2013,pilot,Chum,2013-09-01,09/01,4288,4288,3693204,daily,PilotCounts.xlsx,AllChum,S98,2013,
2013,pilot,Chum,2013-09-02,09/02,2494,2494,3695698,daily,PilotCounts.xlsx,AllChum,S99,2013,
2013,pilot,Chum,2013-09-03,09/03,4062,4062,3699760,daily,PilotCounts.xlsx,AllChum,S100,2013,
2013,pilot,Chum,2013-09-04,09/04,6085,6085,3705845,daily,PilotCounts.xlsx,AllChum,S101,2013,
2013,pilot,Chum,2013-09-05,09/05,5377,5377,3711222,daily,PilotCounts.xlsx,AllChum,S102,2013,
2013,pilot,Chum,2013-09-06,09/06,2374,2374,3713596,daily,PilotCounts.xlsx,AllChum,S103,2013,
2013,pilot,Chum,2013-09-07,09/07,1382,1382,3714978,daily,PilotCounts.xlsx,AllChum,S104,2013,
2013,pilot,Pink,2013-06-28,06/28,0,,0,cumulative,PilotCounts.xlsx,Pink,S33,2013,
2013,pilot,Pink,2013-06-29,06/29,945,945,945,cumulative,PilotCounts.xlsx,Pink,S34,2013,
2013,pilot,Pink,2013-06-30,06/30,945,0,945,cumulative,PilotCounts.xlsx,Pink,S35,2013,
2013,pilot,Pink,2013-07-01,07/01,945,0,945,cumulative,PilotCounts.xlsx,Pink,S36,2013,
2013,pilot,Pink,2013-07-02,07/02,1911,966,1911,cumulative,PilotCounts.xlsx,Pink,S37,2013,
2013,pilot,Pink,2013-07-03,07/03,1911,0,1911,cumulative,PilotCounts.xlsx,Pink,S38,2013,
2013,pilot,Pink,2013-07-04,07/04,1911,0,1911,cumulative,PilotCounts.xlsx,Pink,S39,2013,
2013,pilot,Pink,2013-07-05,07/05,1911,0,1911,cumulative,PilotCounts.xlsx,Pink,S40,2013,
2013,pilot,Pink,2013-07-06,07/06,1911,0,1911,cumulative,PilotCounts.xlsx,Pink,S41,2013,
2013,pilot,Pink,2013-07-07,07/07,1911,0,1911,cumulative,PilotCounts.xlsx,Pink,S42,2013,
2013,pilot,Pink,2013-07-08,07/08,1911,0,1911,cumulative,PilotCounts.xlsx,Pink,S43,2013,
2013,pilot,Pink,2013-07-09,07/09,1911,0,1911,cumulative,PilotCounts.xlsx,Pink,S44,2013,
2013,pilot,Pink,2013-07-10,07/10,1911,0,1911,cumulative,PilotCounts.xlsx,Pink,S45,2013,
2013,pilot,Pink,2013-07-11,07/11,1911,0,1911,cumulative,PilotCounts.xlsx,Pink,S46,2013,
2013,pilot,Pink,2013-07-12,07/12,2549,638,2549,cumulative,PilotCounts.xlsx,Pink,S47,2013,
2013,pilot,Pink,2013-07-13,07/13,2752,203,2752,cumulative,PilotCounts.xlsx,Pink,S48,2013,
2013,pilot,Pink,2013-07-14,07/14,2889,137,2889,cumulative,PilotCounts.xlsx,Pink,S49,2013,
2013,pilot,Pink,2013-07-15,07/15,3189,300,3189,cumulative,PilotCounts.xlsx,Pink,S50,2013,
2013,pilot,Pink,2013-07-16,07/16,3189,0,3189,cumulative,PilotCounts.xlsx,Pink,S51,2013,
2013,pilot,Pink,2013-07-17,07/17,3189,0,3189,cumulative,PilotCounts.xlsx,Pink,S52,2013,
2013,pilot,Pink,2013-07-18,07/18,3189,0,3189,cumulative,PilotCounts.xlsx,Pink,S53,2013,
2013,pilot,Pink,2013-07-19,07/19,3189,0,3189,cumulative,PilotCounts.xlsx,Pink,S54,2013,
2013,pilot,Pink,2013-07-20,07/20,3308,119,3308,cumulative,PilotCounts.xlsx,Pink,S55,2013,
2013,pilot,Pink,2013-07-21,07/21,3408,100,3408,cumulative,PilotCounts.xlsx,Pink,S56,2013,
2013,pilot,Pink,2013-07-22,07/22,3553,145,3553,cumulative,PilotCounts.xlsx,Pink,S57,2013,
2013,pilot,Pink,2013-07-23,07/23,3553,0,3553,cumulative,PilotCounts.xlsx,Pink,S58,2013,
2013,pilot,Pink,2013-07-24,07/24,3553,0,3553,cumulative,PilotCounts.xlsx,Pink,S59,2013,
2013,pilot,Pink,2013-07-25,07/25,3553,0,3553,cumulative,PilotCounts.xlsx,Pink,S60,2013,
2013,pilot,Pink,2013-07-26,07/26,3553,0,3553,cumulative,PilotCounts.xlsx,Pink,S61,2013,
2013,pilot,Pink,2013-07-27,07/27,3553,0,3553,cumulative,PilotCounts.xlsx,Pink,S62,2013,
2013,pilot,Pink,2013-07-28,07/28,3553,0,3553,cumulative,PilotCounts.xlsx,Pink,S63,2013,
2013,pilot,Pink,2013-07-29,07/29,3553,0,3553,cumulative,PilotCounts.xlsx,Pink,S64,2013,
2013,pilot,Pink,2013-07-30,07/30,5107,1554,5107,cumulative,PilotCounts.xlsx,Pink,S65,2013,
2013,pilot,Pink,2013-07-31,07/31,5107,0,5107,cumulative,PilotCounts.xlsx,Pink,S66,2013,
2013,pilot,Pink,2013-08-01,08/01,5725,618,5725,cumulative,PilotCounts.xlsx,Pink,S67,2013,
2013,pilot,Pink,2013-08-02,08/02,6126,401,6126,cumulative,PilotCounts.xlsx,Pink,S68,2013,
2013,pilot,Pink,2013-08-03,08/03,6126,0,6126,cumulative,PilotCounts.xlsx,Pink,S69,2013,
2013,pilot,Pink,2013-08-04,08/04,6126,0,6126,cumulative,PilotCounts.xlsx,Pink,S70,2013,
2014,Anvik,Pink,2014-06-17,06/17,0,,0,cumulative,Anvik_PinkCounts.xlsx,Sheet1,AP5,2014,
2014,Anvik,Pink,2014-06-18,06/18,0,0,0,cumulative,Anvik_PinkCounts.xlsx,Sheet1,AP6,2014,
2014,Anvik,Pink,2014-06-19,06/19,0,0,0,cumulative,Anvik_PinkCounts.xlsx,Sheet1,AP7,2014,
2014,Anvik,Pink,2014-06-20,06/20,0,0,0,cumulative,Anvik_PinkCounts.xlsx,Sheet1,AP8,2014,
2014,Anvik,Pink,2014-06-21,06/21,0,0,0,cumulative,Anvik_PinkCounts.xlsx,Sheet1,AP9,2014,
2014,Anvik,Pink,2014-06-22,06/22,0,0,0,cumulative,Anvik_PinkCounts.xlsx,Sheet1,AP10,2014,
2014,Anvik,Pink,2014-06-23,06/23,0,0,0,cumulative,Anvik_PinkCounts.xlsx,Sheet1,AP11,2014,
2014,Anvik,Pink,2014-06-24,06/24,0,0,0,cumulative,Anvik_PinkCounts.xlsx,Sheet1,AP12,2014,
2014,Anvik,Pink,2014-06-25,06/25,0,0,0,cumulative,Anvik_PinkCounts.xlsx,Sheet1,AP13,2014,
2014,Anvik,Pink,2014-06-26,06/26,462,462,462,cumulative,Anvik_PinkCounts.xlsx,Sheet1,AP14,2014,
2014,Anvik,Pink,2014-06-27,06/27,891,429,891,cumulative,Anvik_PinkCounts.xlsx,Sheet1,AP15,2014,
2014,Anvik,Pink,2014-06-28,06/28,1481,590,1481,cumulative,Anvik_PinkCounts.xlsx,Sheet1,AP16,2014,
2014,Anvik,Pink,2014-06-29,06/29,2935,1454,2935,cumulative,Anvik_PinkCounts.xlsx,Sheet1,AP17,2014,
2014,Anvik,Pink,2014-06-30,06/30,4636,1701,4636,cumulative,Anvik_PinkCounts.xlsx,Sheet1,AP18,2014,
2014,Anvik,Pink,2014-07-01,07/01,8535,3899,8535,cumulative,Anvik_PinkCounts.xlsx,Sheet1,AP19,2014,
2014,Anvik,Pink,2014-07-02,07/02,10855,2320,10855,cumulative,Anvik_PinkCounts.xlsx,Sheet1,AP20,2014,
2014,Anvik,Pink,2014-07-03,07/03,16680,5825,16680,cumulative,Anvik_PinkCounts.xlsx,Sheet1,AP21,2014,
2014,Anvik,Pink,2014-07-04,07/04,28959,12279,28959,cumulative,Anvik_PinkCounts.xlsx,Sheet1,AP22,2014,
2014,Anvik,Pink,2014-07-05,07/05,40932,11973,40932,cumulative,Anvik_PinkCounts.xlsx,Sheet1,AP23,2014,
2014,Anvik,Pink,2014-07-06,07/06,62176,21244,62176,cumulative,Anvik_PinkCounts.xlsx,Sheet1,AP24,2014,
2014,Anvik,Pink,2014-07-07,07/07,79137,16961,79137,cumulative,Anvik_PinkCounts.xlsx,Sheet1,AP25,2014,
2014,Anvik,Pink,2014-07-08,07/08,97045,17908,97045,cumulative,Anvik_PinkCounts.xlsx,Sheet1,AP26,2014,
2014,Anvik,Pink,2014-07-09,07/09,123770,26725,123770,cumulative,Anvik_PinkCounts.xlsx,Sheet1,AP27,2014,
2014,Anvik,Pink,2014-07-10,07/10,161171,37401,161171,cumulative,Anvik_PinkCounts.xlsx,Sheet1,AP28,2014,
2014,Anvik,Pink,2014-07-11,07/11,214980,53809,214980,cumulative,Anvik_PinkCounts.xlsx,Sheet1,AP29,2014,
2014,Anvik,Pink,2014-07-12,07/12,278326,63346,278326,cumulative,Anvik_PinkCounts.xlsx,Sheet1,AP30,2014,
2014,Anvik,Pink,2014-07-13,07/13,351844,73518,351844,cumulative,Anvik_PinkCounts.xlsx,Sheet1,AP31,2014,
2014,Anvik,Pink,2014-07-14,07/14,426776,74932,426776,cumulative,Anvik_PinkCounts.xlsx,Sheet1,AP32,2014,
2014,Anvik,Pink,2014-07-15,07/15,480657,53881,480657,cumulative,Anvik_PinkCounts.xlsx,Sheet1,AP33,2014,
2014,Anvik,Pink,2014-07-16,07/16,523391,42734,523391,cumulative,Anvik_PinkCounts.xlsx,Sheet1,AP34,2014,
2014,Anvik,Pink,2014-07-17,07/17,574450,51059,574450,cumulative,Anvik_PinkCounts.xlsx,Sheet1,AP35,2014,
2014,Anvik,Pink,2014-07-18,07/18,618744,44294,618744,cumulative,Anvik_PinkCounts.xlsx,Sheet1,AP36,2014,
2014,Anvik,Pink,2014-07-19,07/19,666009,47265,666009,cumulative,Anvik_PinkCounts.xlsx,Sheet1,AP37,2014,
2014,Anvik,Pink,2014-07-20,07/20,705142,39133,705142,cumulative,Anvik_PinkCounts.xlsx,Sheet1,AP38,2014,
2014,Anvik,Pink,2014-07-21,07/21,755593,50451,755593,cumulative,Anvik_PinkCounts.xlsx,Sheet1,AP39,2014,
2014,Anvik,Pink,2014-07-22,07/22,826428,70835,826428,cumulative,Anvik_PinkCounts.xlsx,Sheet1,AP40,2014,
2014,Anvik,Pink,2014-07-23,07/23,872659,46231,872659,cumulative,Anvik_PinkCounts.xlsx,Sheet1,AP41,2014,
2014,Anvik,Pink,2014-07-24,07/24,908599,35940,908599,cumulative,Anvik_PinkCounts.xlsx,Sheet1,AP42,2014,
2014,Anvik,Pink,2014-07-25,07/25,945393,36794,945393,cumulative,Anvik_PinkCounts.xlsx,Sheet1,AP43,2014,
2014,Anvik,Pink,2014-07-26,07/26,973252,27859,973252,cumulative,Anvik_PinkCounts.xlsx,Sheet1,AP44,2014,
2014,EF_Andreafsky,Pink,2014-06-17,06/17,0,,0,cumulative,EF_Andreafsky_PinkCounts.xlsx,Sheet1,AD5,2014,
2014,EF_Andreafsky,Pink,2014-06-18,06/18,2,2,2,cumulative,EF_Andreafsky_PinkCounts.xlsx,Sheet1,AD6,2014,
2014,EF_Andreafsky,Pink,2014-06-19,06/19,3,1,3,cumulative,EF_Andreafsky_PinkCounts.xlsx,Sheet1,AD7,2014,
2014,EF_Andreafsky,Pink,2014-06-20,06/20,4,1,4,cumulative,EF_Andreafsky_PinkCounts.xlsx,Sheet1,AD8,2014,
2014,EF_Andreafsky,Pink,2014-06-21,06/21,8,4,8,cumulative,EF_Andreafsky_PinkCounts.xlsx,Sheet1,AD9,2014,
2014,EF_Andreafsky,Pink,2014-06-22,06/22,14,6,14,cumulative,EF_Andreafsky_PinkCounts.xlsx,Sheet1,AD10,2014,
2014,EF_Andreafsky,Pink,2014-06-23,06/23,62,48,62,cumulative,EF_Andreafsky_PinkCounts.xlsx,Sheet1,AD11,2014,
2014,EF_Andreafsky,Pink,2014-06-24,06/24,73,11,73,cumulative,EF_Andreafsky_PinkCounts.xlsx,Sheet1,AD12,2014,
2014,EF_Andreafsky,Pink,2014-06-25,06/25,147,74,147,cumulative,EF_Andreafsky_PinkCounts.xlsx,Sheet1,AD13,2014,
2014,EF_Andreafsky,Pink,2014-06-26,06/26,187,40,187,cumulative,EF_Andreafsky_PinkCounts.xlsx,Sheet1,AD14,2014,
2014,EF_Andreafsky,Pink,2014-06-27,06/27,301,114,301,cumulative,EF_Andreafsky_PinkCounts.xlsx,Sheet1,AD15,2014,
2014,EF_Andreafsky,Pink,2014-06-28,06/28,1073,772,1073,cumulative,EF_Andreafsky_PinkCounts.xlsx,Sheet1,AD16,2014,
2014,EF_Andreafsky,Pink,2014-06-29,06/29,1118,45,1118,cumulative,EF_Andreafsky_PinkCounts.xlsx,Sheet1,AD17,2014,
2014,EF_Andreafsky,Pink,2014-06-30,06/30,1609,491,1609,cumulative,EF_Andreafsky_PinkCounts.xlsx,Sheet1,AD18,2014,
2014,EF_Andreafsky,Pink,2014-07-01,07/01,3077,1468,3077,cumulative,EF_Andreafsky_PinkCounts.xlsx,Sheet1,AD19,2014,
2014,EF_Andreafsky,Pink,2014-07-02,07/02,4303,1226,4303,cumulative,EF_Andreafsky_PinkCounts.xlsx,Sheet1,AD20,2014,
2014,EF_Andreafsky,Pink,2014-07-03,07/03,5267,964,5267,cumulative,EF_Andreafsky_PinkCounts.xlsx,Sheet1,AD21,2014,
2014,EF_Andreafsky,Pink,2014-07-04,07/04,6079,812,6079,cumulative,EF_Andreafsky_PinkCounts.xlsx,Sheet1,AD22,2014,
2014,EF_Andreafsky,Pink,2014-07-05,07/05,7547,1468,7547,cumulative,EF_Andreafsky_PinkCounts.xlsx,Sheet1,AD23,2014,
2014,EF_Andreafsky,Pink,2014-07-06,07/06,8494,947,8494,cumulative,EF_Andreafsky_PinkCounts.xlsx,Sheet1,AD24,2014,
2014,EF_Andreafsky,Pink,2014-07-07,07/07,8703,209,8703,cumulative,EF_Andreafsky_PinkCounts.xlsx,Sheet1,AD25,2014,
2014,EF_Andreafsky,Pink,2014-07-08,07/08,10801,2098,10801,cumulative,EF_Andreafsky_PinkCounts.xlsx,Sheet1,AD26,2014,
2014,EF_Andreafsky,Pink,2014-07-09,07/09,12312,1511,12312,cumulative,EF_Andreafsky_PinkCounts.xlsx,Sheet1,AD27,2014,
2014,EF_Andreafsky,Pink,2014-07-10,07/10,14241,1929,14241,cumulative,EF_Andreafsky_PinkCounts.xlsx,Sheet1,AD28,2014,
2014,EF_Andreafsky,Pink,2014-07-11,07/11,17991,3750,17991,cumulative,EF_Andreafsky_PinkCounts.xlsx,Sheet1,AD29,2014,
2014,EF_Andreafsky,Pink,2014-07-12,07/12,21158,3167,21158,cumulative,EF_Andreafsky_PinkCounts.xlsx,Sheet1,AD30,2014,
2014,EF_Andreafsky,Pink,2014-07-13,07/13,27048,5890,27048,cumulative,EF_Andreafsky_PinkCounts.xlsx,Sheet1,AD31,2014,
2014,EF_Andreafsky,Pink,2014-07-14,07/14,30118,3070,30118,cumulative,EF_Andreafsky_PinkCounts.xlsx,Sheet1,AD32,2014,
2014,EF_Andreafsky,Pink,2014-07-15,07/15,34498,4380,34498,cumulative,EF_Andreafsky_PinkCounts.xlsx,Sheet1,AD33,2014,
2014,EF_Andreafsky,Pink,2014-07-16,07/16,37061,2563,37061,cumulative,EF_Andreafsky_PinkCounts.xlsx,Sheet1,AD34,2014,
2014,EF_Andreafsky,Pink,2014-07-17,07/17,39082,2021,39082,cumulative,EF_Andreafsky_PinkCounts.xlsx,Sheet1,AD35,2014,
2014,EF_Andreafsky,Pink,2014-07-18,07/18,43940,4858,43940,cumulative,EF_Andreafsky_PinkCounts.xlsx,Sheet1,AD36,2014,
2014,EF_Andreafsky,Pink,2014-07-19,07/19,44580,640,44580,cumulative,EF_Andreafsky_PinkCounts.xlsx,Sheet1,AD37,2014,
2014,EF_Andreafsky,Pink,2014-07-20,07/20,47051,2471,47051,cumulative,EF_Andreafsky_PinkCounts.xlsx,Sheet1,AD38,2014,
2014,EF_Andreafsky,Pink,2014-07-21,07/21,48476,1425,48476,cumulative,EF_Andreafsky_PinkCounts.xlsx,Sheet1,AD39,2014,
2014,EF_Andreafsky,Pink,2014-07-22,07/22,50189,1713,50189,cumulative,EF_Andreafsky_PinkCounts.xlsx,Sheet1,AD40,2014,
2014,EF_Andreafsky,Pink,2014-07-23,07/23,51580,1391,51580,cumulative,EF_Andreafsky_PinkCounts.xlsx,Sheet1,AD41,2014,
2014,EF_Andreafsky,Pink,2014-07-24,07/24,52860,1280,52860,cumulative,EF_Andreafsky_PinkCounts.xlsx,Sheet1,AD42,2014,
2014,EF_Andreafsky,Pink,2014-07-25,07/25,53632,772,53632,cumulative,EF_Andreafsky_PinkCounts.xlsx,Sheet1,AD43,2014,
2014,EF_Andreafsky,Pink,2014-07-26,07/26,54824,1192,54824,cumulative,EF_Andreafsky_PinkCounts.xlsx,Sheet1,AD44,2014,
2014,EF_Andreafsky,Pink,2014-07-27,07/27,55957,1133,55957,cumulative,EF_Andreafsky_PinkCounts.xlsx,Sheet1,AD45,2014,
2014,EF_Andreafsky,Pink,2014-07-28,07/28,56894,937,56894,cumulative,EF_Andreafsky_PinkCounts.xlsx,Sheet1,AD46,2014,
2014,EF_Andreafsky,Pink,2014-07-29,07/29,57791,897,57791,cumulative,EF_Andreafsky_PinkCounts.xlsx,Sheet1,AD47,2014,
2014,EF_Andreafsky,Pink,2014-07-30,07/30,58191,400,58191,cumulative,EF_Andreafsky_PinkCounts.xlsx,Sheet1,AD48,2014,
2014,EF_Andreafsky,Pink,2014-07-31,07/31,58995,804,58995,cumulative,EF_Andreafsky_PinkCounts.xlsx,Sheet1,AD49,2014,
2014,pilot,Chinook,2014-06-03,06/03,138,138,138,daily,PilotCounts.xlsx,AllChinook,S8,2014,
2014,pilot,Chinook,2014-06-04,06/04,163,163,301,daily,PilotCounts.xlsx,AllChinook,S9,2014,
2014,pilot,Chinook,2014-06-05,06/05,3072,3072,3373,daily,PilotCounts.xlsx,AllChinook,S10,2014,
2014,pilot,Chinook,2014-06-06,06/06,2677,2677,6050,daily,PilotCounts.xlsx,AllChinook,S11,2014,
2014,pilot,Chinook,2014-06-07,06/07,550,550,6600,daily,PilotCounts.xlsx,AllChinook,S12,2014,
2014,pilot,Chinook,2014-06-08,06/08,6017,6017,12617,daily,PilotCounts.xlsx,AllChinook,S13,2014,
2014,pilot,Chinook,2014-06-09,06/09,10454,10454,23071,daily,PilotCounts.xlsx,AllChinook,S14,2014,
2014,pilot,Chinook,2014-06-10,06/10,9367,9367,32438,daily,PilotCounts.xlsx,AllChinook,S15,2014,
2014,pilot,Chinook,2014-06-11,06/11,4143,4143,36581,daily,PilotCounts.xlsx,AllChinook,S16,2014,
2014,pilot,Chinook,2014-06-12,06/12,3133,3133,39714,daily,PilotCounts.xlsx,AllChinook,S17,2014,
2014,pilot,Chinook,2014-06-13,06/13,2722,2722,42436,daily,PilotCounts.xlsx,AllChinook,S18,2014,
2014,pilot,Chinook,2014-06-14,06/14,2800,2800,45236,daily,PilotCounts.xlsx,AllChinook,S19,2014,
2014,pilot,Chinook,2014-06-15,06/15,8322,8322,53558,daily,PilotCounts.xlsx,AllChinook,S20,2014,
2014,pilot,Chinook,2014-06-16,06/16,5753,5753,59311,daily,PilotCounts.xlsx,AllChinook,S21,2014,
2014,pilot,Chinook,2014-06-17,06/17,7727,7727,67038,daily,PilotCounts.xlsx,AllChinook,S22,2014,
2014,pilot,Chinook,2014-06-18,06/18,10877,10877,77915,daily,PilotCounts.xlsx,AllChinook,S23,2014,
2014,pilot,Chinook,2014-06-19,06/19,9067,9067,86982,daily,PilotCounts.xlsx,AllChinook,S24,2014,
2014,pilot,Chinook,2014-06-20,06/20,9248,9248,96230,daily,PilotCounts.xlsx,AllChinook,S25,2014,
2014,pilot,Chinook,2014-06-21,06/21,5103,5103,101333,daily,PilotCounts.xlsx,AllChinook,S26,2014,
2014,pilot,Chinook,2014-06-22,06/22,9223,9223,110556,daily,PilotCounts.xlsx,AllChinook,S27,2014,
2014,pilot,Chinook,2014-06-23,06/23,6956,6956,117512,daily,PilotCounts.xlsx,AllChinook,S28,2014,
2014,pilot,Chinook,2014-06-24,06/24,9870,9870,127382,daily,PilotCounts.xlsx,AllChinook,S29,2014,
2014,pilot,Chinook,2014-06-25,06/25,2281,2281,129663,daily,PilotCounts.xlsx,AllChinook,S30,2014,
2014,pilot,Chinook,2014-06-26,06/26,5684,5684,135347,daily,PilotCounts.xlsx,AllChinook,S31,2014,
2014,pilot,Chinook,2014-06-27,06/27,5995,5995,141342,daily,PilotCounts.xlsx,AllChinook,S32,2014,
2014,pilot,Chinook,2014-06-28,06/28,2073,2073,143415,daily,PilotCounts.xlsx,AllChinook,S33,2014,
2014,pilot,Chinook,2014-06-29,06/29,2686,2686,146101,daily,PilotCounts.xlsx,AllChinook,S34,2014,
2014,pilot,Chinook,2014-06-30,06/30,2525,2525,148626,daily,PilotCounts.xlsx,AllChinook,S35,2014,
2014,pilot,Chinook,2014-07-01,07/01,2531,2531,151157,daily,PilotCounts.xlsx,AllChinook,S36,2014,
2014,pilot,Chinook,2014-07-02,07/02,2191,2191,153348,daily,PilotCounts.xlsx,AllChinook,S37,2014,
2014,pilot,Chinook,2014-07-03,07/03,1321,1321,154669,daily,PilotCounts.xlsx,AllChinook,S38,2014,
2014,pilot,Chinook,2014-07-04,07/04,1018,1018,155687,daily,PilotCounts.xlsx,AllChinook,S39,2014,
2014,pilot,Chinook,2014-07-05,07/05,586,586,156273,daily,PilotCounts.xlsx,AllChinook,S40,2014,
2014,pilot,Chinook,2014-07-06,07/06,621,621,156894,daily,PilotCounts.xlsx,AllChinook,S41,2014,
2014,pilot,Chinook,2014-07-07,07/07,667,667,157561,daily,PilotCounts.xlsx,AllChinook,S42,2014,
2014,pilot,Chinook,2014-07-08,07/08,1031,1031,158592,daily,PilotCounts.xlsx,AllChinook,S43,2014,
2014,pilot,Chinook,2014-07-09,07/09,1675,1675,160267,daily,PilotCounts.xlsx,AllChinook,S44,2014,
2014,pilot,Chinook,2014-07-10,07/10,1147,1147,161414,daily,PilotCounts.xlsx,AllChinook,S45,2014,
2014,pilot,Chinook,2014-07-11,07/11,144,144,161558,daily,PilotCounts.xlsx,AllChinook,S46,2014,
2014,pilot,Chinook,2014-07-12,07/12,244,244,161802,daily,PilotCounts.xlsx,AllChinook,S47,2014,
2014,pilot,Chinook,2014-07-13,07/13,269,269,162071,daily,PilotCounts.xlsx,AllChinook,S48,2014,
2014,pilot,Chinook,2014-07-14,07/14,378,378,162449,daily,PilotCounts.xlsx,AllChinook,S49,2014,
2014,pilot,Chinook,2014-07-15,07/15,130,130,162579,daily,PilotCounts.xlsx,AllChinook,S50,2014,
2014,pilot,Chinook,2014-07-16,07/16,77,77,162656,daily,PilotCounts.xlsx,AllChinook,S51,2014,
2014,pilot,Chinook,2014-07-17,07/17,168,168,162824,daily,PilotCounts.xlsx,AllChinook,S52,2014,
2014,pilot,Chinook,2014-07-18,07/18,0,0,162824,daily,PilotCounts.xlsx,AllChinook,S53,2014,
2014,pilot,Chinook,2014-07-19,07/19,103,103,162927,daily,PilotCounts.xlsx,AllChinook,S54,2014,
2014,pilot,Chinook,2014-07-20,07/20,103,103,163030,daily,PilotCounts.xlsx,AllChinook,S55,2014,
2014,pilot,Chinook,2014-07-21,07/21,0,0,163030,daily,PilotCounts.xlsx,AllChinook,S56,2014,
2014,pilot,Chinook,2014-07-22,07/22,409,409,163439,daily,PilotCounts.xlsx,AllChinook,S57,2014,
2014,pilot,Chinook,2014-07-23,07/23,0,0,163439,daily,PilotCounts.xlsx,AllChinook,S58,2014,
2014,pilot,Chinook,2014-07-24,07/24,0,0,163439,daily,PilotCounts.xlsx,AllChinook,S59,2014,
2014,pilot,Chinook,2014-07-25,07/25,0,0,163439,daily,PilotCounts.xlsx,AllChinook,S60,2014,
2014,pilot,Chinook,2014-07-26,07/26,0,0,163439,daily,PilotCounts.xlsx,AllChinook,S61,2014,
2014,pilot,Chinook,2014-07-27,07/27,0,0,163439,daily,PilotCounts.xlsx,AllChinook,S62,2014,
2014,pilot,Chinook,2014-07-28,07/28,0,0,163439,daily,PilotCounts.xlsx,AllChinook,S63,2014,
2014,pilot,Chinook,2014-07-29,07/29,0,0,163439,daily,PilotCounts.xlsx,AllChinook,S64,2014,
2014,pilot,Chinook,2014-07-30,07/30,0,0,163439,daily,PilotCounts.xlsx,AllChinook,S65,2014,
2014,pilot,Chinook,2014-07-31,07/31,0,0,163439,daily,PilotCounts.xlsx,AllChinook,S66,2014,
2014,pilot,Chinook,2014-08-01,08/01,185,185,163624,daily,PilotCounts.xlsx,AllChinook,S67,2014,
2014,pilot,Chinook,2014-08-02,08/02,0,0,163624,daily,PilotCounts.xlsx,AllChinook,S68,2014,
2014,pilot,Chinook,2014-08-03,08/03,0,0,163624,daily,PilotCounts.xlsx,AllChinook,S69,2014,
2014,pilot,Chinook,2014-08-04,08/04,271,271,163895,daily,PilotCounts.xlsx,AllChinook,S70,2014,
2014,pilot,Chinook,2014-08-05,08/05,0,0,163895,daily,PilotCounts.xlsx,AllChinook,S71,2014,
2014,pilot,Chinook,2014-08-06,08/06,0,0,163895,daily,PilotCounts.xlsx,AllChinook,S72,2014,
2014,pilot,Chinook,2014-08-07,08/07,0,0,163895,daily,PilotCounts.xlsx,AllChinook,S73,2014,
2014,pilot,Chinook,2014-08-08,08/08,0,0,163895,daily,PilotCounts.xlsx,AllChinook,S74,2014,
2014,pilot,Chinook,2014-08-09,08/09,0,0,163895,daily,PilotCounts.xlsx,AllChinook,S75,2014,
2014,pilot,Chinook,2014-08-10,08/10,0,0,163895,daily,PilotCounts.xlsx,AllChinook,S76,2014,
2014,pilot,Chinook,2014-08-11,08/11,0,0,163895,daily,PilotCounts.xlsx,AllChinook,S77,2014,
2014,pilot,Chinook,2014-08-12,08/12,0,0,163895,daily,PilotCounts.xlsx,AllChinook,S78,2014,
2014,pilot,Chinook,2014-08-13,08/13,0,0,163895,daily,PilotCounts.xlsx,AllChinook,S79,2014,
2014,pilot,Chinook,2014-08-14,08/14,0,0,163895,daily,PilotCounts.xlsx,AllChinook,S80,2014,
2014,pilot,Chinook,2014-08-15,08/15,0,0,163895,daily,PilotCounts.xlsx,AllChinook,S81,2014,
2014,pilot,Chinook,2014-08-16,08/16,0,0,163895,daily,PilotCounts.xlsx,AllChinook,S82,2014,
2014,pilot,Chinook,2014-08-17,08/17,0,0,163895,daily,PilotCounts.xlsx,AllChinook,S83,2014,
2014,pilot,Chinook,2014-08-18,08/18,0,0,163895,daily,PilotCounts.xlsx,AllChinook,S84,2014,
2014,pilot,Chinook,2014-08-19,08/19,0,0,163895,daily,PilotCounts.xlsx,AllChinook,S85,2014,
2014,pilot,Chinook,2014-08-20,08/20,0,0,163895,daily,PilotCounts.xlsx,AllChinook,S86,2014,
2014,pilot,Chinook,2014-08-21,08/21,0,0,163895,daily,PilotCounts.xlsx,AllChinook,S87,2014,
2014,pilot,Chinook,2014-08-22,08/22,0,0,163895,daily,PilotCounts.xlsx,AllChinook,S88,2014,
2014,pilot,Chinook,2014-08-23,08/23,0,0,163895,daily,PilotCounts.xlsx,AllChinook,S89,2014,
2014,pilot,Chinook,2014-08-24,08/24,0,0,163895,daily,PilotCounts.xlsx,AllChinook,S90,2014,
2014,pilot,Chinook,2014-08-25,08/25,0,0,163895,daily,PilotCounts.xlsx,AllChinook,S91,2014,
2014,pilot,Chinook,2014-08-26,08/26,0,0,163895,daily,PilotCounts.xlsx,AllChinook,S92,2014,
2014,pilot,Chinook,2014-08-27,08/27,0,0,163895,daily,PilotCounts.xlsx,AllChinook,S93,2014,
2014,pilot,Chinook,2014-08-28,08/28,0,0,163895,daily,PilotCounts.xlsx,AllChinook,S94,2014,
2014,pilot,Chum,2014-06-03,06/03,1750,1750,1750,daily,PilotCounts.xlsx,AllChum,T8,2014,
2014,pilot,Chum,2014-06-04,06/04,2062,2062,3812,daily,PilotCounts.xlsx,AllChum,T9,2014,
2014,pilot,Chum,2014-06-05,06/05,13495,13495,17307,daily,PilotCounts.xlsx,AllChum,T10,2014,
2014,pilot,Chum,2014-06-06,06/06,11652,11652,28959,daily,PilotCounts.xlsx,AllChum,T11,2014,
2014,pilot,Chum,2014-06-07,06/07,9030,9030,37989,daily,PilotCounts.xlsx,AllChum,T12,2014,
2014,pilot,Chum,2014-06-08,06/08,11023,11023,49012,daily,PilotCounts.xlsx,AllChum,T13,2014,
2014,pilot,Chum,2014-06-09,06/09,18754,18754,67766,daily,PilotCounts.xlsx,AllChum,T14,2014,
2014,pilot,Chum,2014-06-10,06/10,89646,89646,157412,daily,PilotCounts.xlsx,AllChum,T15,2014,
2014,pilot,Chum,2014-06-11,06/11,91126,91126,248538,daily,PilotCounts.xlsx,AllChum,T16,2014,
2014,pilot,Chum,2014-06-12,06/12,51470,51470,300008,daily,PilotCounts.xlsx,AllChum,T17,2014,
2014,pilot,Chum,2014-06-13,06/13,31638,31638,331646,daily,PilotCounts.xlsx,AllChum,T18,2014,
2014,pilot,Chum,2014-06-14,06/14,39298,39298,370944,daily,PilotCounts.xlsx,AllChum,T19,2014,
2014,pilot,Chum,2014-06-15,06/15,14563,14563,385507,daily,PilotCounts.xlsx,AllChum,T20,2014,
2014,pilot,Chum,2014-06-16,06/16,19751,19751,405258,daily,PilotCounts.xlsx,AllChum,T21,2014,
2014,pilot,Chum,2014-06-17,06/17,66731,66731,471989,daily,PilotCounts.xlsx,AllChum,T22,2014,
2014,pilot,Chum,2014-06-18,06/18,71305,71305,543294,daily,PilotCounts.xlsx,AllChum,T23,2014,
2014,pilot,Chum,2014-06-19,06/19,75415,75415,618709,daily,PilotCounts.xlsx,AllChum,T24,2014,
2014,pilot,Chum,2014-06-20,06/20,125542,125542,744251,daily,PilotCounts.xlsx,AllChum,T25,2014,
2014,pilot,Chum,2014-06-21,06/21,114254,114254,858505,daily,PilotCounts.xlsx,AllChum,T26,2014,
2014,pilot,Chum,2014-06-22,06/22,102953,102953,961458,daily,PilotCounts.xlsx,AllChum,T27,2014,
2014,pilot,Chum,2014-06-23,06/23,103807,103807,1065265,daily,PilotCounts.xlsx,AllChum,T28,2014,
2014,pilot,Chum,2014-06-24,06/24,84789,84789,1150054,daily,PilotCounts.xlsx,AllChum,T29,2014,
2014,pilot,Chum,2014-06-25,06/25,76869,76869,1226923,daily,PilotCounts.xlsx,AllChum,T30,2014,
2014,pilot,Chum,2014-06-26,06/26,58441,58441,1285364,daily,PilotCounts.xlsx,AllChum,T31,2014,
2014,pilot,Chum,2014-06-27,06/27,51358,51358,1336722,daily,PilotCounts.xlsx,AllChum,T32,2014,
2014,pilot,Chum,2014-06-28,06/28,30938,30938,1367660,daily,PilotCounts.xlsx,AllChum,T33,2014,
2014,pilot,Chum,2014-06-29,06/29,53358,53358,1421018,daily,PilotCounts.xlsx,AllChum,T34,2014,
2014,pilot,Chum,2014-06-30,06/30,64855,64855,1485873,daily,PilotCounts.xlsx,AllChum,T35,2014,
2014,pilot,Chum,2014-07-01,07/01,82870,82870,1568743,daily,PilotCounts.xlsx,AllChum,T36,2014,
2014,pilot,Chum,2014-07-02,07/02,55600,55600,1624343,daily,PilotCounts.xlsx,AllChum,T37,2014,
2014,pilot,Chum,2014-07-03,07/03,29612,29612,1653955,daily,PilotCounts.xlsx,AllChum,T38,2014,
2014,pilot,Chum,2014-07-04,07/04,37492,37492,1691447,daily,PilotCounts.xlsx,AllChum,T39,2014,
2014,pilot,Chum,2014-07-05,07/05,51997,51997,1743444,daily,PilotCounts.xlsx,AllChum,T40,2014,
2014,pilot,Chum,2014-07-06,07/06,54330,54330,1797774,daily,PilotCounts.xlsx,AllChum,T41,2014,
2014,pilot,Chum,2014-07-07,07/07,20497,20497,1818271,daily,PilotCounts.xlsx,AllChum,T42,2014,
2014,pilot,Chum,2014-07-08,07/08,25762,25762,1844033,daily,PilotCounts.xlsx,AllChum,T43,2014,
2014,pilot,Chum,2014-07-09,07/09,25857,25857,1869890,daily,PilotCounts.xlsx,AllChum,T44,2014,
2014,pilot,Chum,2014-07-10,07/10,17161,17161,1887051,daily,PilotCounts.xlsx,AllChum,T45,2014,
2014,pilot,Chum,2014-07-11,07/11,11083,11083,1898134,daily,PilotCounts.xlsx,AllChum,T46,2014,
2014,pilot,Chum,2014-07-12,07/12,11014,11014,1909148,daily,PilotCounts.xlsx,AllChum,T47,2014,
2014,pilot,Chum,2014-07-13,07/13,15008,15008,1924156,daily,PilotCounts.xlsx,AllChum,T48,2014,
2014,pilot,Chum,2014-07-14,07/14,23856,23856,1948012,daily,PilotCounts.xlsx,AllChum,T49,2014,
2014,pilot,Chum,2014-07-15,07/15,22637,22637,1970649,daily,PilotCounts.xlsx,AllChum,T50,2014,
2014,pilot,Chum,2014-07-16,07/16,16274,16274,1986923,daily,PilotCounts.xlsx,AllChum,T51,2014,
2014,pilot,Chum,2014-07-17,07/17,15925,15925,2002848,daily,PilotCounts.xlsx,AllChum,T52,2014,
2014,pilot,Chum,2014-07-18,07/18,17461,17461,2020309,daily,PilotCounts.xlsx,AllChum,T53,2014,
2014,pilot,Chum,2014-07-19,07/19,12256,12256,2032565,daily,PilotCounts.xlsx,AllChum,T54,2014,
2014,pilot,Chum,2014-07-20,07/20,16614,16614,2049179,daily,PilotCounts.xlsx,AllChum,T55,2014,
2014,pilot,Chum,2014-07-21,07/21,16369,16369,2065548,daily,PilotCounts.xlsx,AllChum,T56,2014,
2014,pilot,Chum,2014-07-22,07/22,16154,16154,2081702,daily,PilotCounts.xlsx,AllChum,T57,2014,
2014,pilot,Chum,2014-07-23,07/23,24344,24344,2106046,daily,PilotCounts.xlsx,AllChum,T58,2014,
2014,pilot,Chum,2014-07-24,07/24,11638,11638,2117684,daily,PilotCounts.xlsx,AllChum,T59,2014,
2014,pilot,Chum,2014-07-25,07/25,18126,18126,2135810,daily,PilotCounts.xlsx,AllChum,T60,2014,
2014,pilot,Chum,2014-07-26,07/26,12080,12080,2147890,daily,PilotCounts.xlsx,AllChum,T61,2014,
2014,pilot,Chum,2014-07-27,07/27,7819,7819,2155709,daily,PilotCounts.xlsx,AllChum,T62,2014,
2014,pilot,Chum,2014-07-28,07/28,5973,5973,2161682,daily,PilotCounts.xlsx,AllChum,T63,2014,
2014,pilot,Chum,2014-07-29,07/29,4961,4961,2166643,daily,PilotCounts.xlsx,AllChum,T64,2014,
2014,pilot,Chum,2014-07-30,07/30,3280,3280,2169923,daily,PilotCounts.xlsx,AllChum,T65,2014,
2014,pilot,Chum,2014-07-31,07/31,4246,4246,2174169,daily,PilotCounts.xlsx,AllChum,T66,2014,
2014,pilot,Chum,2014-08-01,08/01,4755,4755,2178924,daily,PilotCounts.xlsx,AllChum,T67,2014,
2014,pilot,Chum,2014-08-02,08/02,1591,1591,2180515,daily,PilotCounts.xlsx,AllChum,T68,2014,
2014,pilot,Chum,2014-08-03,08/03,2333,2333,2182848,daily,PilotCounts.xlsx,AllChum,T69,2014,
2014,pilot,Chum,2014-08-04,08/04,31820,31820,2214668,daily,PilotCounts.xlsx,AllChum,T70,2014,
2014,pilot,Chum,2014-08-05,08/05,28655,28655,2243323,daily,PilotCounts.xlsx,AllChum,T71,2014,
2014,pilot,Chum,2014-08-06,08/06,9039,9039,2252362,daily,PilotCounts.xlsx,AllChum,T72,2014,
2014,pilot,Chum,2014-08-07,08/07,4549,4549,2256911,daily,PilotCounts.xlsx,AllChum,T73,2014,
2014,pilot,Chum,2014-08-08,08/08,3154,3154,2260065,daily,PilotCounts.xlsx,AllChum,T74,2014,
2014,pilot,Chum,2014-08-09,08/09,1272,1272,2261337,daily,PilotCounts.xlsx,AllChum,T75,2014,
2014,pilot,Chum,2014-08-10,08/10,5501,5501,2266838,daily,PilotCounts.xlsx,AllChum,T76,2014,
2014,pilot,Chum,2014-08-11,08/11,5595,5595,2272433,daily,PilotCounts.xlsx,AllChum,T77,2014,
2014,pilot,Chum,2014-08-12,08/12,1899,1899,2274332,daily,PilotCounts.xlsx,AllChum,T78,2014,
2014,pilot,Chum,2014-08-13,08/13,1769,1769,2276101,daily,PilotCounts.xlsx,AllChum,T79,2014,
2014,pilot,Chum,2014-08-14,08/14,1826,1826,2277927,daily,PilotCounts.xlsx,AllChum,T80,2014,
2014,pilot,Chum,2014-08-15,08/15,19337,19337,2297264,daily,PilotCounts.xlsx,AllChum,T81,2014,
2014,pilot,Chum,2014-08-16,08/16,84583,84583,2381847,daily,PilotCounts.xlsx,AllChum,T82,2014,
2014,pilot,Chum,2014-08-17,08/17,11411,11411,2393258,daily,PilotCounts.xlsx,AllChum,T83,2014,
2014,pilot,Chum,2014-08-18,08/18,5803,5803,2399061,daily,PilotCounts.xlsx,AllChum,T84,2014,
2014,pilot,Chum,2014-08-19,08/19,8328,8328,2407389,daily,PilotCounts.xlsx,AllChum,T85,2014,
2014,pilot,Chum,2014-08-20,08/20,130077,130077,2537466,daily,PilotCounts.xlsx,AllChum,T86,2014,
2014,pilot,Chum,2014-08-21,08/21,95508,95508,2632974,daily,PilotCounts.xlsx,AllChum,T87,2014,
2014,pilot,Chum,2014-08-22,08/22,33224,33224,2666198,daily,PilotCounts.xlsx,AllChum,T88,2014,
2014,pilot,Chum,2014-08-23,08/23,4445,4445,2670643,daily,PilotCounts.xlsx,AllChum,T89,2014,
2014,pilot,Chum,2014-08-24,08/24,2280,2280,2672923,daily,PilotCounts.xlsx,AllChum,T90,2014,
2014,pilot,Chum,2014-08-25,08/25,2578,2578,2675501,daily,PilotCounts.xlsx,AllChum,T91,2014,
2014,pilot,Chum,2014-08-26,08/26,2259,2259,2677760,daily,PilotCounts.xlsx,AllChum,T92,2014,
2014,pilot,Chum,2014-08-27,08/27,2916,2916,2680676,daily,PilotCounts.xlsx,AllChum,T93,2014,
2014,pilot,Chum,2014-08-28,08/28,12194,12194,2692870,daily,PilotCounts.xlsx,AllChum,T94,2014,
2014,pilot,Chum,2014-08-29,08/29,12081,12081,2704951,daily,PilotCounts.xlsx,AllChum,T95,2014,
2014,pilot,Chum,2014-08-30,08/30,6421,6421,2711372,daily,PilotCounts.xlsx,AllChum,T96,2014,
2014,pilot,Chum,2014-08-31,08/31,4845,4845,2716217,daily,PilotCounts.xlsx,AllChum,T97,2014,
2014,pilot,Chum,2014-09-01,09/01,3691,3691,2719908,daily,PilotCounts.xlsx,AllChum,T98,2014,
2014,pilot,Chum,2014-09-02,09/02,1917,1917,2721825,daily,PilotCounts.xlsx,AllChum,T99,2014,
2014,pilot,Chum,2014-09-03,09/03,1416,1416,2723241,daily,PilotCounts.xlsx,AllChum,T100,2014,
2014,pilot,Chum,2014-09-04,09/04,1930,1930,2725171,daily,PilotCounts.xlsx,AllChum,T101,2014,
2014,pilot,Chum,2014-09-05,09/05,1135,1135,2726306,daily,PilotCounts.xlsx,AllChum,T102,2014,
2014,pilot,Chum,2014-09-06,09/06,426,426,2726732,daily,PilotCounts.xlsx,AllChum,T103,2014,
2014,pilot,Chum,2014-09-07,09/07,207,207,2726939,daily,PilotCounts.xlsx,AllChum,T104,2014,
2014,pilot,Pink,2014-06-03,06/03,0,,0,cumulative,PilotCounts.xlsx,Pink,T8,2014,
2014,pilot,Pink,2014-06-04,06/04,0,0,0,cumulative,PilotCounts.xlsx,Pink,T9,2014,
2014,pilot,Pink,2014-06-05,06/05,0,0,0,cumulative,PilotCounts.xlsx,Pink,T10,2014,
2014,pilot,Pink,2014-06-06,06/06,0,0,0,cumulative,PilotCounts.xlsx,Pink,T11,2014,
2014,pilot,Pink,2014-06-07,06/07,0,0,0,cumulative,PilotCounts.xlsx,Pink,T12,2014,
2014,pilot,Pink,2014-06-08,06/08,0,0,0,cumulative,PilotCounts.xlsx,Pink,T13,2014,
2014,pilot,Pink,2014-06-09,06/09,0,0,0,cumulative,PilotCounts.xlsx,Pink,T14,2014,
2014,pilot,Pink,2014-06-10,06/10,0,0,0,cumulative,PilotCounts.xlsx,Pink,T15,2014,
2014,pilot,Pink,2014-06-11,06/11,0,0,0,cumulative,PilotCounts.xlsx,Pink,T16,2014,
2014,pilot,Pink,2014-06-12,06/12,0,0,0,cumulative,PilotCounts.xlsx,Pink,T17,2014,
2014,pilot,Pink,2014-06-13,06/13,0,0,0,cumulative,PilotCounts.xlsx,Pink,T18,2014,
2014,pilot,Pink,2014-06-14,06/14,0,0,0,cumulative,PilotCounts.xlsx,Pink,T19,2014,
2014,pilot,Pink,2014-06-15,06/15,0,0,0,cumulative,PilotCounts.xlsx,Pink,T20,2014,
2014,pilot,Pink,2014-06-16,06/16,0,0,0,cumulative,PilotCounts.xlsx,Pink,T21,2014,
2014,pilot,Pink,2014-06-17,06/17,0,0,0,cumulative,PilotCounts.xlsx,Pink,T22,2014,
2014,pilot,Pink,2014-06-18,06/18,1174,1174,1174,cumulative,PilotCounts.xlsx,Pink,T23,2014,
2014,pilot,Pink,2014-06-19,06/19,2770,1596,2770,cumulative,PilotCounts.xlsx,Pink,T24,2014,
2014,pilot,Pink,2014-06-20,06/20,6736,3966,6736,cumulative,PilotCounts.xlsx,Pink,T25,2014,
2014,pilot,Pink,2014-06-21,06/21,8403,1667,8403,cumulative,PilotCounts.xlsx,Pink,T26,2014,
2014,pilot,Pink,2014-06-22,06/22,15462,7059,15462,cumulative,PilotCounts.xlsx,Pink,T27,2014,
2014,pilot,Pink,2014-06-23,06/23,24370,8908,24370,cumulative,PilotCounts.xlsx,Pink,T28,2014,
2014,pilot,Pink,2014-06-24,06/24,28238,3868,28238,cumulative,PilotCounts.xlsx,Pink,T29,2014,
2014,pilot,Pink,2014-06-25,06/25,38279,10041,38279,cumulative,PilotCounts.xlsx,Pink,T30,2014,
2014,pilot,Pink,2014-06-26,06/26,50999,12720,50999,cumulative,PilotCounts.xlsx,Pink,T31,2014,
2014,pilot,Pink,2014-06-27,06/27,56331,5332,56331,cumulative,PilotCounts.xlsx,Pink,T32,2014,
2014,pilot,Pink,2014-06-28,06/28,61340,5009,61340,cumulative,PilotCounts.xlsx,Pink,T33,2014,
2014,pilot,Pink,2014-06-29,06/29,69555,8215,69555,cumulative,PilotCounts.xlsx,Pink,T34,2014,
2014,pilot,Pink,2014-06-30,06/30,85855,16300,85855,cumulative,PilotCounts.xlsx,Pink,T35,2014,
2014,pilot,Pink,2014-07-01,07/01,101118,15263,101118,cumulative,PilotCounts.xlsx,Pink,T36,2014,
2014,pilot,Pink,2014-07-02,07/02,116947,15829,116947,cumulative,PilotCounts.xlsx,Pink,T37,2014,
2014,pilot,Pink,2014-07-03,07/03,127532,10585,127532,cumulative,PilotCounts.xlsx,Pink,T38,2014,
2014,pilot,Pink,2014-07-04,07/04,137110,9578,137110,cumulative,PilotCounts.xlsx,Pink,T39,2014,
2014,pilot,Pink,2014-07-05,07/05,158280,21170,158280,cumulative,PilotCounts.xlsx,Pink,T40,2014,
2014,pilot,Pink,2014-07-06,07/06,180542,22262,180542,cumulative,PilotCounts.xlsx,Pink,T41,2014,
2014,pilot,Pink,2014-07-07,07/07,215974,35432,215974,cumulative,PilotCounts.xlsx,Pink,T42,2014,
2014,pilot,Pink,2014-07-08,07/08,267065,51091,267065,cumulative,PilotCounts.xlsx,Pink,T43,2014,
2014,pilot,Pink,2014-07-09,07/09,327396,60331,327396,cumulative,PilotCounts.xlsx,Pink,T44,2014,
2014,pilot,Pink,2014-07-10,07/10,364353,36957,364353,cumulative,PilotCounts.xlsx,Pink,T45,2014,
2014,pilot,Pink,2014-07-11,07/11,383859,19506,383859,cumulative,PilotCounts.xlsx,Pink,T46,2014,
2014,pilot,Pink,2014-07-12,07/12,401393,17534,401393,cumulative,PilotCounts.xlsx,Pink,T47,2014,
2014,pilot,Pink,2014-07-13,07/13,419221,17828,419221,cumulative,PilotCounts.xlsx,Pink,T48,2014,
2014,pilot,Pink,2014-07-14,07/14,445758,26537,445758,cumulative,PilotCounts.xlsx,Pink,T49,2014,
2014,pilot,Pink,2014-07-15,07/15,466409,20651,466409,cumulative,PilotCounts.xlsx,Pink,T50,2014,
2014,pilot,Pink,2014-07-16,07/16,481546,15137,481546,cumulative,PilotCounts.xlsx,Pink,T51,2014,
2014,pilot,Pink,2014-07-17,07/17,498859,17313,498859,cumulative,PilotCounts.xlsx,Pink,T52,2014,
2014,pilot,Pink,2014-07-18,07/18,516829,17970,516829,cumulative,PilotCounts.xlsx,Pink,T53,2014,
2014,pilot,Pink,2014-07-19,07/19,532750,15921,532750,cumulative,PilotCounts.xlsx,Pink,T54,2014,
2014,pilot,Pink,2014-07-20,07/20,550129,17379,550129,cumulative,PilotCounts.xlsx,Pink,T55,2014,
2014,pilot,Pink,2014-07-21,07/21,565035,14906,565035,cumulative,PilotCounts.xlsx,Pink,T56,2014,
2014,pilot,Pink,2014-07-22,07/22,579531,14496,579531,cumulative,PilotCounts.xlsx,Pink,T57,2014,
2014,pilot,Pink,2014-07-23,07/23,588909,9378,588909,cumulative,PilotCounts.xlsx,Pink,T58,2014,
2014,pilot,Pink,2014-07-24,07/24,606384,17475,606384,cumulative,PilotCounts.xlsx,Pink,T59,2014,
2014,pilot,Pink,2014-07-25,07/25,620813,14429,620813,cumulative,PilotCounts.xlsx,Pink,T60,2014,
2014,pilot,Pink,2014-07-26,07/26,631880,11067,631880,cumulative,PilotCounts.xlsx,Pink,T61,2014,
2014,pilot,Pink,2014-07-27,07/27,639756,7876,639756,cumulative,PilotCounts.xlsx,Pink,T62,2014,
2014,pilot,Pink,2014-07-28,07/28,645204,5448,645204,cumulative,PilotCounts.xlsx,Pink,T63,2014,
2014,pilot,Pink,2014-07-29,07/29,649004,3800,649004,cumulative,PilotCounts.xlsx,Pink,T64,2014,
2014,pilot,Pink,2014-07-30,07/30,653001,3997,653001,cumulative,PilotCounts.xlsx,Pink,T65,2014,
2014,pilot,Pink,2014-07-31,07/31,655791,2790,655791,cumulative,PilotCounts.xlsx,Pink,T66,2014,
2014,pilot,Pink,2014-08-01,08/01,660820,5029,660820,cumulative,PilotCounts.xlsx,Pink,T67,2014,
2014,pilot,Pink,2014-08-02,08/02,665509,4689,665509,cumulative,PilotCounts.xlsx,Pink,T68,2014,
2014,pilot,Pink,2014-08-03,08/03,670255,4746,670255,cumulative,PilotCounts.xlsx,Pink,T69,2014,
2014,pilot,Pink,2014-08-04,08/04,673810,3555,673810,cumulative,PilotCounts.xlsx,Pink,T70,2014,
2014,pilot,Pink,2014-08-05,08/05,673810,0,673810,cumulative,PilotCounts.xlsx,Pink,T71,2014,
2014,pilot,Pink,2014-08-06,08/06,675250,1440,675250,cumulative,PilotCounts.xlsx,Pink,T72,2014,
2014,pilot,Pink,2014-08-07,08/07,677576,2326,677576,cumulative,PilotCounts.xlsx,Pink,T73,2014,
2014,pilot,Pink,2014-08-08,08/08,678509,933,678509,cumulative,PilotCounts.xlsx,Pink,T74,2014,
2014,pilot,Pink,2014-08-09,08/09,679036,527,679036,cumulative,PilotCounts.xlsx,Pink,T75,2014,
2014,pilot,Pink,2014-08-10,08/10,679036,0,679036,cumulative,PilotCounts.xlsx,Pink,T76,2014,
2014,pilot,Pink,2014-08-11,08/11,679126,90,679126,cumulative,PilotCounts.xlsx,Pink,T77,2014,
2014,pilot,Pink,2014-08-12,08/12,679126,0,679126,cumulative,PilotCounts.xlsx,Pink,T78,2014,
2014,pilot,Pink,2014-08-13,08/13,679126,0,679126,cumulative,PilotCounts.xlsx,Pink,T79,2014,
2014,pilot,Pink,2014-08-14,08/14,679126,0,679126,cumulative,PilotCounts.xlsx,Pink,T80,2014,
2014,pilot,Pink,2014-08-15,08/15,679126,0,679126,cumulative,PilotCounts.xlsx,Pink,T81,2014,
2014,pilot,Pink,2014-08-16,08/16,679126,0,679126,cumulative,PilotCounts.xlsx,Pink,T82,2014,
2014,pilot,Pink,2014-08-17,08/17,679126,0,679126,cumulative,PilotCounts.xlsx,Pink,T83,2014,
2014,pilot,Pink,2014-08-18,08/18,679126,0,679126,cumulative,PilotCounts.xlsx,Pink,T84,2014,
2014,pilot,Pink,2014-08-19,08/19,679126,0,679126,cumulative,PilotCounts.xlsx,Pink,T85,2014,
2014,pilot,Pink,2014-08-20,08/20,679126,0,679126,cumulative,PilotCounts.xlsx,Pink,T86,2014,
2014,pilot,Pink,2014-08-21,08/21,679126,0,679126,cumulative,PilotCounts.xlsx,Pink,T87,2014,
2014,pilot,Pink,2014-08-22,08/22,679126,0,679126,cumulative,PilotCounts.xlsx,Pink,T88,2014,
2014,pilot,Pink,2014-08-23,08/23,679126,0,679126,cumulative,PilotCounts.xlsx,Pink,T89,2014,
2014,pilot,Pink,2014-08-24,08/24,679126,0,679126,cumulative,PilotCounts.xlsx,Pink,T90,2014,
2014,pilot,Pink,2014-08-25,08/25,679126,0,679126,cumulative,PilotCounts.xlsx,Pink,T91,2014,
2014,pilot,Pink,2014-08-26,08/26,679126,0,679126,cumulative,PilotCounts.xlsx,Pink,T92,2014,
2014,pilot,Pink,2014-08-27,08/27,679126,0,679126,cumulative,PilotCounts.xlsx,Pink,T93,2014,
2014,pilot,Pink,2014-08-28,08/28,679126,0,679126,cumulative,PilotCounts.xlsx,Pink,T94,2014,
2014,pilot,Pink,2014-08-29,08/29,679126,0,679126,cumulative,PilotCounts.xlsx,Pink,T95,2014,
2014,pilot,Pink,2014-08-30,08/30,679126,0,679126,cumulative,PilotCounts.xlsx,Pink,T96,2014,
2014,pilot,Pink,2014-08-31,08/31,679126,0,679126,cumulative,PilotCounts.xlsx,Pink,T97,2014,
2014,pilot,Pink,2014-09-01,09/01,679126,0,679126,cumulative,PilotCounts.xlsx,Pink,T98,2014,
2014,pilot,Pink,2014-09-02,09/02,679126,0,679126,cumulative,PilotCounts.xlsx,Pink,T99,2014,
2014,pilot,Pink,2014-09-03,09/03,679126,0,679126,cumulative,PilotCounts.xlsx,Pink,T100,2014,
2014,pilot,Pink,2014-09-04,09/04,679126,0,679126,cumulative,PilotCounts.xlsx,Pink,T101,2014,
2014,pilot,Pink,2014-09-05,09/05,679126,0,679126,cumulative,PilotCounts.xlsx,Pink,T102,2014,
2014,pilot,Pink,2014-09-06,09/06,679126,0,679126,cumulative,PilotCounts.xlsx,Pink,T103,2014,
2014,pilot,Pink,2014-09-07,09/07,679126,0,679126,cumulative,PilotCounts.xlsx,Pink,T104,2014,
2015,EF_Andreafsky,Pink,2015-06-17,06/17,0,,0,cumulative,EF_Andreafsky_PinkCounts.xlsx,Sheet1,AE5,2015,
2015,EF_Andreafsky,Pink,2015-06-18,06/18,0,0,0,cumulative,EF_Andreafsky_PinkCounts.xlsx,Sheet1,AE6,2015,
2015,EF_Andreafsky,Pink,2015-06-19,06/19,0,0,0,cumulative,EF_Andreafsky_PinkCounts.xlsx,Sheet1,AE7,2015,
2015,EF_Andreafsky,Pink,2015-06-20,06/20,0,0,0,cumulative,EF_Andreafsky_PinkCounts.xlsx,Sheet1,AE8,2015,
2015,EF_Andreafsky,Pink,2015-06-21,06/21,0,0,0,cumulative,EF_Andreafsky_PinkCounts.xlsx,Sheet1,AE9,2015,
2015,EF_Andreafsky,Pink,2015-06-22,06/22,0,0,0,cumulative,EF_Andreafsky_PinkCounts.xlsx,Sheet1,AE10,2015,
2015,EF_Andreafsky,Pink,2015-06-23,06/23,0,0,0,cumulative,EF_Andreafsky_PinkCounts.xlsx,Sheet1,AE11,2015,
2015,EF_Andreafsky,Pink,2015-06-24,06/24,0,0,0,cumulative,EF_Andreafsky_PinkCounts.xlsx,Sheet1,AE12,2015,
2015,EF_Andreafsky,Pink,2015-06-25,06/25,0,0,0,cumulative,EF_Andreafsky_PinkCounts.xlsx,Sheet1,AE13,2015,
2015,EF_Andreafsky,Pink,2015-06-26,06/26,0,0,0,cumulative,EF_Andreafsky_PinkCounts.xlsx,Sheet1,AE14,2015,
2015,EF_Andreafsky,Pink,2015-06-27,06/27,0,0,0,cumulative,EF_Andreafsky_PinkCounts.xlsx,Sheet1,AE15,2015,
2015,EF_Andreafsky,Pink,2015-06-28,06/28,0,0,0,cumulative,EF_Andreafsky_PinkCounts.xlsx,Sheet1,AE16,2015,
2015,EF_Andreafsky,Pink,2015-06-29,06/29,0,0,0,cumulative,EF_Andreafsky_PinkCounts.xlsx,Sheet1,AE17,2015,
2015,EF_Andreafsky,Pink,2015-06-30,06/30,0,0,0,cumulative,EF_Andreafsky_PinkCounts.xlsx,Sheet1,AE18,2015,
2015,EF_Andreafsky,Pink,2015-07-01,07/01,0,0,0,cumulative,EF_Andreafsky_PinkCounts.xlsx,Sheet1,AE19,2015,
2015,EF_Andreafsky,Pink,2015-07-02,07/02,1,1,1,cumulative,EF_Andreafsky_PinkCounts.xlsx,Sheet1,AE20,2015,
2015,EF_Andreafsky,Pink,2015-07-03,07/03,2,1,2,cumulative,EF_Andreafsky_PinkCounts.xlsx,Sheet1,AE21,2015,
2015,EF_Andreafsky,Pink,2015-07-04,07/04,2,0,2,cumulative,EF_Andreafsky_PinkCounts.xlsx,Sheet1,AE22,2015,
2015,EF_Andreafsky,Pink,2015-07-05,07/05,4,2,4,cumulative,EF_Andreafsky_PinkCounts.xlsx,Sheet1,AE23,2015,
2015,EF_Andreafsky,Pink,2015-07-06,07/06,13,9,13,cumulative,EF_Andreafsky_PinkCounts.xlsx,Sheet1,AE24,2015,
2015,EF_Andreafsky,Pink,2015-07-07,07/07,15,2,15,cumulative,EF_Andreafsky_PinkCounts.xlsx,Sheet1,AE25,2015,
2015,EF_Andreafsky,Pink,2015-07-08,07/08,15,0,15,cumulative,EF_Andreafsky_PinkCounts.xlsx,Sheet1,AE26,2015,
2015,EF_Andreafsky,Pink,2015-07-09,07/09,22,7,22,cumulative,EF_Andreafsky_PinkCounts.xlsx,Sheet1,AE27,2015,
2015,EF_Andreafsky,Pink,2015-07-10,07/10,22,0,22,cumulative,EF_Andreafsky_PinkCounts.xlsx,Sheet1,AE28,2015,
2015,EF_Andreafsky,Pink,2015-07-11,07/11,24,2,24,cumulative,EF_Andreafsky_PinkCounts.xlsx,Sheet1,AE29,2015,
2015,EF_Andreafsky,Pink,2015-07-12,07/12,31,7,31,cumulative,EF_Andreafsky_PinkCounts.xlsx,Sheet1,AE30,2015,
2015,EF_Andreafsky,Pink,2015-07-13,07/13,46,15,46,cumulative,EF_Andreafsky_PinkCounts.xlsx,Sheet1,AE31,2015,
2015,EF_Andreafsky,Pink,2015-07-14,07/14,51,5,51,cumulative,EF_Andreafsky_PinkCounts.xlsx,Sheet1,AE32,2015,
2015,EF_Andreafsky,Pink,2015-07-15,07/15,65,14,65,cumulative,EF_Andreafsky_PinkCounts.xlsx,Sheet1,AE33,2015,
2015,EF_Andreafsky,Pink,2015-07-16,07/16,95,30,95,cumulative,EF_Andreafsky_PinkCounts.xlsx,Sheet1,AE34,2015,
2015,EF_Andreafsky,Pink,2015-07-17,07/17,110,15,110,cumulative,EF_Andreafsky_PinkCounts.xlsx,Sheet1,AE35,2015,
2015,EF_Andreafsky,Pink,2015-07-18,07/18,118,8,118,cumulative,EF_Andreafsky_PinkCounts.xlsx,Sheet1,AE36,2015,
2015,EF_Andreafsky,Pink,2015-07-19,07/19,127,9,127,cumulative,EF_Andreafsky_PinkCounts.xlsx,Sheet1,AE37,2015,
2015,EF_Andreafsky,Pink,2015-07-20,07/20,149,22,149,cumulative,EF_Andreafsky_PinkCounts.xlsx,Sheet1,AE38,2015,
2015,EF_Andreafsky,Pink,2015-07-21,07/21,227,78,227,cumulative,EF_Andreafsky_PinkCounts.xlsx,Sheet1,AE39,2015,
2015,EF_Andreafsky,Pink,2015-07-22,07/22,305,78,305,cumulative,EF_Andreafsky_PinkCounts.xlsx,Sheet1,AE40,2015,
2015,EF_Andreafsky,Pink,2015-07-23,07/23,378,73,378,cumulative,EF_Andreafsky_PinkCounts.xlsx,Sheet1,AE41,2015,
2015,EF_Andreafsky,Pink,2015-07-24,07/24,430,52,430,cumulative,EF_Andreafsky_PinkCounts.xlsx,Sheet1,AE42,2015,
2015,EF_Andreafsky,Pink,2015-07-25,07/25,474,44,474,cumulative,EF_Andreafsky_PinkCounts.xlsx,Sheet1,AE43,2015,
2015,EF_Andreafsky,Pink,2015-07-26,07/26,530,56,530,cumulative,EF_Andreafsky_PinkCounts.xlsx,Sheet1,AE44,2015,
2015,EF_Andreafsky,Pink,2015-07-27,07/27,562,32,562,cumulative,EF_Andreafsky_PinkCounts.xlsx,Sheet1,AE45,2015,
2015,EF_Andreafsky,Pink,2015-07-28,07/28,618,56,618,cumulative,EF_Andreafsky_PinkCounts.xlsx,Sheet1,AE46,2015,
2015,EF_Andreafsky,Pink,2015-07-29,07/29,685,67,685,cumulative,EF_Andreafsky_PinkCounts.xlsx,Sheet1,AE47,2015,
2015,EF_Andreafsky,Pink,2015-07-30,07/30,733,48,733,cumulative,EF_Andreafsky_PinkCounts.xlsx,Sheet1,AE48,2015,
2015,EF_Andreafsky,Pink,2015-07-31,07/31,783,50,783,cumulative,EF_Andreafsky_PinkCounts.xlsx,Sheet1,AE49,2015,
2015,pilot,Chinook,2015-05-30,05/30,0,0,0,daily,PilotCounts.xlsx,AllChinook,T4,2015,
2015,pilot,Chinook,2015-05-31,05/31,123,123,123,daily,PilotCounts.xlsx,AllChinook,T5,2015,
2015,pilot,Chinook,2015-06-01,06/01,278,278,401,daily,PilotCounts.xlsx,AllChinook,T6,2015,
2015,pilot,Chinook,2015-06-02,06/02,256,256,657,daily,PilotCounts.xlsx,AllChinook,T7,2015,
2015,pilot,Chinook,2015-06-03,06/03,151,151,808,daily,PilotCounts.xlsx,AllChinook,T8,2015,
2015,pilot,Chinook,2015-06-04,06/04,314,314,1122,daily,PilotCounts.xlsx,AllChinook,T9,2015,
2015,pilot,Chinook,2015-06-05,06/05,779,779,1901,daily,PilotCounts.xlsx,AllChinook,T10,2015,
2015,pilot,Chinook,2015-06-06,06/06,849,849,2750,daily,PilotCounts.xlsx,AllChinook,T11,2015,
2015,pilot,Chinook,2015-06-07,06/07,1504,1504,4254,daily,PilotCounts.xlsx,AllChinook,T12,2015,
2015,pilot,Chinook,2015-06-08,06/08,1324,1324,5578,daily,PilotCounts.xlsx,AllChinook,T13,2015,
2015,pilot,Chinook,2015-06-09,06/09,1115,1115,6693,daily,PilotCounts.xlsx,AllChinook,T14,2015,
2015,pilot,Chinook,2015-06-10,06/10,1393,1393,8086,daily,PilotCounts.xlsx,AllChinook,T15,2015,
2015,pilot,Chinook,2015-06-11,06/11,953,953,9039,daily,PilotCounts.xlsx,AllChinook,T16,2015,
2015,pilot,Chinook,2015-06-12,06/12,1045,1045,10084,daily,PilotCounts.xlsx,AllChinook,T17,2015,
2015,pilot,Chinook,2015-06-13,06/13,4132,4132,14216,daily,PilotCounts.xlsx,AllChinook,T18,2015,
2015,pilot,Chinook,2015-06-14,06/14,4042,4042,18258,daily,PilotCounts.xlsx,AllChinook,T19,2015,
2015,pilot,Chinook,2015-06-15,06/15,3603,3603,21861,daily,PilotCounts.xlsx,AllChinook,T20,2015,
2015,pilot,Chinook,2015-06-16,06/16,5759,5759,27620,daily,PilotCounts.xlsx,AllChinook,T21,2015,
2015,pilot,Chinook,2015-06-17,06/17,2980,2980,30600,daily,PilotCounts.xlsx,AllChinook,T22,2015,
2015,pilot,Chinook,2015-06-18,06/18,4120,4120,34720,daily,PilotCounts.xlsx,AllChinook,T23,2015,
2015,pilot,Chinook,2015-06-19,06/19,4406,4406,39126,daily,PilotCounts.xlsx,AllChinook,T24,2015,
2015,pilot,Chinook,2015-06-20,06/20,6922,6922,46048,daily,PilotCounts.xlsx,AllChinook,T25,2015,
2015,pilot,Chinook,2015-06-21,06/21,8358,8358,54406,daily,PilotCounts.xlsx,AllChinook,T26,2015,
2015,pilot,Chinook,2015-06-22,06/22,8997,8997,63403,daily,PilotCounts.xlsx,AllChinook,T27,2015,
2015,pilot,Chinook,2015-06-23,06/23,4224,4224,67627,daily,PilotCounts.xlsx,AllChinook,T28,2015,
2015,pilot,Chinook,2015-06-24,06/24,6558,6558,74185,daily,PilotCounts.xlsx,AllChinook,T29,2015,
2015,pilot,Chinook,2015-06-25,06/25,5254,5254,79439,daily,PilotCounts.xlsx,AllChinook,T30,2015,
2015,pilot,Chinook,2015-06-26,06/26,2333,2333,81772,daily,PilotCounts.xlsx,AllChinook,T31,2015,
2015,pilot,Chinook,2015-06-27,06/27,7555,7555,89327,daily,PilotCounts.xlsx,AllChinook,T32,2015,
2015,pilot,Chinook,2015-06-28,06/28,8669,8669,97996,daily,PilotCounts.xlsx,AllChinook,T33,2015,
2015,pilot,Chinook,2015-06-29,06/29,12420,12420,110416,daily,PilotCounts.xlsx,AllChinook,T34,2015,
2015,pilot,Chinook,2015-06-30,06/30,6930,6930,117346,daily,PilotCounts.xlsx,AllChinook,T35,2015,
2015,pilot,Chinook,2015-07-01,07/01,6180,6180,123526,daily,PilotCounts.xlsx,AllChinook,T36,2015,
2015,pilot,Chinook,2015-07-02,07/02,3941,3941,127467,daily,PilotCounts.xlsx,AllChinook,T37,2015,
2015,pilot,Chinook,2015-07-03,07/03,2964,2964,130431,daily,PilotCounts.xlsx,AllChinook,T38,2015,
2015,pilot,Chinook,2015-07-04,07/04,2113,2113,132544,daily,PilotCounts.xlsx,AllChinook,T39,2015,
2015,pilot,Chinook,2015-07-05,07/05,3132,3132,135676,daily,PilotCounts.xlsx,AllChinook,T40,2015,
2015,pilot,Chinook,2015-07-06,07/06,2402,2402,138078,daily,PilotCounts.xlsx,AllChinook,T41,2015,
2015,pilot,Chinook,2015-07-07,07/07,1054,1054,139132,daily,PilotCounts.xlsx,AllChinook,T42,2015,
2015,pilot,Chinook,2015-07-08,07/08,929,929,140061,daily,PilotCounts.xlsx,AllChinook,T43,2015,
2015,pilot,Chinook,2015-07-09,07/09,901,901,140962,daily,PilotCounts.xlsx,AllChinook,T44,2015,
2015,pilot,Chinook,2015-07-10,07/10,1698,1698,142660,daily,PilotCounts.xlsx,AllChinook,T45,2015,
2015,pilot,Chinook,2015-07-11,07/11,574,574,143234,daily,PilotCounts.xlsx,AllChinook,T46,2015,
2015,pilot,Chinook,2015-07-12,07/12,352,352,143586,daily,PilotCounts.xlsx,AllChinook,T47,2015,
2015,pilot,Chinook,2015-07-13,07/13,314,314,143900,daily,PilotCounts.xlsx,AllChinook,T48,2015,
2015,pilot,Chinook,2015-07-14,07/14,376,376,144276,daily,PilotCounts.xlsx,AllChinook,T49,2015,
2015,pilot,Chinook,2015-07-15,07/15,379,379,144655,daily,PilotCounts.xlsx,AllChinook,T50,2015,
2015,pilot,Chinook,2015-07-16,07/16,240,240,144895,daily,PilotCounts.xlsx,AllChinook,T51,2015,
2015,pilot,Chinook,2015-07-17,07/17,618,618,145513,daily,PilotCounts.xlsx,AllChinook,T52,2015,
2015,pilot,Chinook,2015-07-18,07/18,626,626,146139,daily,PilotCounts.xlsx,AllChinook,T53,2015,
2015,pilot,Chinook,2015-07-19,07/19,0,0,146139,daily,PilotCounts.xlsx,AllChinook,T54,2015,
2015,pilot,Chinook,2015-07-20,07/20,0,0,146139,daily,PilotCounts.xlsx,AllChinook,T55,2015,
2015,pilot,Chinook,2015-07-21,07/21,0,0,146139,daily,PilotCounts.xlsx,AllChinook,T56,2015,
2015,pilot,Chinook,2015-07-22,07/22,0,0,146139,daily,PilotCounts.xlsx,AllChinook,T57,2015,
2015,pilot,Chinook,2015-07-23,07/23,0,0,146139,daily,PilotCounts.xlsx,AllChinook,T58,2015,
2015,pilot,Chinook,2015-07-24,07/24,0,0,146139,daily,PilotCounts.xlsx,AllChinook,T59,2015,
2015,pilot,Chinook,2015-07-25,07/25,114,114,146253,daily,PilotCounts.xlsx,AllChinook,T60,2015,
2015,pilot,Chinook,2015-07-26,07/26,185,185,146438,daily,PilotCounts.xlsx,AllChinook,T61,2015,
2015,pilot,Chinook,2015-07-27,07/27,120,120,146558,daily,PilotCounts.xlsx,AllChinook,T62,2015,
2015,pilot,Chinook,2015-07-28,07/28,0,0,146558,daily,PilotCounts.xlsx,AllChinook,T63,2015,
2015,pilot,Chinook,2015-07-29,07/29,0,0,146558,daily,PilotCounts.xlsx,AllChinook,T64,2015,
2015,pilot,Chinook,2015-07-30,07/30,0,0,146558,daily,PilotCounts.xlsx,AllChinook,T65,2015,
2015,pilot,Chinook,2015-07-31,07/31,0,0,146558,daily,PilotCounts.xlsx,AllChinook,T66,2015,
2015,pilot,Chinook,2015-08-01,08/01,0,0,146558,daily,PilotCounts.xlsx,AllChinook,T67,2015,
2015,pilot,Chinook,2015-08-02,08/02,153,153,146711,daily,PilotCounts.xlsx,AllChinook,T68,2015,
2015,pilot,Chinook,2015-08-03,08/03,0,0,146711,daily,PilotCounts.xlsx,AllChinook,T69,2015,
2015,pilot,Chinook,2015-08-04,08/04,0,0,146711,daily,PilotCounts.xlsx,AllChinook,T70,2015,
2015,pilot,Chinook,2015-08-05,08/05,0,0,146711,daily,PilotCounts.xlsx,AllChinook,T71,2015,
2015,pilot,Chinook,2015-08-06,08/06,0,0,146711,daily,PilotCounts.xlsx,AllChinook,T72,2015,
2015,pilot,Chinook,2015-08-07,08/07,0,0,146711,daily,PilotCounts.xlsx,AllChinook,T73,2015,
2015,pilot,Chinook,2015-08-08,08/08,0,0,146711,daily,PilotCounts.xlsx,AllChinook,T74,2015,
2015,pilot,Chinook,2015-08-09,08/09,0,0,146711,daily,PilotCounts.xlsx,AllChinook,T75,2015,
2015,pilot,Chinook,2015-08-10,08/10,0,0,146711,daily,PilotCounts.xlsx,AllChinook,T76,2015,
2015,pilot,Chinook,2015-08-11,08/11,0,0,146711,daily,PilotCounts.xlsx,AllChinook,T77,2015,
2015,pilot,Chinook,2015-08-12,08/12,0,0,146711,daily,PilotCounts.xlsx,AllChinook,T78,2015,
2015,pilot,Chinook,2015-08-13,08/13,0,0,146711,daily,PilotCounts.xlsx,AllChinook,T79,2015,
2015,pilot,Chinook,2015-08-14,08/14,0,0,146711,daily,PilotCounts.xlsx,AllChinook,T80,2015,
2015,pilot,Chinook,2015-08-15,08/15,0,0,146711,daily,PilotCounts.xlsx,AllChinook,T81,2015,
2015,pilot,Chinook,2015-08-16,08/16,0,0,146711,daily,PilotCounts.xlsx,AllChinook,T82,2015,
2015,pilot,Chinook,2015-08-17,08/17,148,148,146859,daily,PilotCounts.xlsx,AllChinook,T83,2015,
2015,pilot,Chinook,2015-08-18,08/18,0,0,146859,daily,PilotCounts.xlsx,AllChinook,T84,2015,
2015,pilot,Chinook,2015-08-19,08/19,0,0,146859,daily,PilotCounts.xlsx,AllChinook,T85,2015,
2015,pilot,Chinook,2015-08-20,08/20,0,0,146859,daily,PilotCounts.xlsx,AllChinook,T86,2015,
2015,pilot,Chinook,2015-08-21,08/21,0,0,146859,daily,PilotCounts.xlsx,AllChinook,T87,2015,
2015,pilot,Chinook,2015-08-22,08/22,0,0,146859,daily,PilotCounts.xlsx,AllChinook,T88,2015,
2015,pilot,Chinook,2015-08-23,08/23,0,0,146859,daily,PilotCounts.xlsx,AllChinook,T89,2015,
2015,pilot,Chinook,2015-08-24,08/24,0,0,146859,daily,PilotCounts.xlsx,AllChinook,T90,2015,
2015,pilot,Chinook,2015-08-25,08/25,0,0,146859,daily,PilotCounts.xlsx,AllChinook,T91,2015,
2015,pilot,Chinook,2015-08-26,08/26,0,0,146859,daily,PilotCounts.xlsx,AllChinook,T92,2015,
2015,pilot,Chinook,2015-08-27,08/27,0,0,146859,daily,PilotCounts.xlsx,AllChinook,T93,2015,
2015,pilot,Chinook,2015-08-28,08/28,0,0,146859,daily,PilotCounts.xlsx,AllChinook,T94,2015,
2015,pilot,Chinook,2015-08-29,08/29,0,0,146859,daily,PilotCounts.xlsx,AllChinook,T95,2015,
2015,pilot,Chinook,2015-08-30,08/30,0,0,146859,daily,PilotCounts.xlsx,AllChinook,T96,2015,
2015,pilot,Chinook,2015-08-31,08/31,0,0,146859,daily,PilotCounts.xlsx,AllChinook,T97,2015,
2015,pilot,Chum,2015-05-30,05/30,95,95,95,daily,PilotCounts.xlsx,AllChum,U4,2015,
2015,pilot,Chum,2015-05-31,05/31,353,353,448,daily,PilotCounts.xlsx,AllChum,U5,2015,
2015,pilot,Chum,2015-06-01,06/01,753,753,1201,daily,PilotCounts.xlsx,AllChum,U6,2015,
2015,pilot,Chum,2015-06-02,06/02,784,784,1985,daily,PilotCounts.xlsx,AllChum,U7,2015,
2015,pilot,Chum,2015-06-03,06/03,2227,2227,4212,daily,PilotCounts.xlsx,AllChum,U8,2015,
2015,pilot,Chum,2015-06-04,06/04,825,825,5037,daily,PilotCounts.xlsx,AllChum,U9,2015,
2015,pilot,Chum,2015-06-05,06/05,1244,1244,6281,daily,PilotCounts.xlsx,AllChum,U10,2015,
2015,pilot,Chum,2015-06-06,06/06,3029,3029,9310,daily,PilotCounts.xlsx,AllChum,U11,2015,
2015,pilot,Chum,2015-06-07,06/07,6004,6004,15314,daily,PilotCounts.xlsx,AllChum,U12,2015,
2015,pilot,Chum,2015-06-08,06/08,13254,13254,28568,daily,PilotCounts.xlsx,AllChum,U13,2015,
2015,pilot,Chum,2015-06-09,06/09,16097,16097,44665,daily,PilotCounts.xlsx,AllChum,U14,2015,
2015,pilot,Chum,2015-06-10,06/10,12424,12424,57089,daily,PilotCounts.xlsx,AllChum,U15,2015,
2015,pilot,Chum,2015-06-11,06/11,16727,16727,73816,daily,PilotCounts.xlsx,AllChum,U16,2015,
2015,pilot,Chum,2015-06-12,06/12,13096,13096,86912,daily,PilotCounts.xlsx,AllChum,U17,2015,
2015,pilot,Chum,2015-06-13,06/13,8755,8755,95667,daily,PilotCounts.xlsx,AllChum,U18,2015,
2015,pilot,Chum,2015-06-14,06/14,20537,20537,116204,daily,PilotCounts.xlsx,AllChum,U19,2015,
2015,pilot,Chum,2015-06-15,06/15,16759,16759,132963,daily,PilotCounts.xlsx,AllChum,U20,2015,
2015,pilot,Chum,2015-06-16,06/16,43937,43937,176900,daily,PilotCounts.xlsx,AllChum,U21,2015,
2015,pilot,Chum,2015-06-17,06/17,53692,53692,230592,daily,PilotCounts.xlsx,AllChum,U22,2015,
2015,pilot,Chum,2015-06-18,06/18,41392,41392,271984,daily,PilotCounts.xlsx,AllChum,U23,2015,
2015,pilot,Chum,2015-06-19,06/19,32658,32658,304642,daily,PilotCounts.xlsx,AllChum,U24,2015,
2015,pilot,Chum,2015-06-20,06/20,46892,46892,351534,daily,PilotCounts.xlsx,AllChum,U25,2015,
2015,pilot,Chum,2015-06-21,06/21,53657,53657,405191,daily,PilotCounts.xlsx,AllChum,U26,2015,
2015,pilot,Chum,2015-06-22,06/22,30005,30005,435196,daily,PilotCounts.xlsx,AllChum,U27,2015,
2015,pilot,Chum,2015-06-23,06/23,16894,16894,452090,daily,PilotCounts.xlsx,AllChum,U28,2015,
2015,pilot,Chum,2015-06-24,06/24,8957,8957,461047,daily,PilotCounts.xlsx,AllChum,U29,2015,
2015,pilot,Chum,2015-06-25,06/25,77451,77451,538498,daily,PilotCounts.xlsx,AllChum,U30,2015,
2015,pilot,Chum,2015-06-26,06/26,44076,44076,582574,daily,PilotCounts.xlsx,AllChum,U31,2015,
2015,pilot,Chum,2015-06-27,06/27,140561,140561,723135,daily,PilotCounts.xlsx,AllChum,U32,2015,
2015,pilot,Chum,2015-06-28,06/28,138314,138314,861449,daily,PilotCounts.xlsx,AllChum,U33,2015,
2015,pilot,Chum,2015-06-29,06/29,134559,134559,996008,daily,PilotCounts.xlsx,AllChum,U34,2015,
2015,pilot,Chum,2015-06-30,06/30,94150,94150,1090158,daily,PilotCounts.xlsx,AllChum,U35,2015,
2015,pilot,Chum,2015-07-01,07/01,41791,41791,1131949,daily,PilotCounts.xlsx,AllChum,U36,2015,
2015,pilot,Chum,2015-07-02,07/02,31459,31459,1163408,daily,PilotCounts.xlsx,AllChum,U37,2015,
2015,pilot,Chum,2015-07-03,07/03,77580,77580,1240988,daily,PilotCounts.xlsx,AllChum,U38,2015,
2015,pilot,Chum,2015-07-04,07/04,63322,63322,1304310,daily,PilotCounts.xlsx,AllChum,U39,2015,
2015,pilot,Chum,2015-07-05,07/05,40897,40897,1345207,daily,PilotCounts.xlsx,AllChum,U40,2015,
2015,pilot,Chum,2015-07-06,07/06,43199,43199,1388406,daily,PilotCounts.xlsx,AllChum,U41,2015,
2015,pilot,Chum,2015-07-07,07/07,21278,21278,1409684,daily,PilotCounts.xlsx,AllChum,U42,2015,
2015,pilot,Chum,2015-07-08,07/08,19803,19803,1429487,daily,PilotCounts.xlsx,AllChum,U43,2015,
2015,pilot,Chum,2015-07-09,07/09,14963,14963,1444450,daily,PilotCounts.xlsx,AllChum,U44,2015,
2015,pilot,Chum,2015-07-10,07/10,24255,24255,1468705,daily,PilotCounts.xlsx,AllChum,U45,2015,
2015,pilot,Chum,2015-07-11,07/11,30411,30411,1499116,daily,PilotCounts.xlsx,AllChum,U46,2015,
2015,pilot,Chum,2015-07-12,07/12,14933,14933,1514049,daily,PilotCounts.xlsx,AllChum,U47,2015,
2015,pilot,Chum,2015-07-13,07/13,20154,20154,1534203,daily,PilotCounts.xlsx,AllChum,U48,2015,
2015,pilot,Chum,2015-07-14,07/14,21151,21151,1555354,daily,PilotCounts.xlsx,AllChum,U49,2015,
2015,pilot,Chum,2015-07-15,07/15,15054,15054,1570408,daily,PilotCounts.xlsx,AllChum,U50,2015,
2015,pilot,Chum,2015-07-16,07/16,10998,10998,1581406,daily,PilotCounts.xlsx,AllChum,U51,2015,
2015,pilot,Chum,2015-07-17,07/17,5144,5144,1586550,daily,PilotCounts.xlsx,AllChum,U52,2015,
2015,pilot,Chum,2015-07-18,07/18,4955,4955,1591505,daily,PilotCounts.xlsx,AllChum,U53,2015,
2015,pilot,Chum,2015-07-19,07/19,11888,11888,1603393,daily,PilotCounts.xlsx,AllChum,U54,2015,
2015,pilot,Chum,2015-07-20,07/20,61921,61921,1665314,daily,PilotCounts.xlsx,AllChum,U55,2015,
2015,pilot,Chum,2015-07-21,07/21,57071,57071,1722385,daily,PilotCounts.xlsx,AllChum,U56,2015,
2015,pilot,Chum,2015-07-22,07/22,22162,22162,1744547,daily,PilotCounts.xlsx,AllChum,U57,2015,
2015,pilot,Chum,2015-07-23,07/23,6686,6686,1751233,daily,PilotCounts.xlsx,AllChum,U58,2015,
2015,pilot,Chum,2015-07-24,07/24,5000,5000,1756233,daily,PilotCounts.xlsx,AllChum,U59,2015,
2015,pilot,Chum,2015-07-25,07/25,5560,5560,1761793,daily,PilotCounts.xlsx,AllChum,U60,2015,
2015,pilot,Chum,2015-07-26,07/26,7009,7009,1768802,daily,PilotCounts.xlsx,AllChum,U61,2015,
2015,pilot,Chum,2015-07-27,07/27,6198,6198,1775000,daily,PilotCounts.xlsx,AllChum,U62,2015,
2015,pilot,Chum,2015-07-28,07/28,4194,4194,1779194,daily,PilotCounts.xlsx,AllChum,U63,2015,
2015,pilot,Chum,2015-07-29,07/29,14796,14796,1793990,daily,PilotCounts.xlsx,AllChum,U64,2015,
2015,pilot,Chum,2015-07-30,07/30,17204,17204,1811194,daily,PilotCounts.xlsx,AllChum,U65,2015,
2015,pilot,Chum,2015-07-31,07/31,18410,18410,1829604,daily,PilotCounts.xlsx,AllChum,U66,2015,
2015,pilot,Chum,2015-08-01,08/01,11261,11261,1840865,daily,PilotCounts.xlsx,AllChum,U67,2015,
2015,pilot,Chum,2015-08-02,08/02,3386,3386,1844251,daily,PilotCounts.xlsx,AllChum,U68,2015,
2015,pilot,Chum,2015-08-03,08/03,5707,5707,1849958,daily,PilotCounts.xlsx,AllChum,U69,2015,
2015,pilot,Chum,2015-08-04,08/04,15969,15969,1865927,daily,PilotCounts.xlsx,AllChum,U70,2015,
2015,pilot,Chum,2015-08-05,08/05,15144,15144,1881071,daily,PilotCounts.xlsx,AllChum,U71,2015,
2015,pilot,Chum,2015-08-06,08/06,13116,13116,1894187,daily,PilotCounts.xlsx,AllChum,U72,2015,
2015,pilot,Chum,2015-08-07,08/07,7038,7038,1901225,daily,PilotCounts.xlsx,AllChum,U73,2015,
2015,pilot,Chum,2015-08-08,08/08,5530,5530,1906755,daily,PilotCounts.xlsx,AllChum,U74,2015,
2015,pilot,Chum,2015-08-09,08/09,4790,4790,1911545,daily,PilotCounts.xlsx,AllChum,U75,2015,
2015,pilot,Chum,2015-08-10,08/10,5130,5130,1916675,daily,PilotCounts.xlsx,AllChum,U76,2015,
2015,pilot,Chum,2015-08-11,08/11,4986,4986,1921661,daily,PilotCounts.xlsx,AllChum,U77,2015,
2015,pilot,Chum,2015-08-12,08/12,17542,17542,1939203,daily,PilotCounts.xlsx,AllChum,U78,2015,
2015,pilot,Chum,2015-08-13,08/13,44230,44230,1983433,daily,PilotCounts.xlsx,AllChum,U79,2015,
2015,pilot,Chum,2015-08-14,08/14,48708,48708,2032141,daily,PilotCounts.xlsx,AllChum,U80,2015,
2015,pilot,Chum,2015-08-15,08/15,27217,27217,2059358,daily,PilotCounts.xlsx,AllChum,U81,2015,
2015,pilot,Chum,2015-08-16,08/16,18801,18801,2078159,daily,PilotCounts.xlsx,AllChum,U82,2015,
2015,pilot,Chum,2015-08-17,08/17,4440,4440,2082599,daily,PilotCounts.xlsx,AllChum,U83,2015,
2015,pilot,Chum,2015-08-18,08/18,3301,3301,2085900,daily,PilotCounts.xlsx,AllChum,U84,2015,
2015,pilot,Chum,2015-08-19,08/19,1375,1375,2087275,daily,PilotCounts.xlsx,AllChum,U85,2015,
2015,pilot,Chum,2015-08-20,08/20,1311,1311,2088586,daily,PilotCounts.xlsx,AllChum,U86,2015,
2015,pilot,Chum,2015-08-21,08/21,31714,31714,2120300,daily,PilotCounts.xlsx,AllChum,U87,2015,
2015,pilot,Chum,2015-08-22,08/22,33210,33210,2153510,daily,PilotCounts.xlsx,AllChum,U88,2015,
2015,pilot,Chum,2015-08-23,08/23,8673,8673,2162183,daily,PilotCounts.xlsx,AllChum,U89,2015,
2015,pilot,Chum,2015-08-24,08/24,7022,7022,2169205,daily,PilotCounts.xlsx,AllChum,U90,2015,
2015,pilot,Chum,2015-08-25,08/25,9766,9766,2178971,daily,PilotCounts.xlsx,AllChum,U91,2015,
2015,pilot,Chum,2015-08-26,08/26,6603,6603,2185574,daily,PilotCounts.xlsx,AllChum,U92,2015,
2015,pilot,Chum,2015-08-27,08/27,19655,19655,2205229,daily,PilotCounts.xlsx,AllChum,U93,2015,
2015,pilot,Chum,2015-08-28,08/28,26466,26466,2231695,daily,PilotCounts.xlsx,AllChum,U94,2015,
2015,pilot,Chum,2015-08-29,08/29,15575,15575,2247270,daily,PilotCounts.xlsx,AllChum,U95,2015,
2015,pilot,Chum,2015-08-30,08/30,8444,8444,2255714,daily,PilotCounts.xlsx,AllChum,U96,2015,
2015,pilot,Chum,2015-08-31,08/31,5274,5274,2260988,daily,PilotCounts.xlsx,AllChum,U97,2015,
2015,pilot,Pink,2015-06-02,06/02,0,,0,cumulative,PilotCounts.xlsx,Pink,U7,2015,
2015,pilot,Pink,2015-06-03,06/03,0,0,0,cumulative,PilotCounts.xlsx,Pink,U8,2015,
2015,pilot,Pink,2015-06-04,06/04,0,0,0,cumulative,PilotCounts.xlsx,Pink,U9,2015,
2015,pilot,Pink,2015-06-05,06/05,0,0,0,cumulative,PilotCounts.xlsx,Pink,U10,2015,
2015,pilot,Pink,2015-06-06,06/06,0,0,0,cumulative,PilotCounts.xlsx,Pink,U11,2015,
2015,pilot,Pink,2015-06-07,06/07,0,0,0,cumulative,PilotCounts.xlsx,Pink,U12,2015,
2015,pilot,Pink,2015-06-08,06/08,0,0,0,cumulative,PilotCounts.xlsx,Pink,U13,2015,
2015,pilot,Pink,2015-06-09,06/09,0,0,0,cumulative,PilotCounts.xlsx,Pink,U14,2015,
2015,pilot,Pink,2015-06-10,06/10,0,0,0,cumulative,PilotCounts.xlsx,Pink,U15,2015,
2015,pilot,Pink,2015-06-11,06/11,0,0,0,cumulative,PilotCounts.xlsx,Pink,U16,2015,
2015,pilot,Pink,2015-06-12,06/12,0,0,0,cumulative,PilotCounts.xlsx,Pink,U17,2015,
2015,pilot,Pink,2015-06-13,06/13,0,0,0,cumulative,PilotCounts.xlsx,Pink,U18,2015,
2015,pilot,Pink,2015-06-14,06/14,0,0,0,cumulative,PilotCounts.xlsx,Pink,U19,2015,
2015,pilot,Pink,2015-06-15,06/15,0,0,0,cumulative,PilotCounts.xlsx,Pink,U20,2015,
2015,pilot,Pink,2015-06-16,06/16,0,0,0,cumulative,PilotCounts.xlsx,Pink,U21,2015,
2015,pilot,Pink,2015-06-17,06/17,0,0,0,cumulative,PilotCounts.xlsx,Pink,U22,2015,
2015,pilot,Pink,2015-06-18,06/18,0,0,0,cumulative,PilotCounts.xlsx,Pink,U23,2015,
2015,pilot,Pink,2015-06-19,06/19,0,0,0,cumulative,PilotCounts.xlsx,Pink,U24,2015,
2015,pilot,Pink,2015-06-20,06/20,0,0,0,cumulative,PilotCounts.xlsx,Pink,U25,2015,
2015,pilot,Pink,2015-06-21,06/21,0,0,0,cumulative,PilotCounts.xlsx,Pink,U26,2015,
2015,pilot,Pink,2015-06-22,06/22,0,0,0,cumulative,PilotCounts.xlsx,Pink,U27,2015,
2015,pilot,Pink,2015-06-23,06/23,0,0,0,cumulative,PilotCounts.xlsx,Pink,U28,2015,
2015,pilot,Pink,2015-06-24,06/24,0,0,0,cumulative,PilotCounts.xlsx,Pink,U29,2015,
2015,pilot,Pink,2015-06-25,06/25,0,0,0,cumulative,PilotCounts.xlsx,Pink,U30,2015,
2015,pilot,Pink,2015-06-26,06/26,0,0,0,cumulative,PilotCounts.xlsx,Pink,U31,2015,
2015,pilot,Pink,2015-06-27,06/27,0,0,0,cumulative,PilotCounts.xlsx,Pink,U32,2015,
2015,pilot,Pink,2015-06-28,06/28,0,0,0,cumulative,PilotCounts.xlsx,Pink,U33,2015,
2015,pilot,Pink,2015-06-29,06/29,0,0,0,cumulative,PilotCounts.xlsx,Pink,U34,2015,
2015,pilot,Pink,2015-06-30,06/30,0,0,0,cumulative,PilotCounts.xlsx,Pink,U35,2015,
2015,pilot,Pink,2015-07-01,07/01,0,0,0,cumulative,PilotCounts.xlsx,Pink,U36,2015,
2015,pilot,Pink,2015-07-02,07/02,0,0,0,cumulative,PilotCounts.xlsx,Pink,U37,2015,
2015,pilot,Pink,2015-07-03,07/03,0,0,0,cumulative,PilotCounts.xlsx,Pink,U38,2015,
2015,pilot,Pink,2015-07-04,07/04,1225,1225,1225,cumulative,PilotCounts.xlsx,Pink,U39,2015,
2015,pilot,Pink,2015-07-05,07/05,1225,0,1225,cumulative,PilotCounts.xlsx,Pink,U40,2015,
2015,pilot,Pink,2015-07-06,07/06,1764,539,1764,cumulative,PilotCounts.xlsx,Pink,U41,2015,
2015,pilot,Pink,2015-07-07,07/07,1764,0,1764,cumulative,PilotCounts.xlsx,Pink,U42,2015,
2015,pilot,Pink,2015-07-08,07/08,1764,0,1764,cumulative,PilotCounts.xlsx,Pink,U43,2015,
2015,pilot,Pink,2015-07-09,07/09,2704,940,2704,cumulative,PilotCounts.xlsx,Pink,U44,2015,
2015,pilot,Pink,2015-07-10,07/10,3813,1109,3813,cumulative,PilotCounts.xlsx,Pink,U45,2015,
2015,pilot,Pink,2015-07-11,07/11,3997,184,3997,cumulative,PilotCounts.xlsx,Pink,U46,2015,
2015,pilot,Pink,2015-07-12,07/12,4110,113,4110,cumulative,PilotCounts.xlsx,Pink,U47,2015,
2015,pilot,Pink,2015-07-13,07/13,4799,689,4799,cumulative,PilotCounts.xlsx,Pink,U48,2015,
2015,pilot,Pink,2015-07-14,07/14,5510,711,5510,cumulative,PilotCounts.xlsx,Pink,U49,2015,
2015,pilot,Pink,2015-07-15,07/15,5757,247,5757,cumulative,PilotCounts.xlsx,Pink,U50,2015,
2015,pilot,Pink,2015-07-16,07/16,5975,218,5975,cumulative,PilotCounts.xlsx,Pink,U51,2015,
2015,pilot,Pink,2015-07-17,07/17,6927,952,6927,cumulative,PilotCounts.xlsx,Pink,U52,2015,
2015,pilot,Pink,2015-07-18,07/18,7853,926,7853,cumulative,PilotCounts.xlsx,Pink,U53,2015,
2015,pilot,Pink,2015-07-19,07/19,9267,1414,9267,cumulative,PilotCounts.xlsx,Pink,U54,2015,
2015,pilot,Pink,2015-07-20,07/20,9532,265,9532,cumulative,PilotCounts.xlsx,Pink,U55,2015,
2015,pilot,Pink,2015-07-21,07/21,10791,1259,10791,cumulative,PilotCounts.xlsx,Pink,U56,2015,
2015,pilot,Pink,2015-07-22,07/22,11268,477,11268,cumulative,PilotCounts.xlsx,Pink,U57,2015,
2015,pilot,Pink,2015-07-23,07/23,11268,0,11268,cumulative,PilotCounts.xlsx,Pink,U58,2015,
2015,pilot,Pink,2015-07-24,07/24,11687,419,11687,cumulative,PilotCounts.xlsx,Pink,U59,2015,
2015,pilot,Pink,2015-07-25,07/25,12949,1262,12949,cumulative,PilotCounts.xlsx,Pink,U60,2015,
2015,pilot,Pink,2015-07-26,07/26,14024,1075,14024,cumulative,PilotCounts.xlsx,Pink,U61,2015,
2015,pilot,Pink,2015-07-27,07/27,15195,1171,15195,cumulative,PilotCounts.xlsx,Pink,U62,2015,
2015,pilot,Pink,2015-07-28,07/28,17923,2728,17923,cumulative,PilotCounts.xlsx,Pink,U63,2015,
2015,pilot,Pink,2015-07-29,07/29,18761,838,18761,cumulative,PilotCounts.xlsx,Pink,U64,2015,
2015,pilot,Pink,2015-07-30,07/30,19616,855,19616,cumulative,PilotCounts.xlsx,Pink,U65,2015,
2015,pilot,Pink,2015-07-31,07/31,22994,3378,22994,cumulative,PilotCounts.xlsx,Pink,U66,2015,
2015,pilot,Pink,2015-08-01,08/01,25168,2174,25168,cumulative,PilotCounts.xlsx,Pink,U67,2015,
2015,pilot,Pink,2015-08-02,08/02,27770,2602,27770,cumulative,PilotCounts.xlsx,Pink,U68,2015,
2015,pilot,Pink,2015-08-03,08/03,31318,3548,31318,cumulative,PilotCounts.xlsx,Pink,U69,2015,
2015,pilot,Pink,2015-08-04,08/04,33686,2368,33686,cumulative,PilotCounts.xlsx,Pink,U70,2015,
2015,pilot,Pink,2015-08-05,08/05,36113,2427,36113,cumulative,PilotCounts.xlsx,Pink,U71,2015,
2015,pilot,Pink,2015-08-06,08/06,36821,708,36821,cumulative,PilotCounts.xlsx,Pink,U72,2015,
2015,pilot,Pink,2015-08-07,08/07,36821,0,36821,cumulative,PilotCounts.xlsx,Pink,U73,2015,
2015,pilot,Pink,2015-08-08,08/08,37244,423,37244,cumulative,PilotCounts.xlsx,Pink,U74,2015,
2015,pilot,Pink,2015-08-09,08/09,37564,320,37564,cumulative,PilotCounts.xlsx,Pink,U75,2015,
2015,pilot,Pink,2015-08-10,08/10,37564,0,37564,cumulative,PilotCounts.xlsx,Pink,U76,2015,
2015,pilot,Pink,2015-08-11,08/11,38329,765,38329,cumulative,PilotCounts.xlsx,Pink,U77,2015,
2015,pilot,Pink,2015-08-12,08/12,38329,0,38329,cumulative,PilotCounts.xlsx,Pink,U78,2015,
2015,pilot,Pink,2015-08-13,08/13,38329,0,38329,cumulative,PilotCounts.xlsx,Pink,U79,2015,
2015,pilot,Pink,2015-08-14,08/14,38627,298,38627,cumulative,PilotCounts.xlsx,Pink,U80,2015,
2015,pilot,Pink,2015-08-15,08/15,38627,0,38627,cumulative,PilotCounts.xlsx,Pink,U81,2015,
2015,pilot,Pink,2015-08-16,08/16,38627,0,38627,cumulative,PilotCounts.xlsx,Pink,U82,2015,
2015,pilot,Pink,2015-08-17,08/17,38753,126,38753,cumulative,PilotCounts.xlsx,Pink,U83,2015,
2015,pilot,Pink,2015-08-18,08/18,38753,0,38753,cumulative,PilotCounts.xlsx,Pink,U84,2015,
2015,pilot,Pink,2015-08-19,08/19,39056,303,39056,cumulative,PilotCounts.xlsx,Pink,U85,2015,
2015,pilot,Pink,2015-08-20,08/20,39323,267,39323,cumulative,PilotCounts.xlsx,Pink,U86,2015,
2015,pilot,Pink,2015-08-21,08/21,39323,0,39323,cumulative,PilotCounts.xlsx,Pink,U87,2015,
2015,pilot,Pink,2015-08-22,08/22,39323,0,39323,cumulative,PilotCounts.xlsx,Pink,U88,2015,
2015,pilot,Pink,2015-08-23,08/23,39323,0,39323,cumulative,PilotCounts.xlsx,Pink,U89,2015,
2015,pilot,Pink,2015-08-24,08/24,39323,0,39323,cumulative,PilotCounts.xlsx,Pink,U90,2015,
2015,pilot,Pink,2015-08-25,08/25,39323,0,39323,cumulative,PilotCounts.xlsx,Pink,U91,2015,
2015,pilot,Pink,2015-08-26,08/26,39323,0,39323,cumulative,PilotCounts.xlsx,Pink,U92,2015,
2015,pilot,Pink,2015-08-27,08/27,39457,134,39457,cumulative,PilotCounts.xlsx,Pink,U93,2015,
2015,pilot,Pink,2015-08-28,08/28,39690,233,39690,cumulative,PilotCounts.xlsx,Pink,U94,2015,
2015,pilot,Pink,2015-08-29,08/29,39690,0,39690,cumulative,PilotCounts.xlsx,Pink,U95,2015,
2015,pilot,Pink,2015-08-30,08/30,39690,0,39690,cumulative,PilotCounts.xlsx,Pink,U96,2015,
2015,pilot,Pink,2015-08-31,08/31,39690,0,39690,cumulative,PilotCounts.xlsx,Pink,U97,2015,
2016,Anvik,Pink,2016-06-16,06/16,0,,0,cumulative,Anvik_PinkCounts.xlsx,Sheet1,AR4,2016,
2016,Anvik,Pink,2016-06-17,06/17,0,0,0,cumulative,Anvik_PinkCounts.xlsx,Sheet1,AR5,2016,
2016,Anvik,Pink,2016-06-18,06/18,0,0,0,cumulative,Anvik_PinkCounts.xlsx,Sheet1,AR6,2016,
2016,Anvik,Pink,2016-06-19,06/19,0,0,0,cumulative,Anvik_PinkCounts.xlsx,Sheet1,AR7,2016,
2016,Anvik,Pink,2016-06-20,06/20,0,0,0,cumulative,Anvik_PinkCounts.xlsx,Sheet1,AR8,2016,
2016,Anvik,Pink,2016-06-21,06/21,0,0,0,cumulative,Anvik_PinkCounts.xlsx,Sheet1,AR9,2016,
2016,Anvik,Pink,2016-06-22,06/22,0,0,0,cumulative,Anvik_PinkCounts.xlsx,Sheet1,AR10,2016,
2016,Anvik,Pink,2016-06-23,06/23,0,0,0,cumulative,Anvik_PinkCounts.xlsx,Sheet1,AR11,2016,
2016,Anvik,Pink,2016-06-24,06/24,0,0,0,cumulative,Anvik_PinkCounts.xlsx,Sheet1,AR12,2016,
2016,Anvik,Pink,2016-06-25,06/25,0,0,0,cumulative,Anvik_PinkCounts.xlsx,Sheet1,AR13,2016,
2016,Anvik,Pink,2016-06-26,06/26,37,37,37,cumulative,Anvik_PinkCounts.xlsx,Sheet1,AR14,2016,
2016,Anvik,Pink,2016-06-27,06/27,64,27,64,cumulative,Anvik_PinkCounts.xlsx,Sheet1,AR15,2016,
2016,Anvik,Pink,2016-06-28,06/28,105,41,105,cumulative,Anvik_PinkCounts.xlsx,Sheet1,AR16,2016,
2016,Anvik,Pink,2016-06-29,06/29,283,178,283,cumulative,Anvik_PinkCounts.xlsx,Sheet1,AR17,2016,
2016,Anvik,Pink,2016-06-30,06/30,336,53,336,cumulative,Anvik_PinkCounts.xlsx,Sheet1,AR18,2016,
2016,Anvik,Pink,2016-07-01,07/01,502,166,502,cumulative,Anvik_PinkCounts.xlsx,Sheet1,AR19,2016,
2016,Anvik,Pink,2016-07-02,07/02,972,470,972,cumulative,Anvik_PinkCounts.xlsx,Sheet1,AR20,2016,
2016,Anvik,Pink,2016-07-03,07/03,1331,359,1331,cumulative,Anvik_PinkCounts.xlsx,Sheet1,AR21,2016,
2016,Anvik,Pink,2016-07-04,07/04,2251,920,2251,cumulative,Anvik_PinkCounts.xlsx,Sheet1,AR22,2016,
2016,Anvik,Pink,2016-07-05,07/05,4170,1919,4170,cumulative,Anvik_PinkCounts.xlsx,Sheet1,AR23,2016,
2016,Anvik,Pink,2016-07-06,07/06,6696,2526,6696,cumulative,Anvik_PinkCounts.xlsx,Sheet1,AR24,2016,
2016,Anvik,Pink,2016-07-07,07/07,12376,5680,12376,cumulative,Anvik_PinkCounts.xlsx,Sheet1,AR25,2016,
2016,Anvik,Pink,2016-07-08,07/08,19330,6954,19330,cumulative,Anvik_PinkCounts.xlsx,Sheet1,AR26,2016,
2016,Anvik,Pink,2016-07-09,07/09,28427,9097,28427,cumulative,Anvik_PinkCounts.xlsx,Sheet1,AR27,2016,
2016,Anvik,Pink,2016-07-10,07/10,45164,16737,45164,cumulative,Anvik_PinkCounts.xlsx,Sheet1,AR28,2016,
2016,Anvik,Pink,2016-07-11,07/11,64955,19791,64955,cumulative,Anvik_PinkCounts.xlsx,Sheet1,AR29,2016,
2016,Anvik,Pink,2016-07-12,07/12,87601,22646,87601,cumulative,Anvik_PinkCounts.xlsx,Sheet1,AR30,2016,
2016,Anvik,Pink,2016-07-13,07/13,130251,42650,130251,cumulative,Anvik_PinkCounts.xlsx,Sheet1,AR31,2016,
2016,Anvik,Pink,2016-07-14,07/14,167324,37073,167324,cumulative,Anvik_PinkCounts.xlsx,Sheet1,AR32,2016,
2016,Anvik,Pink,2016-07-15,07/15,199329,32005,199329,cumulative,Anvik_PinkCounts.xlsx,Sheet1,AR33,2016,
2016,Anvik,Pink,2016-07-16,07/16,220987,21658,220987,cumulative,Anvik_PinkCounts.xlsx,Sheet1,AR34,2016,
2016,Anvik,Pink,2016-07-17,07/17,247875,26888,247875,cumulative,Anvik_PinkCounts.xlsx,Sheet1,AR35,2016,
2016,Anvik,Pink,2016-07-18,07/18,279123,31248,279123,cumulative,Anvik_PinkCounts.xlsx,Sheet1,AR36,2016,
2016,Anvik,Pink,2016-07-19,07/19,306416,27293,306416,cumulative,Anvik_PinkCounts.xlsx,Sheet1,AR37,2016,
2016,Anvik,Pink,2016-07-20,07/20,326496,20080,326496,cumulative,Anvik_PinkCounts.xlsx,Sheet1,AR38,2016,
2016,Anvik,Pink,2016-07-21,07/21,356156,29660,356156,cumulative,Anvik_PinkCounts.xlsx,Sheet1,AR39,2016,
2016,Anvik,Pink,2016-07-22,07/22,403287,47131,403287,cumulative,Anvik_PinkCounts.xlsx,Sheet1,AR40,2016,
2016,Anvik,Pink,2016-07-23,07/23,445859,42572,445859,cumulative,Anvik_PinkCounts.xlsx,Sheet1,AR41,2016,
2016,Anvik,Pink,2016-07-24,07/24,502710,56851,502710,cumulative,Anvik_PinkCounts.xlsx,Sheet1,AR42,2016,
2016,Anvik,Pink,2016-07-25,07/25,579331,76621,579331,cumulative,Anvik_PinkCounts.xlsx,Sheet1,AR43,2016,
2016,Anvik,Pink,2016-07-26,07/26,670654,91323,670654,cumulative,Anvik_PinkCounts.xlsx,Sheet1,AR44,2016,
2016,EF_Andreafsky,Pink,2016-06-20,06/20,0,,0,cumulative,EF_Andreafsky_PinkCounts.xlsx,Sheet1,AF8,2016,
2016,EF_Andreafsky,Pink,2016-06-21,06/21,0,0,0,cumulative,EF_Andreafsky_PinkCounts.xlsx,Sheet1,AF9,2016,
2016,EF_Andreafsky,Pink,2016-06-22,06/22,4,4,4,cumulative,EF_Andreafsky_PinkCounts.xlsx,Sheet1,AF10,2016,
2016,EF_Andreafsky,Pink,2016-06-23,06/23,9,5,9,cumulative,EF_Andreafsky_PinkCounts.xlsx,Sheet1,AF11,2016,
2016,EF_Andreafsky,Pink,2016-06-24,06/24,13,4,13,cumulative,EF_Andreafsky_PinkCounts.xlsx,Sheet1,AF12,2016,
2016,EF_Andreafsky,Pink,2016-06-25,06/25,27,14,27,cumulative,EF_Andreafsky_PinkCounts.xlsx,Sheet1,AF13,2016,
2016,EF_Andreafsky,Pink,2016-06-26,06/26,72,45,72,cumulative,EF_Andreafsky_PinkCounts.xlsx,Sheet1,AF14,2016,
2016,EF_Andreafsky,Pink,2016-06-27,06/27,151,79,151,cumulative,EF_Andreafsky_PinkCounts.xlsx,Sheet1,AF15,2016,
2016,EF_Andreafsky,Pink,2016-06-28,06/28,231,80,231,cumulative,EF_Andreafsky_PinkCounts.xlsx,Sheet1,AF16,2016,
2016,EF_Andreafsky,Pink,2016-06-29,06/29,364,133,364,cumulative,EF_Andreafsky_PinkCounts.xlsx,Sheet1,AF17,2016,
2016,EF_Andreafsky,Pink,2016-06-30,06/30,457,93,457,cumulative,EF_Andreafsky_PinkCounts.xlsx,Sheet1,AF18,2016,
2016,EF_Andreafsky,Pink,2016-07-01,07/01,941,484,941,cumulative,EF_Andreafsky_PinkCounts.xlsx,Sheet1,AF19,2016,
2016,EF_Andreafsky,Pink,2016-07-02,07/02,1920,979,1920,cumulative,EF_Andreafsky_PinkCounts.xlsx,Sheet1,AF20,2016,
2016,EF_Andreafsky,Pink,2016-07-03,07/03,2751,831,2751,cumulative,EF_Andreafsky_PinkCounts.xlsx,Sheet1,AF21,2016,
2016,EF_Andreafsky,Pink,2016-07-04,07/04,4576,1825,4576,cumulative,EF_Andreafsky_PinkCounts.xlsx,Sheet1,AF22,2016,
2016,EF_Andreafsky,Pink,2016-07-05,07/05,7976,3400,7976,cumulative,EF_Andreafsky_PinkCounts.xlsx,Sheet1,AF23,2016,
2016,EF_Andreafsky,Pink,2016-07-06,07/06,11337,3361,11337,cumulative,EF_Andreafsky_PinkCounts.xlsx,Sheet1,AF24,2016,
2016,EF_Andreafsky,Pink,2016-07-07,07/07,16106,4769,16106,cumulative,EF_Andreafsky_PinkCounts.xlsx,Sheet1,AF25,2016,
2016,EF_Andreafsky,Pink,2016-07-08,07/08,20283,4177,20283,cumulative,EF_Andreafsky_PinkCounts.xlsx,Sheet1,AF26,2016,
2016,EF_Andreafsky,Pink,2016-07-09,07/09,25486,5203,25486,cumulative,EF_Andreafsky_PinkCounts.xlsx,Sheet1,AF27,2016,
2016,EF_Andreafsky,Pink,2016-07-10,07/10,27948,2462,27948,cumulative,EF_Andreafsky_PinkCounts.xlsx,Sheet1,AF28,2016,
2016,EF_Andreafsky,Pink,2016-07-11,07/11,38951,11003,38951,cumulative,EF_Andreafsky_PinkCounts.xlsx,Sheet1,AF29,2016,
2016,EF_Andreafsky,Pink,2016-07-12,07/12,54539,15588,54539,cumulative,EF_Andreafsky_PinkCounts.xlsx,Sheet1,AF30,2016,
2016,EF_Andreafsky,Pink,2016-07-13,07/13,71638,17099,71638,cumulative,EF_Andreafsky_PinkCounts.xlsx,Sheet1,AF31,2016,
2016,EF_Andreafsky,Pink,2016-07-14,07/14,91192,19554,91192,cumulative,EF_Andreafsky_PinkCounts.xlsx,Sheet1,AF32,2016,
2016,EF_Andreafsky,Pink,2016-07-15,07/15,114792,23600,114792,cumulative,EF_Andreafsky_PinkCounts.xlsx,Sheet1,AF33,2016,
2016,EF_Andreafsky,Pink,2016-07-16,07/16,145875,31083,145875,cumulative,EF_Andreafsky_PinkCounts.xlsx,Sheet1,AF34,2016,
2016,EF_Andreafsky,Pink,2016-07-17,07/17,162840,16965,162840,cumulative,EF_Andreafsky_PinkCounts.xlsx,Sheet1,AF35,2016,
2016,EF_Andreafsky,Pink,2016-07-18,07/18,171847,9007,171847,cumulative,EF_Andreafsky_PinkCounts.xlsx,Sheet1,AF36,2016,
2016,EF_Andreafsky,Pink,2016-07-19,07/19,186629,14782,186629,cumulative,EF_Andreafsky_PinkCounts.xlsx,Sheet1,AF37,2016,
2016,EF_Andreafsky,Pink,2016-07-20,07/20,211867,25238,211867,cumulative,EF_Andreafsky_PinkCounts.xlsx,Sheet1,AF38,2016,
2016,EF_Andreafsky,Pink,2016-07-21,07/21,220877,9010,220877,cumulative,EF_Andreafsky_PinkCounts.xlsx,Sheet1,AF39,2016,
2016,EF_Andreafsky,Pink,2016-07-22,07/22,234280,13403,234280,cumulative,EF_Andreafsky_PinkCounts.xlsx,Sheet1,AF40,2016,
2016,EF_Andreafsky,Pink,2016-07-23,07/23,248794,14514,248794,cumulative,EF_Andreafsky_PinkCounts.xlsx,Sheet1,AF41,2016,
2016,EF_Andreafsky,Pink,2016-07-24,07/24,254517,5723,254517,cumulative,EF_Andreafsky_PinkCounts.xlsx,Sheet1,AF42,2016,
2016,EF_Andreafsky,Pink,2016-07-25,07/25,254517,0,254517,cumulative,EF_Andreafsky_PinkCounts.xlsx,Sheet1,AF43,2016,
2016,EF_Andreafsky,Pink,2016-07-26,07/26,254517,0,254517,cumulative,EF_Andreafsky_PinkCounts.xlsx,Sheet1,AF44,2016,
2016,EF_Andreafsky,Pink,2016-07-27,07/27,254517,0,254517,cumulative,EF_Andreafsky_PinkCounts.xlsx,Sheet1,AF45,2016,
2016,EF_Andreafsky,Pink,2016-07-28,07/28,254517,0,254517,cumulative,EF_Andreafsky_PinkCounts.xlsx,Sheet1,AF46,2016,
2016,EF_Andreafsky,Pink,2016-07-29,07/29,254517,0,254517,cumulative,EF_Andreafsky_PinkCounts.xlsx,Sheet1,AF47,2016,
2016,EF_Andreafsky,Pink,2016-07-30,07/30,254517,0,254517,cumulative,EF_Andreafsky_PinkCounts.xlsx,Sheet1,AF48,2016,
2016,EF_Andreafsky,Pink,2016-07-31,07/31,254517,0,254517,cumulative,EF_Andreafsky_PinkCounts.xlsx,Sheet1,AF49,2016,
2016,pilot,Chinook,2016-05-30,05/30,0,0,0,daily,PilotCounts.xlsx,AllChinook,U4,2016,
2016,pilot,Chinook,2016-05-31,05/31,0,0,0,daily,PilotCounts.xlsx,AllChinook,U5,2016,
2016,pilot,Chinook,2016-06-01,06/01,723,723,723,daily,PilotCounts.xlsx,AllChinook,U6,2016,
2016,pilot,Chinook,2016-06-02,06/02,1201,1201,1924,daily,PilotCounts.xlsx,AllChinook,U7,2016,
2016,pilot,Chinook,2016-06-03,06/03,2696,2696,4620,daily,PilotCounts.xlsx,AllChinook,U8,2016,
2016,pilot,Chinook,2016-06-04,06/04,1130,1130,5750,daily,PilotCounts.xlsx,AllChinook,U9,2016,
2016,pilot,Chinook,2016-06-05,06/05,986,986,6736,daily,PilotCounts.xlsx,AllChinook,U10,2016,
2016,pilot,Chinook,2016-06-06,06/06,2121,2121,8857,daily,PilotCounts.xlsx,AllChinook,U11,2016,
2016,pilot,Chinook,2016-06-07,06/07,1342,1342,10199,daily,PilotCounts.xlsx,AllChinook,U12,2016,
2016,pilot,Chinook,2016-06-08,06/08,1164,1164,11363,daily,PilotCounts.xlsx,AllChinook,U13,2016,
2016,pilot,Chinook,2016-06-09,06/09,2389,2389,13752,daily,PilotCounts.xlsx,AllChinook,U14,2016,
2016,pilot,Chinook,2016-06-10,06/10,1287,1287,15039,daily,PilotCounts.xlsx,AllChinook,U15,2016,
2016,pilot,Chinook,2016-06-11,06/11,4632,4632,19671,daily,PilotCounts.xlsx,AllChinook,U16,2016,
2016,pilot,Chinook,2016-06-12,06/12,4700,4700,24371,daily,PilotCounts.xlsx,AllChinook,U17,2016,
2016,pilot,Chinook,2016-06-13,06/13,8617,8617,32988,daily,PilotCounts.xlsx,AllChinook,U18,2016,
2016,pilot,Chinook,2016-06-14,06/14,4523,4523,37511,daily,PilotCounts.xlsx,AllChinook,U19,2016,
2016,pilot,Chinook,2016-06-15,06/15,14709,14709,52220,daily,PilotCounts.xlsx,AllChinook,U20,2016,
2016,pilot,Chinook,2016-06-16,06/16,10929,10929,63149,daily,PilotCounts.xlsx,AllChinook,U21,2016,
2016,pilot,Chinook,2016-06-17,06/17,7377,7377,70526,daily,PilotCounts.xlsx,AllChinook,U22,2016,
2016,pilot,Chinook,2016-06-18,06/18,2871,2871,73397,daily,PilotCounts.xlsx,AllChinook,U23,2016,
2016,pilot,Chinook,2016-06-19,06/19,3740,3740,77137,daily,PilotCounts.xlsx,AllChinook,U24,2016,
2016,pilot,Chinook,2016-06-20,06/20,6024,6024,83161,daily,PilotCounts.xlsx,AllChinook,U25,2016,
2016,pilot,Chinook,2016-06-21,06/21,8382,8382,91543,daily,PilotCounts.xlsx,AllChinook,U26,2016,
2016,pilot,Chinook,2016-06-22,06/22,9898,9898,101441,daily,PilotCounts.xlsx,AllChinook,U27,2016,
2016,pilot,Chinook,2016-06-23,06/23,8001,8001,109442,daily,PilotCounts.xlsx,AllChinook,U28,2016,
2016,pilot,Chinook,2016-06-24,06/24,9080,9080,118522,daily,PilotCounts.xlsx,AllChinook,U29,2016,
2016,pilot,Chinook,2016-06-25,06/25,5611,5611,124133,daily,PilotCounts.xlsx,AllChinook,U30,2016,
2016,pilot,Chinook,2016-06-26,06/26,2741,2741,126874,daily,PilotCounts.xlsx,AllChinook,U31,2016,
2016,pilot,Chinook,2016-06-27,06/27,7441,7441,134315,daily,PilotCounts.xlsx,AllChinook,U32,2016,
2016,pilot,Chinook,2016-06-28,06/28,4288,4288,138603,daily,PilotCounts.xlsx,AllChinook,U33,2016,
2016,pilot,Chinook,2016-06-29,06/29,2591,2591,141194,daily,PilotCounts.xlsx,AllChinook,U34,2016,
2016,pilot,Chinook,2016-06-30,06/30,3443,3443,144637,daily,PilotCounts.xlsx,AllChinook,U35,2016,
2016,pilot,Chinook,2016-07-01,07/01,5718,5718,150355,daily,PilotCounts.xlsx,AllChinook,U36,2016,
2016,pilot,Chinook,2016-07-02,07/02,2984,2984,153339,daily,PilotCounts.xlsx,AllChinook,U37,2016,
2016,pilot,Chinook,2016-07-03,07/03,2798,2798,156137,daily,PilotCounts.xlsx,AllChinook,U38,2016,
2016,pilot,Chinook,2016-07-04,07/04,2010,2010,158147,daily,PilotCounts.xlsx,AllChinook,U39,2016,
2016,pilot,Chinook,2016-07-05,07/05,2646,2646,160793,daily,PilotCounts.xlsx,AllChinook,U40,2016,
2016,pilot,Chinook,2016-07-06,07/06,3450,3450,164243,daily,PilotCounts.xlsx,AllChinook,U41,2016,
2016,pilot,Chinook,2016-07-07,07/07,1550,1550,165793,daily,PilotCounts.xlsx,AllChinook,U42,2016,
2016,pilot,Chinook,2016-07-08,07/08,1568,1568,167361,daily,PilotCounts.xlsx,AllChinook,U43,2016,
2016,pilot,Chinook,2016-07-09,07/09,699,699,168060,daily,PilotCounts.xlsx,AllChinook,U44,2016,
2016,pilot,Chinook,2016-07-10,07/10,1256,1256,169316,daily,PilotCounts.xlsx,AllChinook,U45,2016,
2016,pilot,Chinook,2016-07-11,07/11,837,837,170153,daily,PilotCounts.xlsx,AllChinook,U46,2016,
2016,pilot,Chinook,2016-07-12,07/12,1182,1182,171335,daily,PilotCounts.xlsx,AllChinook,U47,2016,
2016,pilot,Chinook,2016-07-13,07/13,1338,1338,172673,daily,PilotCounts.xlsx,AllChinook,U48,2016,
2016,pilot,Chinook,2016-07-14,07/14,1201,1201,173874,daily,PilotCounts.xlsx,AllChinook,U49,2016,
2016,pilot,Chinook,2016-07-15,07/15,1273,1273,175147,daily,PilotCounts.xlsx,AllChinook,U50,2016,
2016,pilot,Chinook,2016-07-16,07/16,227,227,175374,daily,PilotCounts.xlsx,AllChinook,U51,2016,
2016,pilot,Chinook,2016-07-17,07/17,231,231,175605,daily,PilotCounts.xlsx,AllChinook,U52,2016,
2016,pilot,Chinook,2016-07-18,07/18,291,291,175896,daily,PilotCounts.xlsx,AllChinook,U53,2016,
2016,pilot,Chinook,2016-07-19,07/19,72,72,175968,daily,PilotCounts.xlsx,AllChinook,U54,2016,
2016,pilot,Chinook,2016-07-20,07/20,158,158,176126,daily,PilotCounts.xlsx,AllChinook,U55,2016,
2016,pilot,Chinook,2016-07-21,07/21,0,0,176126,daily,PilotCounts.xlsx,AllChinook,U56,2016,
2016,pilot,Chinook,2016-07-22,07/22,0,0,176126,daily,PilotCounts.xlsx,AllChinook,U57,2016,
2016,pilot,Chinook,2016-07-23,07/23,0,0,176126,daily,PilotCounts.xlsx,AllChinook,U58,2016,
2016,pilot,Chinook,2016-07-24,07/24,0,0,176126,daily,PilotCounts.xlsx,AllChinook,U59,2016,
2016,pilot,Chinook,2016-07-25,07/25,0,0,176126,daily,PilotCounts.xlsx,AllChinook,U60,2016,
2016,pilot,Chinook,2016-07-26,07/26,0,0,176126,daily,PilotCounts.xlsx,AllChinook,U61,2016,
2016,pilot,Chinook,2016-07-27,07/27,0,0,176126,daily,PilotCounts.xlsx,AllChinook,U62,2016,
2016,pilot,Chinook,2016-07-28,07/28,0,0,176126,daily,PilotCounts.xlsx,AllChinook,U63,2016,
2016,pilot,Chinook,2016-07-29,07/29,0,0,176126,daily,PilotCounts.xlsx,AllChinook,U64,2016,
2016,pilot,Chinook,2016-07-30,07/30,0,0,176126,daily,PilotCounts.xlsx,AllChinook,U65,2016,
2016,pilot,Chinook,2016-07-31,07/31,0,0,176126,daily,PilotCounts.xlsx,AllChinook,U66,2016,
2016,pilot,Chinook,2016-08-01,08/01,0,0,176126,daily,PilotCounts.xlsx,AllChinook,U67,2016,
2016,pilot,Chinook,2016-08-02,08/02,0,0,176126,daily,PilotCounts.xlsx,AllChinook,U68,2016,
2016,pilot,Chinook,2016-08-03,08/03,0,0,176126,daily,PilotCounts.xlsx,AllChinook,U69,2016,
2016,pilot,Chinook,2016-08-04,08/04,0,0,176126,daily,PilotCounts.xlsx,AllChinook,U70,2016,
2016,pilot,Chinook,2016-08-05,08/05,0,0,176126,daily,PilotCounts.xlsx,AllChinook,U71,2016,
2016,pilot,Chinook,2016-08-06,08/06,0,0,176126,daily,PilotCounts.xlsx,AllChinook,U72,2016,
2016,pilot,Chinook,2016-08-07,08/07,0,0,176126,daily,PilotCounts.xlsx,AllChinook,U73,2016,
2016,pilot,Chinook,2016-08-08,08/08,0,0,176126,daily,PilotCounts.xlsx,AllChinook,U74,2016,
2016,pilot,Chinook,2016-08-09,08/09,0,0,176126,daily,PilotCounts.xlsx,AllChinook,U75,2016,
2016,pilot,Chinook,2016-08-10,08/10,0,0,176126,daily,PilotCounts.xlsx,AllChinook,U76,2016,
2016,pilot,Chinook,2016-08-11,08/11,183,183,176309,daily,PilotCounts.xlsx,AllChinook,U77,2016,
2016,pilot,Chinook,2016-08-12,08/12,58,58,176367,daily,PilotCounts.xlsx,AllChinook,U78,2016,
2016,pilot,Chinook,2016-08-13,08/13,92,92,176459,daily,PilotCounts.xlsx,AllChinook,U79,2016,
2016,pilot,Chinook,2016-08-14,08/14,0,0,176459,daily,PilotCounts.xlsx,AllChinook,U80,2016,
2016,pilot,Chinook,2016-08-15,08/15,0,0,176459,daily,PilotCounts.xlsx,AllChinook,U81,2016,
2016,pilot,Chinook,2016-08-16,08/16,0,0,176459,daily,PilotCounts.xlsx,AllChinook,U82,2016,
2016,pilot,Chinook,2016-08-17,08/17,0,0,176459,daily,PilotCounts.xlsx,AllChinook,U83,2016,
2016,pilot,Chinook,2016-08-18,08/18,0,0,176459,daily,PilotCounts.xlsx,AllChinook,U84,2016,
2016,pilot,Chinook,2016-08-19,08/19,0,0,176459,daily,PilotCounts.xlsx,AllChinook,U85,2016,
2016,pilot,Chinook,2016-08-20,08/20,0,0,176459,daily,PilotCounts.xlsx,AllChinook,U86,2016,
2016,pilot,Chinook,2016-08-21,08/21,0,0,176459,daily,PilotCounts.xlsx,AllChinook,U87,2016,
2016,pilot,Chinook,2016-08-22,08/22,0,0,176459,daily,PilotCounts.xlsx,AllChinook,U88,2016,
2016,pilot,Chinook,2016-08-23,08/23,0,0,176459,daily,PilotCounts.xlsx,AllChinook,U89,2016,
2016,pilot,Chinook,2016-08-24,08/24,439,439,176898,daily,PilotCounts.xlsx,AllChinook,U90,2016,
2016,pilot,Chinook,2016-08-25,08/25,0,0,176898,daily,PilotCounts.xlsx,AllChinook,U91,2016,
2016,pilot,Chinook,2016-08-26,08/26,0,0,176898,daily,PilotCounts.xlsx,AllChinook,U92,2016,
2016,pilot,Chinook,2016-08-27,08/27,0,0,176898,daily,PilotCounts.xlsx,AllChinook,U93,2016,
2016,pilot,Chinook,2016-08-28,08/28,0,0,176898,daily,PilotCounts.xlsx,AllChinook,U94,2016,
2016,pilot,Chinook,2016-08-29,08/29,0,0,176898,daily,PilotCounts.xlsx,AllChinook,U95,2016,
2016,pilot,Chinook,2016-08-30,08/30,0,0,176898,daily,PilotCounts.xlsx,AllChinook,U96,2016,
2016,pilot,Chinook,2016-08-31,08/31,0,0,176898,daily,PilotCounts.xlsx,AllChinook,U97,2016,
2016,pilot,Chum,2016-05-30,05/30,251,251,251,daily,PilotCounts.xlsx,AllChum,V4,2016,
2016,pilot,Chum,2016-05-31,05/31,373,373,624,daily,PilotCounts.xlsx,AllChum,V5,2016,
2016,pilot,Chum,2016-06-01,06/01,1744,1744,2368,daily,PilotCounts.xlsx,AllChum,V6,2016,
2016,pilot,Chum,2016-06-02,06/02,1913,1913,4281,daily,PilotCounts.xlsx,AllChum,V7,2016,
2016,pilot,Chum,2016-06-03,06/03,6662,6662,10943,daily,PilotCounts.xlsx,AllChum,V8,2016,
2016,pilot,Chum,2016-06-04,06/04,8644,8644,19587,daily,PilotCounts.xlsx,AllChum,V9,2016,
2016,pilot,Chum,2016-06-05,06/05,16664,16664,36251,daily,PilotCounts.xlsx,AllChum,V10,2016,
2016,pilot,Chum,2016-06-06,06/06,18803,18803,55054,daily,PilotCounts.xlsx,AllChum,V11,2016,
2016,pilot,Chum,2016-06-07,06/07,22653,22653,77707,daily,PilotCounts.xlsx,AllChum,V12,2016,
2016,pilot,Chum,2016-06-08,06/08,11601,11601,89308,daily,PilotCounts.xlsx,AllChum,V13,2016,
2016,pilot,Chum,2016-06-09,06/09,7999,7999,97307,daily,PilotCounts.xlsx,AllChum,V14,2016,
2016,pilot,Chum,2016-06-10,06/10,10071,10071,107378,daily,PilotCounts.xlsx,AllChum,V15,2016,
2016,pilot,Chum,2016-06-11,06/11,6813,6813,114191,daily,PilotCounts.xlsx,AllChum,V16,2016,
2016,pilot,Chum,2016-06-12,06/12,25020,25020,139211,daily,PilotCounts.xlsx,AllChum,V17,2016,
2016,pilot,Chum,2016-06-13,06/13,55122,55122,194333,daily,PilotCounts.xlsx,AllChum,V18,2016,
2016,pilot,Chum,2016-06-14,06/14,34556,34556,228889,daily,PilotCounts.xlsx,AllChum,V19,2016,
2016,pilot,Chum,2016-06-15,06/15,72932,72932,301821,daily,PilotCounts.xlsx,AllChum,V20,2016,
2016,pilot,Chum,2016-06-16,06/16,108967,108967,410788,daily,PilotCounts.xlsx,AllChum,V21,2016,
2016,pilot,Chum,2016-06-17,06/17,78474,78474,489262,daily,PilotCounts.xlsx,AllChum,V22,2016,
2016,pilot,Chum,2016-06-18,06/18,45536,45536,534798,daily,PilotCounts.xlsx,AllChum,V23,2016,
2016,pilot,Chum,2016-06-19,06/19,20982,20982,555780,daily,PilotCounts.xlsx,AllChum,V24,2016,
2016,pilot,Chum,2016-06-20,06/20,54806,54806,610586,daily,PilotCounts.xlsx,AllChum,V25,2016,
2016,pilot,Chum,2016-06-21,06/21,115336,115336,725922,daily,PilotCounts.xlsx,AllChum,V26,2016,
2016,pilot,Chum,2016-06-22,06/22,73640,73640,799562,daily,PilotCounts.xlsx,AllChum,V27,2016,
2016,pilot,Chum,2016-06-23,06/23,71299,71299,870861,daily,PilotCounts.xlsx,AllChum,V28,2016,
2016,pilot,Chum,2016-06-24,06/24,96668,96668,967529,daily,PilotCounts.xlsx,AllChum,V29,2016,
2016,pilot,Chum,2016-06-25,06/25,69174,69174,1036703,daily,PilotCounts.xlsx,AllChum,V30,2016,
2016,pilot,Chum,2016-06-26,06/26,22065,22065,1058768,daily,PilotCounts.xlsx,AllChum,V31,2016,
2016,pilot,Chum,2016-06-27,06/27,20913,20913,1079681,daily,PilotCounts.xlsx,AllChum,V32,2016,
2016,pilot,Chum,2016-06-28,06/28,80949,80949,1160630,daily,PilotCounts.xlsx,AllChum,V33,2016,
2016,pilot,Chum,2016-06-29,06/29,45940,45940,1206570,daily,PilotCounts.xlsx,AllChum,V34,2016,
2016,pilot,Chum,2016-06-30,06/30,12864,12864,1219434,daily,PilotCounts.xlsx,AllChum,V35,2016,
2016,pilot,Chum,2016-07-01,07/01,21397,21397,1240831,daily,PilotCounts.xlsx,AllChum,V36,2016,
2016,pilot,Chum,2016-07-02,07/02,51820,51820,1292651,daily,PilotCounts.xlsx,AllChum,V37,2016,
2016,pilot,Chum,2016-07-03,07/03,39892,39892,1332543,daily,PilotCounts.xlsx,AllChum,V38,2016,
2016,pilot,Chum,2016-07-04,07/04,91875,91875,1424418,daily,PilotCounts.xlsx,AllChum,V39,2016,
2016,pilot,Chum,2016-07-05,07/05,115250,115250,1539668,daily,PilotCounts.xlsx,AllChum,V40,2016,
2016,pilot,Chum,2016-07-06,07/06,72575,72575,1612243,daily,PilotCounts.xlsx,AllChum,V41,2016,
2016,pilot,Chum,2016-07-07,07/07,34165,34165,1646408,daily,PilotCounts.xlsx,AllChum,V42,2016,
2016,pilot,Chum,2016-07-08,07/08,13333,13333,1659741,daily,PilotCounts.xlsx,AllChum,V43,2016,
2016,pilot,Chum,2016-07-09,07/09,18877,18877,1678618,daily,PilotCounts.xlsx,AllChum,V44,2016,
2016,pilot,Chum,2016-07-10,07/10,37713,37713,1716331,daily,PilotCounts.xlsx,AllChum,V45,2016,
2016,pilot,Chum,2016-07-11,07/11,17642,17642,1733973,daily,PilotCounts.xlsx,AllChum,V46,2016,
2016,pilot,Chum,2016-07-12,07/12,25117,25117,1759090,daily,PilotCounts.xlsx,AllChum,V47,2016,
2016,pilot,Chum,2016-07-13,07/13,67918,67918,1827008,daily,PilotCounts.xlsx,AllChum,V48,2016,
2016,pilot,Chum,2016-07-14,07/14,51605,51605,1878613,daily,PilotCounts.xlsx,AllChum,V49,2016,
2016,pilot,Chum,2016-07-15,07/15,16217,16217,1894830,daily,PilotCounts.xlsx,AllChum,V50,2016,
2016,pilot,Chum,2016-07-16,07/16,11122,11122,1905952,daily,PilotCounts.xlsx,AllChum,V51,2016,
2016,pilot,Chum,2016-07-17,07/17,14211,14211,1920163,daily,PilotCounts.xlsx,AllChum,V52,2016,
2016,pilot,Chum,2016-07-18,07/18,1585,1585,1921748,daily,PilotCounts.xlsx,AllChum,V53,2016,
2016,pilot,Chum,2016-07-19,07/19,36612,36612,1958360,daily,PilotCounts.xlsx,AllChum,V54,2016,
2016,pilot,Chum,2016-07-20,07/20,57077,57077,2015437,daily,PilotCounts.xlsx,AllChum,V55,2016,
2016,pilot,Chum,2016-07-21,07/21,76285,76285,2091722,daily,PilotCounts.xlsx,AllChum,V56,2016,
2016,pilot,Chum,2016-07-22,07/22,70337,70337,2162059,daily,PilotCounts.xlsx,AllChum,V57,2016,
2016,pilot,Chum,2016-07-23,07/23,33851,33851,2195910,daily,PilotCounts.xlsx,AllChum,V58,2016,
2016,pilot,Chum,2016-07-24,07/24,22347,22347,2218257,daily,PilotCounts.xlsx,AllChum,V59,2016,
2016,pilot,Chum,2016-07-25,07/25,17220,17220,2235477,daily,PilotCounts.xlsx,AllChum,V60,2016,
2016,pilot,Chum,2016-07-26,07/26,20652,20652,2256129,daily,PilotCounts.xlsx,AllChum,V61,2016,
2016,pilot,Chum,2016-07-27,07/27,17029,17029,2273158,daily,PilotCounts.xlsx,AllChum,V62,2016,
2016,pilot,Chum,2016-07-28,07/28,10853,10853,2284011,daily,PilotCounts.xlsx,AllChum,V63,2016,
2016,pilot,Chum,2016-07-29,07/29,3743,3743,2287754,daily,PilotCounts.xlsx,AllChum,V64,2016,
2016,pilot,Chum,2016-07-30,07/30,1497,1497,2289251,daily,PilotCounts.xlsx,AllChum,V65,2016,
2016,pilot,Chum,2016-07-31,07/31,2384,2384,2291635,daily,PilotCounts.xlsx,AllChum,V66,2016,
2016,pilot,Chum,2016-08-01,08/01,8081,8081,2299716,daily,PilotCounts.xlsx,AllChum,V67,2016,
2016,pilot,Chum,2016-08-02,08/02,19832,19832,2319548,daily,PilotCounts.xlsx,AllChum,V68,2016,
2016,pilot,Chum,2016-08-03,08/03,17580,17580,2337128,daily,PilotCounts.xlsx,AllChum,V69,2016,
2016,pilot,Chum,2016-08-04,08/04,16585,16585,2353713,daily,PilotCounts.xlsx,AllChum,V70,2016,
2016,pilot,Chum,2016-08-05,08/05,10514,10514,2364227,daily,PilotCounts.xlsx,AllChum,V71,2016,
2016,pilot,Chum,2016-08-06,08/06,5274,5274,2369501,daily,PilotCounts.xlsx,AllChum,V72,2016,
2016,pilot,Chum,2016-08-07,08/07,2823,2823,2372324,daily,PilotCounts.xlsx,AllChum,V73,2016,
2016,pilot,Chum,2016-08-08,08/08,4240,4240,2376564,daily,PilotCounts.xlsx,AllChum,V74,2016,
2016,pilot,Chum,2016-08-09,08/09,5242,5242,2381806,daily,PilotCounts.xlsx,AllChum,V75,2016,
2016,pilot,Chum,2016-08-10,08/10,3862,3862,2385668,daily,PilotCounts.xlsx,AllChum,V76,2016,
2016,pilot,Chum,2016-08-11,08/11,1708,1708,2387376,daily,PilotCounts.xlsx,AllChum,V77,2016,
2016,pilot,Chum,2016-08-12,08/12,4624,4624,2392000,daily,PilotCounts.xlsx,AllChum,V78,2016,
2016,pilot,Chum,2016-08-13,08/13,7646,7646,2399646,daily,PilotCounts.xlsx,AllChum,V79,2016,
2016,pilot,Chum,2016-08-14,08/14,15563,15563,2415209,daily,PilotCounts.xlsx,AllChum,V80,2016,
2016,pilot,Chum,2016-08-15,08/15,23385,23385,2438594,daily,PilotCounts.xlsx,AllChum,V81,2016,
2016,pilot,Chum,2016-08-16,08/16,29986,29986,2468580,daily,PilotCounts.xlsx,AllChum,V82,2016,
2016,pilot,Chum,2016-08-17,08/17,58800,58800,2527380,daily,PilotCounts.xlsx,AllChum,V83,2016,
2016,pilot,Chum,2016-08-18,08/18,92202,92202,2619582,daily,PilotCounts.xlsx,AllChum,V84,2016,
2016,pilot,Chum,2016-08-19,08/19,82501,82501,2702083,daily,PilotCounts.xlsx,AllChum,V85,2016,
2016,pilot,Chum,2016-08-20,08/20,36839,36839,2738922,daily,PilotCounts.xlsx,AllChum,V86,2016,
2016,pilot,Chum,2016-08-21,08/21,15666,15666,2754588,daily,PilotCounts.xlsx,AllChum,V87,2016,
2016,pilot,Chum,2016-08-22,08/22,17165,17165,2771753,daily,PilotCounts.xlsx,AllChum,V88,2016,
2016,pilot,Chum,2016-08-23,08/23,43383,43383,2815136,daily,PilotCounts.xlsx,AllChum,V89,2016,
2016,pilot,Chum,2016-08-24,08/24,31810,31810,2846946,daily,PilotCounts.xlsx,AllChum,V90,2016,
2016,pilot,Chum,2016-08-25,08/25,11652,11652,2858598,daily,PilotCounts.xlsx,AllChum,V91,2016,
2016,pilot,Chum,2016-08-26,08/26,22452,22452,2881050,daily,PilotCounts.xlsx,AllChum,V92,2016,
2016,pilot,Chum,2016-08-27,08/27,16787,16787,2897837,daily,PilotCounts.xlsx,AllChum,V93,2016,
2016,pilot,Chum,2016-08-28,08/28,10286,10286,2908123,daily,PilotCounts.xlsx,AllChum,V94,2016,
2016,pilot,Chum,2016-08-29,08/29,3128,3128,2911251,daily,PilotCounts.xlsx,AllChum,V95,2016,
2016,pilot,Chum,2016-08-30,08/30,2834,2834,2914085,daily,PilotCounts.xlsx,AllChum,V96,2016,
2016,pilot,Chum,2016-08-31,08/31,2423,2423,2916508,daily,PilotCounts.xlsx,AllChum,V97,2016,
2016,pilot,Pink,2016-06-02,06/02,0,,0,cumulative,PilotCounts.xlsx,Pink,V7,2016,
2016,pilot,Pink,2016-06-03,06/03,0,0,0,cumulative,PilotCounts.xlsx,Pink,V8,2016,
2016,pilot,Pink,2016-06-04,06/04,0,0,0,cumulative,PilotCounts.xlsx,Pink,V9,2016,
2016,pilot,Pink,2016-06-05,06/05,0,0,0,cumulative,PilotCounts.xlsx,Pink,V10,2016,
2016,pilot,Pink,2016-06-06,06/06,0,0,0,cumulative,PilotCounts.xlsx,Pink,V11,2016,
2016,pilot,Pink,2016-06-07,06/07,0,0,0,cumulative,PilotCounts.xlsx,Pink,V12,2016,
2016,pilot,Pink,2016-06-08,06/08,0,0,0,cumulative,PilotCounts.xlsx,Pink,V13,2016,
2016,pilot,Pink,2016-06-09,06/09,0,0,0,cumulative,PilotCounts.xlsx,Pink,V14,2016,
2016,pilot,Pink,2016-06-10,06/10,0,0,0,cumulative,PilotCounts.xlsx,Pink,V15,2016,
2016,pilot,Pink,2016-06-11,06/11,0,0,0,cumulative,PilotCounts.xlsx,Pink,V16,2016,
2016,pilot,Pink,2016-06-12,06/12,0,0,0,cumulative,PilotCounts.xlsx,Pink,V17,2016,
2016,pilot,Pink,2016-06-13,06/13,0,0,0,cumulative,PilotCounts.xlsx,Pink,V18,2016,
2016,pilot,Pink,2016-06-14,06/14,0,0,0,cumulative,PilotCounts.xlsx,Pink,V19,2016,
2016,pilot,Pink,2016-06-15,06/15,0,0,0,cumulative,PilotCounts.xlsx,Pink,V20,2016,
2016,pilot,Pink,2016-06-16,06/16,0,0,0,cumulative,PilotCounts.xlsx,Pink,V21,2016,
2016,pilot,Pink,2016-06-17,06/17,0,0,0,cumulative,PilotCounts.xlsx,Pink,V22,2016,
2016,pilot,Pink,2016-06-18,06/18,0,0,0,cumulative,PilotCounts.xlsx,Pink,V23,2016,
2016,pilot,Pink,2016-06-19,06/19,0,0,0,cumulative,PilotCounts.xlsx,Pink,V24,2016,
2016,pilot,Pink,2016-06-20,06/20,0,0,0,cumulative,PilotCounts.xlsx,Pink,V25,2016,
2016,pilot,Pink,2016-06-21,06/21,246,246,246,cumulative,PilotCounts.xlsx,Pink,V26,2016,
2016,pilot,Pink,2016-06-22,06/22,246,0,246,cumulative,PilotCounts.xlsx,Pink,V27,2016,
2016,pilot,Pink,2016-06-23,06/23,2254,2008,2254,cumulative,PilotCounts.xlsx,Pink,V28,2016,
2016,pilot,Pink,2016-06-24,06/24,3172,918,3172,cumulative,PilotCounts.xlsx,Pink,V29,2016,
2016,pilot,Pink,2016-06-25,06/25,6169,2997,6169,cumulative,PilotCounts.xlsx,Pink,V30,2016,
2016,pilot,Pink,2016-06-26,06/26,11021,4852,11021,cumulative,PilotCounts.xlsx,Pink,V31,2016,
2016,pilot,Pink,2016-06-27,06/27,11391,370,11391,cumulative,PilotCounts.xlsx,Pink,V32,2016,
2016,pilot,Pink,2016-06-28,06/28,20636,9245,20636,cumulative,PilotCounts.xlsx,Pink,V33,2016,
2016,pilot,Pink,2016-06-29,06/29,25808,5172,25808,cumulative,PilotCounts.xlsx,Pink,V34,2016,
2016,pilot,Pink,2016-06-30,06/30,33952,8144,33952,cumulative,PilotCounts.xlsx,Pink,V35,2016,
2016,pilot,Pink,2016-07-01,07/01,45683,11731,45683,cumulative,PilotCounts.xlsx,Pink,V36,2016,
2016,pilot,Pink,2016-07-02,07/02,53124,7441,53124,cumulative,PilotCounts.xlsx,Pink,V37,2016,
2016,pilot,Pink,2016-07-03,07/03,71350,18226,71350,cumulative,PilotCounts.xlsx,Pink,V38,2016,
2016,pilot,Pink,2016-07-04,07/04,88782,17432,88782,cumulative,PilotCounts.xlsx,Pink,V39,2016,
2016,pilot,Pink,2016-07-05,07/05,109787,21005,109787,cumulative,PilotCounts.xlsx,Pink,V40,2016,
2016,pilot,Pink,2016-07-06,07/06,133090,23303,133090,cumulative,PilotCounts.xlsx,Pink,V41,2016,
2016,pilot,Pink,2016-07-07,07/07,145522,12432,145522,cumulative,PilotCounts.xlsx,Pink,V42,2016,
2016,pilot,Pink,2016-07-08,07/08,166608,21086,166608,cumulative,PilotCounts.xlsx,Pink,V43,2016,
2016,pilot,Pink,2016-07-09,07/09,182442,15834,182442,cumulative,PilotCounts.xlsx,Pink,V44,2016,
2016,pilot,Pink,2016-07-10,07/10,208544,26102,208544,cumulative,PilotCounts.xlsx,Pink,V45,2016,
2016,pilot,Pink,2016-07-11,07/11,246403,37859,246403,cumulative,PilotCounts.xlsx,Pink,V46,2016,
2016,pilot,Pink,2016-07-12,07/12,302612,56209,302612,cumulative,PilotCounts.xlsx,Pink,V47,2016,
2016,pilot,Pink,2016-07-13,07/13,371800,69188,371800,cumulative,PilotCounts.xlsx,Pink,V48,2016,
2016,pilot,Pink,2016-07-14,07/14,437529,65729,437529,cumulative,PilotCounts.xlsx,Pink,V49,2016,
2016,pilot,Pink,2016-07-15,07/15,505328,67799,505328,cumulative,PilotCounts.xlsx,Pink,V50,2016,
2016,pilot,Pink,2016-07-16,07/16,554531,49203,554531,cumulative,PilotCounts.xlsx,Pink,V51,2016,
2016,pilot,Pink,2016-07-17,07/17,618039,63508,618039,cumulative,PilotCounts.xlsx,Pink,V52,2016,
2016,pilot,Pink,2016-07-18,07/18,655891,37852,655891,cumulative,PilotCounts.xlsx,Pink,V53,2016,
2016,pilot,Pink,2016-07-19,07/19,689621,33730,689621,cumulative,PilotCounts.xlsx,Pink,V54,2016,
2016,pilot,Pink,2016-07-20,07/20,745431,55810,745431,cumulative,PilotCounts.xlsx,Pink,V55,2016,
2016,pilot,Pink,2016-07-21,07/21,847778,102347,847778,cumulative,PilotCounts.xlsx,Pink,V56,2016,
2016,pilot,Pink,2016-07-22,07/22,924653,76875,924653,cumulative,PilotCounts.xlsx,Pink,V57,2016,
2016,pilot,Pink,2016-07-23,07/23,990930,66277,990930,cumulative,PilotCounts.xlsx,Pink,V58,2016,
2016,pilot,Pink,2016-07-24,07/24,1033154,42224,1033154,cumulative,PilotCounts.xlsx,Pink,V59,2016,
2016,pilot,Pink,2016-07-25,07/25,1080520,47366,1080520,cumulative,PilotCounts.xlsx,Pink,V60,2016,
2016,pilot,Pink,2016-07-26,07/26,1112165,31645,1112165,cumulative,PilotCounts.xlsx,Pink,V61,2016,
2016,pilot,Pink,2016-07-27,07/27,1137719,25554,1137719,cumulative,PilotCounts.xlsx,Pink,V62,2016,
2016,pilot,Pink,2016-07-28,07/28,1164616,26897,1164616,cumulative,PilotCounts.xlsx,Pink,V63,2016,
2016,pilot,Pink,2016-07-29,07/29,1186406,21790,1186406,cumulative,PilotCounts.xlsx,Pink,V64,2016,
2016,pilot,Pink,2016-07-30,07/30,1208647,22241,1208647,cumulative,PilotCounts.xlsx,Pink,V65,2016,
2016,pilot,Pink,2016-07-31,07/31,1239645,30998,1239645,cumulative,PilotCounts.xlsx,Pink,V66,2016,
2016,pilot,Pink,2016-08-01,08/01,1261926,22281,1261926,cumulative,PilotCounts.xlsx,Pink,V67,2016,
2016,pilot,Pink,2016-08-02,08/02,1276396,14470,1276396,cumulative,PilotCounts.xlsx,Pink,V68,2016,
2016,pilot,Pink,2016-08-03,08/03,1289232,12836,1289232,cumulative,PilotCounts.xlsx,Pink,V69,2016,
2016,pilot,Pink,2016-08-04,08/04,1300444,11212,1300444,cumulative,PilotCounts.xlsx,Pink,V70,2016,
2016,pilot,Pink,2016-08-05,08/05,1310715,10271,1310715,cumulative,PilotCounts.xlsx,Pink,V71,2016,
2016,pilot,Pink,2016-08-06,08/06,1320087,9372,1320087,cumulative,PilotCounts.xlsx,Pink,V72,2016,
2016,pilot,Pink,2016-08-07,08/07,1325398,5311,1325398,cumulative,PilotCounts.xlsx,Pink,V73,2016,
2016,pilot,Pink,2016-08-08,08/08,1334692,9294,1334692,cumulative,PilotCounts.xlsx,Pink,V74,2016,
2016,pilot,Pink,2016-08-09,08/09,1341743,7051,1341743,cumulative,PilotCounts.xlsx,Pink,V75,2016,
2016,pilot,Pink,2016-08-10,08/10,1346458,4715,1346458,cumulative,PilotCounts.xlsx,Pink,V76,2016,
2016,pilot,Pink,2016-08-11,08/11,1350178,3720,1350178,cumulative,PilotCounts.xlsx,Pink,V77,2016,
2016,pilot,Pink,2016-08-12,08/12,1352492,2314,1352492,cumulative,PilotCounts.xlsx,Pink,V78,2016,
2016,pilot,Pink,2016-08-13,08/13,1356275,3783,1356275,cumulative,PilotCounts.xlsx,Pink,V79,2016,
2016,pilot,Pink,2016-08-14,08/14,1358890,2615,1358890,cumulative,PilotCounts.xlsx,Pink,V80,2016,
2016,pilot,Pink,2016-08-15,08/15,1359903,1013,1359903,cumulative,PilotCounts.xlsx,Pink,V81,2016,
2016,pilot,Pink,2016-08-16,08/16,1361468,1565,1361468,cumulative,PilotCounts.xlsx,Pink,V82,2016,
2016,pilot,Pink,2016-08-17,08/17,1362250,782,1362250,cumulative,PilotCounts.xlsx,Pink,V83,2016,
2016,pilot,Pink,2016-08-18,08/18,1362902,652,1362902,cumulative,PilotCounts.xlsx,Pink,V84,2016,
2016,pilot,Pink,2016-08-19,08/19,1363505,603,1363505,cumulative,PilotCounts.xlsx,Pink,V85,2016,
2016,pilot,Pink,2016-08-20,08/20,1363819,314,1363819,cumulative,PilotCounts.xlsx,Pink,V86,2016,
2016,pilot,Pink,2016-08-21,08/21,1364036,217,1364036,cumulative,PilotCounts.xlsx,Pink,V87,2016,
2016,pilot,Pink,2016-08-22,08/22,1364239,203,1364239,cumulative,PilotCounts.xlsx,Pink,V88,2016,
2016,pilot,Pink,2016-08-23,08/23,1364849,610,1364849,cumulative,PilotCounts.xlsx,Pink,V89,2016,
2016,pilot,Pink,2016-08-24,08/24,1364849,0,1364849,cumulative,PilotCounts.xlsx,Pink,V90,2016,
2016,pilot,Pink,2016-08-25,08/25,1364849,0,1364849,cumulative,PilotCounts.xlsx,Pink,V91,2016,
2016,pilot,Pink,2016-08-26,08/26,1364849,0,1364849,cumulative,PilotCounts.xlsx,Pink,V92,2016,
2016,pilot,Pink,2016-08-27,08/27,1364849,0,1364849,cumulative,PilotCounts.xlsx,Pink,V93,2016,
2016,pilot,Pink,2016-08-28,08/28,1364849,0,1364849,cumulative,PilotCounts.xlsx,Pink,V94,2016,
2016,pilot,Pink,2016-08-29,08/29,1364849,0,1364849,cumulative,PilotCounts.xlsx,Pink,V95,2016,
2016,pilot,Pink,2016-08-30,08/30,1364849,0,1364849,cumulative,PilotCounts.xlsx,Pink,V96,2016,
2016,pilot,Pink,2016-08-31,08/31,1364849,0,1364849,cumulative,PilotCounts.xlsx,Pink,V97,2016,
2017,Anvik,Pink,2017-06-15,06/15,0,,0,cumulative,Anvik_PinkCounts.xlsx,Sheet1,AS3,2017,
2017,Anvik,Pink,2017-06-16,06/16,0,0,0,cumulative,Anvik_PinkCounts.xlsx,Sheet1,AS4,2017,
2017,Anvik,Pink,2017-06-17,06/17,0,0,0,cumulative,Anvik_PinkCounts.xlsx,Sheet1,AS5,2017,
2017,Anvik,Pink,2017-06-18,06/18,0,0,0,cumulative,Anvik_PinkCounts.xlsx,Sheet1,AS6,2017,
2017,Anvik,Pink,2017-06-19,06/19,0,0,0,cumulative,Anvik_PinkCounts.xlsx,Sheet1,AS7,2017,
2017,Anvik,Pink,2017-06-20,06/20,0,0,0,cumulative,Anvik_PinkCounts.xlsx,Sheet1,AS8,2017,
2017,Anvik,Pink,2017-06-21,06/21,0,0,0,cumulative,Anvik_PinkCounts.xlsx,Sheet1,AS9,2017,
2017,Anvik,Pink,2017-06-22,06/22,0,0,0,cumulative,Anvik_PinkCounts.xlsx,Sheet1,AS10,2017,
2017,Anvik,Pink,2017-06-23,06/23,0,0,0,cumulative,Anvik_PinkCounts.xlsx,Sheet1,AS11,2017,
2017,Anvik,Pink,2017-06-24,06/24,0,0,0,cumulative,Anvik_PinkCounts.xlsx,Sheet1,AS12,2017,
2017,Anvik,Pink,2017-06-25,06/25,0,0,0,cumulative,Anvik_PinkCounts.xlsx,Sheet1,AS13,2017,
2017,Anvik,Pink,2017-06-26,06/26,0,0,0,cumulative,Anvik_PinkCounts.xlsx,Sheet1,AS14,2017,
2017,Anvik,Pink,2017-06-27,06/27,0,0,0,cumulative,Anvik_PinkCounts.xlsx,Sheet1,AS15,2017,
2017,Anvik,Pink,2017-06-28,06/28,0,0,0,cumulative,Anvik_PinkCounts.xlsx,Sheet1,AS16,2017,
2017,Anvik,Pink,2017-06-29,06/29,0,0,0,cumulative,Anvik_PinkCounts.xlsx,Sheet1,AS17,2017,
2017,Anvik,Pink,2017-06-30,06/30,0,0,0,cumulative,Anvik_PinkCounts.xlsx,Sheet1,AS18,2017,
2017,Anvik,Pink,2017-07-01,07/01,13,13,13,cumulative,Anvik_PinkCounts.xlsx,Sheet1,AS19,2017,
2017,Anvik,Pink,2017-07-02,07/02,106,93,106,cumulative,Anvik_PinkCounts.xlsx,Sheet1,AS20,2017,
2017,Anvik,Pink,2017-07-03,07/03,166,60,166,cumulative,Anvik_PinkCounts.xlsx,Sheet1,AS21,2017,
2017,Anvik,Pink,2017-07-04,07/04,222,56,222,cumulative,Anvik_PinkCounts.xlsx,Sheet1,AS22,2017,
2017,Anvik,Pink,2017-07-05,07/05,222,0,222,cumulative,Anvik_PinkCounts.xlsx,Sheet1,AS23,2017,
2017,Anvik,Pink,2017-07-06,07/06,426,204,426,cumulative,Anvik_PinkCounts.xlsx,Sheet1,AS24,2017,
2017,Anvik,Pink,2017-07-07,07/07,426,0,426,cumulative,Anvik_PinkCounts.xlsx,Sheet1,AS25,2017,
2017,Anvik,Pink,2017-07-08,07/08,447,21,447,cumulative,Anvik_PinkCounts.xlsx,Sheet1,AS26,2017,
2017,Anvik,Pink,2017-07-09,07/09,504,57,504,cumulative,Anvik_PinkCounts.xlsx,Sheet1,AS27,2017,
2017,Anvik,Pink,2017-07-10,07/10,504,0,504,cumulative,Anvik_PinkCounts.xlsx,Sheet1,AS28,2017,
2017,Anvik,Pink,2017-07-11,07/11,504,0,504,cumulative,Anvik_PinkCounts.xlsx,Sheet1,AS29,2017,
2017,Anvik,Pink,2017-07-12,07/12,504,0,504,cumulative,Anvik_PinkCounts.xlsx,Sheet1,AS30,2017,
2017,Anvik,Pink,2017-07-13,07/13,504,0,504,cumulative,Anvik_PinkCounts.xlsx,Sheet1,AS31,2017,
2017,Anvik,Pink,2017-07-14,07/14,516,12,516,cumulative,Anvik_PinkCounts.xlsx,Sheet1,AS32,2017,
2017,Anvik,Pink,2017-07-15,07/15,731,215,731,cumulative,Anvik_PinkCounts.xlsx,Sheet1,AS33,2017,
2017,Anvik,Pink,2017-07-16,07/16,776,45,776,cumulative,Anvik_PinkCounts.xlsx,Sheet1,AS34,2017,
2017,Anvik,Pink,2017-07-17,07/17,776,0,776,cumulative,Anvik_PinkCounts.xlsx,Sheet1,AS35,2017,
2017,Anvik,Pink,2017-07-18,07/18,776,0,776,cumulative,Anvik_PinkCounts.xlsx,Sheet1,AS36,2017,
2017,Anvik,Pink,2017-07-19,07/19,823,47,823,cumulative,Anvik_PinkCounts.xlsx,Sheet1,AS37,2017,
2017,Anvik,Pink,2017-07-20,07/20,823,0,823,cumulative,Anvik_PinkCounts.xlsx,Sheet1,AS38,2017,
2017,Anvik,Pink,2017-07-21,07/21,823,0,823,cumulative,Anvik_PinkCounts.xlsx,Sheet1,AS39,2017,
2017,Anvik,Pink,2017-07-22,07/22,823,0,823,cumulative,Anvik_PinkCounts.xlsx,Sheet1,AS40,2017,
2017,Anvik,Pink,2017-07-23,07/23,823,0,823,cumulative,Anvik_PinkCounts.xlsx,Sheet1,AS41,2017,
2017,Anvik,Pink,2017-07-24,07/24,823,0,823,cumulative,Anvik_PinkCounts.xlsx,Sheet1,AS42,2017,
2017,Anvik,Pink,2017-07-25,07/25,845,22,845,cumulative,Anvik_PinkCounts.xlsx,Sheet1,AS43,2017,
2017,Anvik,Pink,2017-07-26,07/26,866,21,866,cumulative,Anvik_PinkCounts.xlsx,Sheet1,AS44,2017,
2017,EF_Andreafsky,Pink,2017-06-16,06/16,0,,0,cumulative,EF_Andreafsky_PinkCounts.xlsx,Sheet1,AG4,2017,
2017,EF_Andreafsky,Pink,2017-06-17,06/17,0,0,0,cumulative,EF_Andreafsky_PinkCounts.xlsx,Sheet1,AG5,2017,
2017,EF_Andreafsky,Pink,2017-06-18,06/18,0,0,0,cumulative,EF_Andreafsky_PinkCounts.xlsx,Sheet1,AG6,2017,
2017,EF_Andreafsky,Pink,2017-06-19,06/19,0,0,0,cumulative,EF_Andreafsky_PinkCounts.xlsx,Sheet1,AG7,2017,
2017,EF_Andreafsky,Pink,2017-06-20,06/20,0,0,0,cumulative,EF_Andreafsky_PinkCounts.xlsx,Sheet1,AG8,2017,
2017,EF_Andreafsky,Pink,2017-06-21,06/21,0,0,0,cumulative,EF_Andreafsky_PinkCounts.xlsx,Sheet1,AG9,2017,
2017,EF_Andreafsky,Pink,2017-06-22,06/22,0,0,0,cumulative,EF_Andreafsky_PinkCounts.xlsx,Sheet1,AG10,2017,
2017,EF_Andreafsky,Pink,2017-06-23,06/23,0,0,0,cumulative,EF_Andreafsky_PinkCounts.xlsx,Sheet1,AG11,2017,
2017,EF_Andreafsky,Pink,2017-06-24,06/24,0,0,0,cumulative,EF_Andreafsky_PinkCounts.xlsx,Sheet1,AG12,2017,
2017,EF_Andreafsky,Pink,2017-06-25,06/25,0,0,0,cumulative,EF_Andreafsky_PinkCounts.xlsx,Sheet1,AG13,2017,
2017,EF_Andreafsky,Pink,2017-06-26,06/26,1,1,1,cumulative,EF_Andreafsky_PinkCounts.xlsx,Sheet1,AG14,2017,
2017,EF_Andreafsky,Pink,2017-06-27,06/27,4,3,4,cumulative,EF_Andreafsky_PinkCounts.xlsx,Sheet1,AG15,2017,
2017,EF_Andreafsky,Pink,2017-06-28,06/28,8,4,8,cumulative,EF_Andreafsky_PinkCounts.xlsx,Sheet1,AG16,2017,
2017,EF_Andreafsky,Pink,2017-06-29,06/29,14,6,14,cumulative,EF_Andreafsky_PinkCounts.xlsx,Sheet1,AG17,2017,
2017,EF_Andreafsky,Pink,2017-06-30,06/30,32,18,32,cumulative,EF_Andreafsky_PinkCounts.xlsx,Sheet1,AG18,2017,
2017,EF_Andreafsky,Pink,2017-07-01,07/01,52,20,52,cumulative,EF_Andreafsky_PinkCounts.xlsx,Sheet1,AG19,2017,
2017,EF_Andreafsky,Pink,2017-07-02,07/02,126,74,126,cumulative,EF_Andreafsky_PinkCounts.xlsx,Sheet1,AG20,2017,
2017,EF_Andreafsky,Pink,2017-07-03,07/03,169,43,169,cumulative,EF_Andreafsky_PinkCounts.xlsx,Sheet1,AG21,2017,
2017,EF_Andreafsky,Pink,2017-07-04,07/04,195,26,195,cumulative,EF_Andreafsky_PinkCounts.xlsx,Sheet1,AG22,2017,
2017,EF_Andreafsky,Pink,2017-07-05,07/05,339,144,339,cumulative,EF_Andreafsky_PinkCounts.xlsx,Sheet1,AG23,2017,
2017,EF_Andreafsky,Pink,2017-07-06,07/06,410,71,410,cumulative,EF_Andreafsky_PinkCounts.xlsx,Sheet1,AG24,2017,
2017,EF_Andreafsky,Pink,2017-07-07,07/07,581,171,581,cumulative,EF_Andreafsky_PinkCounts.xlsx,Sheet1,AG25,2017,
2017,EF_Andreafsky,Pink,2017-07-08,07/08,1020,439,1020,cumulative,EF_Andreafsky_PinkCounts.xlsx,Sheet1,AG26,2017,
2017,EF_Andreafsky,Pink,2017-07-09,07/09,1439,419,1439,cumulative,EF_Andreafsky_PinkCounts.xlsx,Sheet1,AG27,2017,
2017,EF_Andreafsky,Pink,2017-07-10,07/10,1604,165,1604,cumulative,EF_Andreafsky_PinkCounts.xlsx,Sheet1,AG28,2017,
2017,EF_Andreafsky,Pink,2017-07-11,07/11,2424,820,2424,cumulative,EF_Andreafsky_PinkCounts.xlsx,Sheet1,AG29,2017,
2017,EF_Andreafsky,Pink,2017-07-12,07/12,6110,3686,6110,cumulative,EF_Andreafsky_PinkCounts.xlsx,Sheet1,AG30,2017,
2017,EF_Andreafsky,Pink,2017-07-13,07/13,9703,3593,9703,cumulative,EF_Andreafsky_PinkCounts.xlsx,Sheet1,AG31,2017,
2017,EF_Andreafsky,Pink,2017-07-14,07/14,11898,2195,11898,cumulative,EF_Andreafsky_PinkCounts.xlsx,Sheet1,AG32,2017,
2017,EF_Andreafsky,Pink,2017-07-15,07/15,12272,374,12272,cumulative,EF_Andreafsky_PinkCounts.xlsx,Sheet1,AG33,2017,
2017,EF_Andreafsky,Pink,2017-07-16,07/16,12869,597,12869,cumulative,EF_Andreafsky_PinkCounts.xlsx,Sheet1,AG34,2017,
2017,EF_Andreafsky,Pink,2017-07-17,07/17,13695,826,13695,cumulative,EF_Andreafsky_PinkCounts.xlsx,Sheet1,AG35,2017,
2017,EF_Andreafsky,Pink,2017-07-18,07/18,16551,2856,16551,cumulative,EF_Andreafsky_PinkCounts.xlsx,Sheet1,AG36,2017,
2017,EF_Andreafsky,Pink,2017-07-19,07/19,17463,912,17463,cumulative,EF_Andreafsky_PinkCounts.xlsx,Sheet1,AG37,2017,
2017,EF_Andreafsky,Pink,2017-07-20,07/20,19015,1552,19015,cumulative,EF_Andreafsky_PinkCounts.xlsx,Sheet1,AG38,2017,
2017,EF_Andreafsky,Pink,2017-07-21,07/21,20367,1352,20367,cumulative,EF_Andreafsky_PinkCounts.xlsx,Sheet1,AG39,2017,
2017,EF_Andreafsky,Pink,2017-07-22,07/22,21280,913,21280,cumulative,EF_Andreafsky_PinkCounts.xlsx,Sheet1,AG40,2017,
2017,EF_Andreafsky,Pink,2017-07-23,07/23,22039,759,22039,cumulative,EF_Andreafsky_PinkCounts.xlsx,Sheet1,AG41,2017,
2017,EF_Andreafsky,Pink,2017-07-24,07/24,22768,729,22768,cumulative,EF_Andreafsky_PinkCounts.xlsx,Sheet1,AG42,2017,
2017,EF_Andreafsky,Pink,2017-07-25,07/25,25075,2307,25075,cumulative,EF_Andreafsky_PinkCounts.xlsx,Sheet1,AG43,2017,
2017,EF_Andreafsky,Pink,2017-07-26,07/26,26149,1074,26149,cumulative,EF_Andreafsky_PinkCounts.xlsx,Sheet1,AG44,2017,
2017,EF_Andreafsky,Pink,2017-07-27,07/27,27883,1734,27883,cumulative,EF_Andreafsky_PinkCounts.xlsx,Sheet1,AG45,2017,
2017,EF_Andreafsky,Pink,2017-07-28,07/28,28463,580,28463,cumulative,EF_Andreafsky_PinkCounts.xlsx,Sheet1,AG46,2017,
2017,EF_Andreafsky,Pink,2017-07-29,07/29,30044,1581,30044,cumulative,EF_Andreafsky_PinkCounts.xlsx,Sheet1,AG47,2017,
2017,EF_Andreafsky,Pink,2017-07-30,07/30,30044,0,30044,cumulative,EF_Andreafsky_PinkCounts.xlsx,Sheet1,AG48,2017,
2017,EF_Andreafsky,Pink,2017-07-31,07/31,30044,0,30044,cumulative,EF_Andreafsky_PinkCounts.xlsx,Sheet1,AG49,2017,
2017,pilot,Chinook,2017-05-31,05/31,162,162,162,daily,PilotCounts.xlsx,AllChinook,V5,2017,
2017,pilot,Chinook,2017-06-01,06/01,207,207,369,daily,PilotCounts.xlsx,AllChinook,V6,2017,
2017,pilot,Chinook,2017-06-02,06/02,485,485,854,daily,PilotCounts.xlsx,AllChinook,V7,2017,
2017,pilot,Chinook,2017-06-03,06/03,359,359,1213,daily,PilotCounts.xlsx,AllChinook,V8,2017,
2017,pilot,Chinook,2017-06-04,06/04,794,794,2007,daily,PilotCounts.xlsx,AllChinook,V9,2017,
2017,pilot,Chinook,2017-06-05,06/05,2001,2001,4008,daily,PilotCounts.xlsx,AllChinook,V10,2017,
2017,pilot,Chinook,2017-06-06,06/06,1843,1843,5851,daily,PilotCounts.xlsx,AllChinook,V11,2017,
2017,pilot,Chinook,2017-06-07,06/07,764,764,6615,daily,PilotCounts.xlsx,AllChinook,V12,2017,
2017,pilot,Chinook,2017-06-08,06/08,2693,2693,9308,daily,PilotCounts.xlsx,AllChinook,V13,2017,
2017,pilot,Chinook,2017-06-09,06/09,6671,6671,15979,daily,PilotCounts.xlsx,AllChinook,V14,2017,
2017,pilot,Chinook,2017-06-10,06/10,1451,1451,17430,daily,PilotCounts.xlsx,AllChinook,V15,2017,
2017,pilot,Chinook,2017-06-11,06/11,4250,4250,21680,daily,PilotCounts.xlsx,AllChinook,V16,2017,
2017,pilot,Chinook,2017-06-12,06/12,6031,6031,27711,daily,PilotCounts.xlsx,AllChinook,V17,2017,
2017,pilot,Chinook,2017-06-13,06/13,2377,2377,30088,daily,PilotCounts.xlsx,AllChinook,V18,2017,
2017,pilot,Chinook,2017-06-14,06/14,17118,17118,47206,daily,PilotCounts.xlsx,AllChinook,V19,2017,
2017,pilot,Chinook,2017-06-15,06/15,7425,7425,54631,daily,PilotCounts.xlsx,AllChinook,V20,2017,
2017,pilot,Chinook,2017-06-16,06/16,9251,9251,63882,daily,PilotCounts.xlsx,AllChinook,V21,2017,
2017,pilot,Chinook,2017-06-17,06/17,8232,8232,72114,daily,PilotCounts.xlsx,AllChinook,V22,2017,
2017,pilot,Chinook,2017-06-18,06/18,17400,17400,89514,daily,PilotCounts.xlsx,AllChinook,V23,2017,
2017,pilot,Chinook,2017-06-19,06/19,10406,10406,99920,daily,PilotCounts.xlsx,AllChinook,V24,2017,
2017,pilot,Chinook,2017-06-20,06/20,10081,10081,110001,daily,PilotCounts.xlsx,AllChinook,V25,2017,
2017,pilot,Chinook,2017-06-21,06/21,25702,25702,135703,daily,PilotCounts.xlsx,AllChinook,V26,2017,
2017,pilot,Chinook,2017-06-22,06/22,7620,7620,143323,daily,PilotCounts.xlsx,AllChinook,V27,2017,
2017,pilot,Chinook,2017-06-23,06/23,22458,22458,165781,daily,PilotCounts.xlsx,AllChinook,V28,2017,
2017,pilot,Chinook,2017-06-24,06/24,10311,10311,176092,daily,PilotCounts.xlsx,AllChinook,V29,2017,
2017,pilot,Chinook,2017-06-25,06/25,3301,3301,179393,daily,PilotCounts.xlsx,AllChinook,V30,2017,
2017,pilot,Chinook,2017-06-26,06/26,9215,9215,188608,daily,PilotCounts.xlsx,AllChinook,V31,2017,
2017,pilot,Chinook,2017-06-27,06/27,7348,7348,195956,daily,PilotCounts.xlsx,AllChinook,V32,2017,
2017,pilot,Chinook,2017-06-28,06/28,6611,6611,202567,daily,PilotCounts.xlsx,AllChinook,V33,2017,
2017,pilot,Chinook,2017-06-29,06/29,8212,8212,210779,daily,PilotCounts.xlsx,AllChinook,V34,2017,
2017,pilot,Chinook,2017-06-30,06/30,5762,5762,216541,daily,PilotCounts.xlsx,AllChinook,V35,2017,
2017,pilot,Chinook,2017-07-01,07/01,3545,3545,220086,daily,PilotCounts.xlsx,AllChinook,V36,2017,
2017,pilot,Chinook,2017-07-02,07/02,5133,5133,225219,daily,PilotCounts.xlsx,AllChinook,V37,2017,
2017,pilot,Chinook,2017-07-03,07/03,6698,6698,231917,daily,PilotCounts.xlsx,AllChinook,V38,2017,
2017,pilot,Chinook,2017-07-04,07/04,2677,2677,234594,daily,PilotCounts.xlsx,AllChinook,V39,2017,
2017,pilot,Chinook,2017-07-05,07/05,2463,2463,237057,daily,PilotCounts.xlsx,AllChinook,V40,2017,
2017,pilot,Chinook,2017-07-06,07/06,2998,2998,240055,daily,PilotCounts.xlsx,AllChinook,V41,2017,
2017,pilot,Chinook,2017-07-07,07/07,1705,1705,241760,daily,PilotCounts.xlsx,AllChinook,V42,2017,
2017,pilot,Chinook,2017-07-08,07/08,4250,4250,246010,daily,PilotCounts.xlsx,AllChinook,V43,2017,
2017,pilot,Chinook,2017-07-09,07/09,4087,4087,250097,daily,PilotCounts.xlsx,AllChinook,V44,2017,
2017,pilot,Chinook,2017-07-10,07/10,1840,1840,251937,daily,PilotCounts.xlsx,AllChinook,V45,2017,
2017,pilot,Chinook,2017-07-11,07/11,985,985,252922,daily,PilotCounts.xlsx,AllChinook,V46,2017,
2017,pilot,Chinook,2017-07-12,07/12,1084,1084,254006,daily,PilotCounts.xlsx,AllChinook,V47,2017,
2017,pilot,Chinook,2017-07-13,07/13,1116,1116,255122,daily,PilotCounts.xlsx,AllChinook,V48,2017,
2017,pilot,Chinook,2017-07-14,07/14,2732,2732,257854,daily,PilotCounts.xlsx,AllChinook,V49,2017,
2017,pilot,Chinook,2017-07-15,07/15,684,684,258538,daily,PilotCounts.xlsx,AllChinook,V50,2017,
2017,pilot,Chinook,2017-07-16,07/16,255,255,258793,daily,PilotCounts.xlsx,AllChinook,V51,2017,
2017,pilot,Chinook,2017-07-17,07/17,260,260,259053,daily,PilotCounts.xlsx,AllChinook,V52,2017,
2017,pilot,Chinook,2017-07-18,07/18,107,107,259160,daily,PilotCounts.xlsx,AllChinook,V53,2017,
2017,pilot,Chinook,2017-07-19,07/19,847,847,260007,daily,PilotCounts.xlsx,AllChinook,V54,2017,
2017,pilot,Chinook,2017-07-20,07/20,188,188,260195,daily,PilotCounts.xlsx,AllChinook,V55,2017,
2017,pilot,Chinook,2017-07-21,07/21,86,86,260281,daily,PilotCounts.xlsx,AllChinook,V56,2017,
2017,pilot,Chinook,2017-07-22,07/22,0,0,260281,daily,PilotCounts.xlsx,AllChinook,V57,2017,
2017,pilot,Chinook,2017-07-23,07/23,443,443,260724,daily,PilotCounts.xlsx,AllChinook,V58,2017,
2017,pilot,Chinook,2017-07-24,07/24,222,222,260946,daily,PilotCounts.xlsx,AllChinook,V59,2017,
2017,pilot,Chinook,2017-07-25,07/25,110,110,261056,daily,PilotCounts.xlsx,AllChinook,V60,2017,
2017,pilot,Chinook,2017-07-26,07/26,137,137,261193,daily,PilotCounts.xlsx,AllChinook,V61,2017,
2017,pilot,Chinook,2017-07-27,07/27,145,145,261338,daily,PilotCounts.xlsx,AllChinook,V62,2017,
2017,pilot,Chinook,2017-07-28,07/28,0,0,261338,daily,PilotCounts.xlsx,AllChinook,V63,2017,
2017,pilot,Chinook,2017-07-29,07/29,334,334,261672,daily,PilotCounts.xlsx,AllChinook,V64,2017,
2017,pilot,Chinook,2017-07-30,07/30,0,0,261672,daily,PilotCounts.xlsx,AllChinook,V65,2017,
2017,pilot,Chinook,2017-07-31,07/31,0,0,261672,daily,PilotCounts.xlsx,AllChinook,V66,2017,
2017,pilot,Chinook,2017-08-01,08/01,263,263,261935,daily,PilotCounts.xlsx,AllChinook,V67,2017,
2017,pilot,Chinook,2017-08-02,08/02,113,113,262048,daily,PilotCounts.xlsx,AllChinook,V68,2017,
2017,pilot,Chinook,2017-08-03,08/03,0,0,262048,daily,PilotCounts.xlsx,AllChinook,V69,2017,
2017,pilot,Chinook,2017-08-04,08/04,0,0,262048,daily,PilotCounts.xlsx,AllChinook,V70,2017,
2017,pilot,Chinook,2017-08-05,08/05,0,0,262048,daily,PilotCounts.xlsx,AllChinook,V71,2017,
2017,pilot,Chinook,2017-08-06,08/06,103,103,262151,daily,PilotCounts.xlsx,AllChinook,V72,2017,
2017,pilot,Chinook,2017-08-07,08/07,0,0,262151,daily,PilotCounts.xlsx,AllChinook,V73,2017,
2017,pilot,Chinook,2017-08-08,08/08,190,190,262341,daily,PilotCounts.xlsx,AllChinook,V74,2017,
2017,pilot,Chinook,2017-08-09,08/09,245,245,262586,daily,PilotCounts.xlsx,AllChinook,V75,2017,
2017,pilot,Chinook,2017-08-10,08/10,251,251,262837,daily,PilotCounts.xlsx,AllChinook,V76,2017,
2017,pilot,Chinook,2017-08-11,08/11,177,177,263014,daily,PilotCounts.xlsx,AllChinook,V77,2017,
2017,pilot,Chinook,2017-08-12,08/12,0,0,263014,daily,PilotCounts.xlsx,AllChinook,V78,2017,
2017,pilot,Chinook,2017-08-13,08/13,0,0,263014,daily,PilotCounts.xlsx,AllChinook,V79,2017,
2017,pilot,Chinook,2017-08-14,08/14,0,0,263014,daily,PilotCounts.xlsx,AllChinook,V80,2017,
2017,pilot,Chinook,2017-08-15,08/15,0,0,263014,daily,PilotCounts.xlsx,AllChinook,V81,2017,
2017,pilot,Chinook,2017-08-16,08/16,0,0,263014,daily,PilotCounts.xlsx,AllChinook,V82,2017,
2017,pilot,Chinook,2017-08-17,08/17,0,0,263014,daily,PilotCounts.xlsx,AllChinook,V83,2017,
2017,pilot,Chinook,2017-08-18,08/18,0,0,263014,daily,PilotCounts.xlsx,AllChinook,V84,2017,
2017,pilot,Chinook,2017-08-19,08/19,0,0,263014,daily,PilotCounts.xlsx,AllChinook,V85,2017,
2017,pilot,Chinook,2017-08-20,08/20,0,0,263014,daily,PilotCounts.xlsx,AllChinook,V86,2017,
2017,pilot,Chinook,2017-08-21,08/21,0,0,263014,daily,PilotCounts.xlsx,AllChinook,V87,2017,
2017,pilot,Chinook,2017-08-22,08/22,0,0,263014,daily,PilotCounts.xlsx,AllChinook,V88,2017,
2017,pilot,Chinook,2017-08-23,08/23,0,0,263014,daily,PilotCounts.xlsx,AllChinook,V89,2017,
2017,pilot,Chinook,2017-08-24,08/24,0,0,263014,daily,PilotCounts.xlsx,AllChinook,V90,2017,
2017,pilot,Chinook,2017-08-25,08/25,0,0,263014,daily,PilotCounts.xlsx,AllChinook,V91,2017,
2017,pilot,Chinook,2017-08-26,08/26,0,0,263014,daily,PilotCounts.xlsx,AllChinook,V92,2017,
2017,pilot,Chinook,2017-08-27,08/27,0,0,263014,daily,PilotCounts.xlsx,AllChinook,V93,2017,
2017,pilot,Chinook,2017-08-28,08/28,0,0,263014,daily,PilotCounts.xlsx,AllChinook,V94,2017,
2017,pilot,Chinook,2017-08-29,08/29,0,0,263014,daily,PilotCounts.xlsx,AllChinook,V95,2017,
2017,pilot,Chinook,2017-08-30,08/30,0,0,263014,daily,PilotCounts.xlsx,AllChinook,V96,2017,
2017,pilot,Chinook,2017-08-31,08/31,0,0,263014,daily,PilotCounts.xlsx,AllChinook,V97,2017,
2017,pilot,Chinook,2017-09-01,09/01,0,0,263014,daily,PilotCounts.xlsx,AllChinook,V98,2017,
2017,pilot,Chinook,2017-09-02,09/02,0,0,263014,daily,PilotCounts.xlsx,AllChinook,V99,2017,
2017,pilot,Chinook,2017-09-03,09/03,0,0,263014,daily,PilotCounts.xlsx,AllChinook,V100,2017,
2017,pilot,Chinook,2017-09-04,09/04,0,0,263014,daily,PilotCounts.xlsx,AllChinook,V101,2017,
2017,pilot,Chinook,2017-09-05,09/05,0,0,263014,daily,PilotCounts.xlsx,AllChinook,V102,2017,
2017,pilot,Chinook,2017-09-06,09/06,0,0,263014,daily,PilotCounts.xlsx,AllChinook,V103,2017,
2017,pilot,Chinook,2017-09-07,09/07,0,0,263014,daily,PilotCounts.xlsx,AllChinook,V104,2017,
2017,pilot,Chum,2017-05-31,05/31,2471,2471,2471,daily,PilotCounts.xlsx,AllChum,W5,2017,
2017,pilot,Chum,2017-06-01,06/01,2928,2928,5399,daily,PilotCounts.xlsx,AllChum,W6,2017,
2017,pilot,Chum,2017-06-02,06/02,5483,5483,10882,daily,PilotCounts.xlsx,AllChum,W7,2017,
2017,pilot,Chum,2017-06-03,06/03,5584,5584,16466,daily,PilotCounts.xlsx,AllChum,W8,2017,
2017,pilot,Chum,2017-06-04,06/04,5890,5890,22356,daily,PilotCounts.xlsx,AllChum,W9,2017,
2017,pilot,Chum,2017-06-05,06/05,5980,5980,28336,daily,PilotCounts.xlsx,AllChum,W10,2017,
2017,pilot,Chum,2017-06-06,06/06,10204,10204,38540,daily,PilotCounts.xlsx,AllChum,W11,2017,
2017,pilot,Chum,2017-06-07,06/07,8396,8396,46936,daily,PilotCounts.xlsx,AllChum,W12,2017,
2017,pilot,Chum,2017-06-08,06/08,4568,4568,51504,daily,PilotCounts.xlsx,AllChum,W13,2017,
2017,pilot,Chum,2017-06-09,06/09,10913,10913,62417,daily,PilotCounts.xlsx,AllChum,W14,2017,
2017,pilot,Chum,2017-06-10,06/10,19212,19212,81629,daily,PilotCounts.xlsx,AllChum,W15,2017,
2017,pilot,Chum,2017-06-11,06/11,7467,7467,89096,daily,PilotCounts.xlsx,AllChum,W16,2017,
2017,pilot,Chum,2017-06-12,06/12,19253,19253,108349,daily,PilotCounts.xlsx,AllChum,W17,2017,
2017,pilot,Chum,2017-06-13,06/13,10308,10308,118657,daily,PilotCounts.xlsx,AllChum,W18,2017,
2017,pilot,Chum,2017-06-14,06/14,135953,135953,254610,daily,PilotCounts.xlsx,AllChum,W19,2017,
2017,pilot,Chum,2017-06-15,06/15,97798,97798,352408,daily,PilotCounts.xlsx,AllChum,W20,2017,
2017,pilot,Chum,2017-06-16,06/16,111187,111187,463595,daily,PilotCounts.xlsx,AllChum,W21,2017,
2017,pilot,Chum,2017-06-17,06/17,59529,59529,523124,daily,PilotCounts.xlsx,AllChum,W22,2017,
2017,pilot,Chum,2017-06-18,06/18,144351,144351,667475,daily,PilotCounts.xlsx,AllChum,W23,2017,
2017,pilot,Chum,2017-06-19,06/19,187011,187011,854486,daily,PilotCounts.xlsx,AllChum,W24,2017,
2017,pilot,Chum,2017-06-20,06/20,85803,85803,940289,daily,PilotCounts.xlsx,AllChum,W25,2017,
2017,pilot,Chum,2017-06-21,06/21,284951,284951,1225240,daily,PilotCounts.xlsx,AllChum,W26,2017,
2017,pilot,Chum,2017-06-22,06/22,269131,269131,1494371,daily,PilotCounts.xlsx,AllChum,W27,2017,
2017,pilot,Chum,2017-06-23,06/23,222811,222811,1717182,daily,PilotCounts.xlsx,AllChum,W28,2017,
2017,pilot,Chum,2017-06-24,06/24,143035,143035,1860217,daily,PilotCounts.xlsx,AllChum,W29,2017,
2017,pilot,Chum,2017-06-25,06/25,37412,37412,1897629,daily,PilotCounts.xlsx,AllChum,W30,2017,
2017,pilot,Chum,2017-06-26,06/26,123733,123733,2021362,daily,PilotCounts.xlsx,AllChum,W31,2017,
2017,pilot,Chum,2017-06-27,06/27,132573,132573,2153935,daily,PilotCounts.xlsx,AllChum,W32,2017,
2017,pilot,Chum,2017-06-28,06/28,70052,70052,2223987,daily,PilotCounts.xlsx,AllChum,W33,2017,
2017,pilot,Chum,2017-06-29,06/29,121879,121879,2345866,daily,PilotCounts.xlsx,AllChum,W34,2017,
2017,pilot,Chum,2017-06-30,06/30,97441,97441,2443307,daily,PilotCounts.xlsx,AllChum,W35,2017,
2017,pilot,Chum,2017-07-01,07/01,55843,55843,2499150,daily,PilotCounts.xlsx,AllChum,W36,2017,
2017,pilot,Chum,2017-07-02,07/02,59538,59538,2558688,daily,PilotCounts.xlsx,AllChum,W37,2017,
2017,pilot,Chum,2017-07-03,07/03,39854,39854,2598542,daily,PilotCounts.xlsx,AllChum,W38,2017,
2017,pilot,Chum,2017-07-04,07/04,48682,48682,2647224,daily,PilotCounts.xlsx,AllChum,W39,2017,
2017,pilot,Chum,2017-07-05,07/05,20560,20560,2667784,daily,PilotCounts.xlsx,AllChum,W40,2017,
2017,pilot,Chum,2017-07-06,07/06,57474,57474,2725258,daily,PilotCounts.xlsx,AllChum,W41,2017,
2017,pilot,Chum,2017-07-07,07/07,109692,109692,2834950,daily,PilotCounts.xlsx,AllChum,W42,2017,
2017,pilot,Chum,2017-07-08,07/08,85401,85401,2920351,daily,PilotCounts.xlsx,AllChum,W43,2017,
2017,pilot,Chum,2017-07-09,07/09,50828,50828,2971179,daily,PilotCounts.xlsx,AllChum,W44,2017,
2017,pilot,Chum,2017-07-10,07/10,41497,41497,3012676,daily,PilotCounts.xlsx,AllChum,W45,2017,
2017,pilot,Chum,2017-07-11,07/11,21900,21900,3034576,daily,PilotCounts.xlsx,AllChum,W46,2017,
2017,pilot,Chum,2017-07-12,07/12,17816,17816,3052392,daily,PilotCounts.xlsx,AllChum,W47,2017,
2017,pilot,Chum,2017-07-13,07/13,18175,18175,3070567,daily,PilotCounts.xlsx,AllChum,W48,2017,
2017,pilot,Chum,2017-07-14,07/14,6405,6405,3076972,daily,PilotCounts.xlsx,AllChum,W49,2017,
2017,pilot,Chum,2017-07-15,07/15,5165,5165,3082137,daily,PilotCounts.xlsx,AllChum,W50,2017,
2017,pilot,Chum,2017-07-16,07/16,2056,2056,3084193,daily,PilotCounts.xlsx,AllChum,W51,2017,
2017,pilot,Chum,2017-07-17,07/17,3199,3199,3087392,daily,PilotCounts.xlsx,AllChum,W52,2017,
2017,pilot,Chum,2017-07-18,07/18,6343,6343,3093735,daily,PilotCounts.xlsx,AllChum,W53,2017,
2017,pilot,Chum,2017-07-19,07/19,40875,40875,3134610,daily,PilotCounts.xlsx,AllChum,W54,2017,
2017,pilot,Chum,2017-07-20,07/20,103862,103862,3238472,daily,PilotCounts.xlsx,AllChum,W55,2017,
2017,pilot,Chum,2017-07-21,07/21,51416,51416,3289888,daily,PilotCounts.xlsx,AllChum,W56,2017,
2017,pilot,Chum,2017-07-22,07/22,8877,8877,3298765,daily,PilotCounts.xlsx,AllChum,W57,2017,
2017,pilot,Chum,2017-07-23,07/23,11982,11982,3310747,daily,PilotCounts.xlsx,AllChum,W58,2017,
2017,pilot,Chum,2017-07-24,07/24,6126,6126,3316873,daily,PilotCounts.xlsx,AllChum,W59,2017,
2017,pilot,Chum,2017-07-25,07/25,4351,4351,3321224,daily,PilotCounts.xlsx,AllChum,W60,2017,
2017,pilot,Chum,2017-07-26,07/26,9730,9730,3330954,daily,PilotCounts.xlsx,AllChum,W61,2017,
2017,pilot,Chum,2017-07-27,07/27,33362,33362,3364316,daily,PilotCounts.xlsx,AllChum,W62,2017,
2017,pilot,Chum,2017-07-28,07/28,19997,19997,3384313,daily,PilotCounts.xlsx,AllChum,W63,2017,
2017,pilot,Chum,2017-07-29,07/29,37150,37150,3421463,daily,PilotCounts.xlsx,AllChum,W64,2017,
2017,pilot,Chum,2017-07-30,07/30,63714,63714,3485177,daily,PilotCounts.xlsx,AllChum,W65,2017,
2017,pilot,Chum,2017-07-31,07/31,27263,27263,3512440,daily,PilotCounts.xlsx,AllChum,W66,2017,
2017,pilot,Chum,2017-08-01,08/01,5751,5751,3518191,daily,PilotCounts.xlsx,AllChum,W67,2017,
2017,pilot,Chum,2017-08-02,08/02,3074,3074,3521265,daily,PilotCounts.xlsx,AllChum,W68,2017,
2017,pilot,Chum,2017-08-03,08/03,10637,10637,3531902,daily,PilotCounts.xlsx,AllChum,W69,2017,
2017,pilot,Chum,2017-08-04,08/04,20594,20594,3552496,daily,PilotCounts.xlsx,AllChum,W70,2017,
2017,pilot,Chum,2017-08-05,08/05,9837,9837,3562333,daily,PilotCounts.xlsx,AllChum,W71,2017,
2017,pilot,Chum,2017-08-06,08/06,2469,2469,3564802,daily,PilotCounts.xlsx,AllChum,W72,2017,
2017,pilot,Chum,2017-08-07,08/07,5035,5035,3569837,daily,PilotCounts.xlsx,AllChum,W73,2017,
2017,pilot,Chum,2017-08-08,08/08,6268,6268,3576105,daily,PilotCounts.xlsx,AllChum,W74,2017,
2017,pilot,Chum,2017-08-09,08/09,8215,8215,3584320,daily,PilotCounts.xlsx,AllChum,W75,2017,
2017,pilot,Chum,2017-08-10,08/10,6415,6415,3590735,daily,PilotCounts.xlsx,AllChum,W76,2017,
2017,pilot,Chum,2017-08-11,08/11,4557,4557,3595292,daily,PilotCounts.xlsx,AllChum,W77,2017,
2017,pilot,Chum,2017-08-12,08/12,3112,3112,3598404,daily,PilotCounts.xlsx,AllChum,W78,2017,
2017,pilot,Chum,2017-08-13,08/13,26535,26535,3624939,daily,PilotCounts.xlsx,AllChum,W79,2017,
2017,pilot,Chum,2017-08-14,08/14,236252,236252,3861191,daily,PilotCounts.xlsx,AllChum,W80,2017,
2017,pilot,Chum,2017-08-15,08/15,255251,255251,4116442,daily,PilotCounts.xlsx,AllChum,W81,2017,
2017,pilot,Chum,2017-08-16,08/16,314791,314791,4431233,daily,PilotCounts.xlsx,AllChum,W82,2017,
2017,pilot,Chum,2017-08-17,08/17,131998,131998,4563231,daily,PilotCounts.xlsx,AllChum,W83,2017,
2017,pilot,Chum,2017-08-18,08/18,50576,50576,4613807,daily,PilotCounts.xlsx,AllChum,W84,2017,
2017,pilot,Chum,2017-08-19,08/19,32911,32911,4646718,daily,PilotCounts.xlsx,AllChum,W85,2017,
2017,pilot,Chum,2017-08-20,08/20,15666,15666,4662384,daily,PilotCounts.xlsx,AllChum,W86,2017,
2017,pilot,Chum,2017-08-21,08/21,26158,26158,4688542,daily,PilotCounts.xlsx,AllChum,W87,2017,
2017,pilot,Chum,2017-08-22,08/22,23642,23642,4712184,daily,PilotCounts.xlsx,AllChum,W88,2017,
2017,pilot,Chum,2017-08-23,08/23,21094,21094,4733278,daily,PilotCounts.xlsx,AllChum,W89,2017,
2017,pilot,Chum,2017-08-24,08/24,17080,17080,4750358,daily,PilotCounts.xlsx,AllChum,W90,2017,
2017,pilot,Chum,2017-08-25,08/25,21722,21722,4772080,daily,PilotCounts.xlsx,AllChum,W91,2017,
2017,pilot,Chum,2017-08-26,08/26,13126,13126,4785206,daily,PilotCounts.xlsx,AllChum,W92,2017,
2017,pilot,Chum,2017-08-27,08/27,15966,15966,4801172,daily,PilotCounts.xlsx,AllChum,W93,2017,
2017,pilot,Chum,2017-08-28,08/28,20900,20900,4822072,daily,PilotCounts.xlsx,AllChum,W94,2017,
2017,pilot,Chum,2017-08-29,08/29,31849,31849,4853921,daily,PilotCounts.xlsx,AllChum,W95,2017,
2017,pilot,Chum,2017-08-30,08/30,11685,11685,4865606,daily,PilotCounts.xlsx,AllChum,W96,2017,
2017,pilot,Chum,2017-08-31,08/31,7203,7203,4872809,daily,PilotCounts.xlsx,AllChum,W97,2017,
2017,pilot,Chum,2017-09-01,09/01,6573,6573,4879382,daily,PilotCounts.xlsx,AllChum,W98,2017,
2017,pilot,Chum,2017-09-02,09/02,10874,10874,4890256,daily,PilotCounts.xlsx,AllChum,W99,2017,
2017,pilot,Chum,2017-09-03,09/03,12785,12785,4903041,daily,PilotCounts.xlsx,AllChum,W100,2017,
2017,pilot,Chum,2017-09-04,09/04,8643,8643,4911684,daily,PilotCounts.xlsx,AllChum,W101,2017,
2017,pilot,Chum,2017-09-05,09/05,6105,6105,4917789,daily,PilotCounts.xlsx,AllChum,W102,2017,
2017,pilot,Chum,2017-09-06,09/06,3206,3206,4920995,daily,PilotCounts.xlsx,AllChum,W103,2017,
2017,pilot,Chum,2017-09-07,09/07,2671,2671,4923666,daily,PilotCounts.xlsx,AllChum,W104,2017,
2017,pilot,Pink,2017-06-02,06/02,0,,0,cumulative,PilotCounts.xlsx,Pink,W7,2017,
2017,pilot,Pink,2017-06-03,06/03,0,0,0,cumulative,PilotCounts.xlsx,Pink,W8,2017,
2017,pilot,Pink,2017-06-04,06/04,0,0,0,cumulative,PilotCounts.xlsx,Pink,W9,2017,
2017,pilot,Pink,2017-06-05,06/05,0,0,0,cumulative,PilotCounts.xlsx,Pink,W10,2017,
2017,pilot,Pink,2017-06-06,06/06,0,0,0,cumulative,PilotCounts.xlsx,Pink,W11,2017,
2017,pilot,Pink,2017-06-07,06/07,0,0,0,cumulative,PilotCounts.xlsx,Pink,W12,2017,
2017,pilot,Pink,2017-06-08,06/08,0,0,0,cumulative,PilotCounts.xlsx,Pink,W13,2017,
2017,pilot,Pink,2017-06-09,06/09,0,0,0,cumulative,PilotCounts.xlsx,Pink,W14,2017,
2017,pilot,Pink,2017-06-10,06/10,0,0,0,cumulative,PilotCounts.xlsx,Pink,W15,2017,
2017,pilot,Pink,2017-06-11,06/11,0,0,0,cumulative,PilotCounts.xlsx,Pink,W16,2017,
2017,pilot,Pink,2017-06-12,06/12,0,0,0,cumulative,PilotCounts.xlsx,Pink,W17,2017,
2017,pilot,Pink,2017-06-13,06/13,0,0,0,cumulative,PilotCounts.xlsx,Pink,W18,2017,
2017,pilot,Pink,2017-06-14,06/14,0,0,0,cumulative,PilotCounts.xlsx,Pink,W19,2017,
2017,pilot,Pink,2017-06-15,06/15,0,0,0,cumulative,PilotCounts.xlsx,Pink,W20,2017,
2017,pilot,Pink,2017-06-16,06/16,0,0,0,cumulative,PilotCounts.xlsx,Pink,W21,2017,
2017,pilot,Pink,2017-06-17,06/17,0,0,0,cumulative,PilotCounts.xlsx,Pink,W22,2017,
2017,pilot,Pink,2017-06-18,06/18,0,0,0,cumulative,PilotCounts.xlsx,Pink,W23,2017,
2017,pilot,Pink,2017-06-19,06/19,0,0,0,cumulative,PilotCounts.xlsx,Pink,W24,2017,
2017,pilot,Pink,2017-06-20,06/20,0,0,0,cumulative,PilotCounts.xlsx,Pink,W25,2017,
2017,pilot,Pink,2017-06-21,06/21,0,0,0,cumulative,PilotCounts.xlsx,Pink,W26,2017,
2017,pilot,Pink,2017-06-22,06/22,0,0,0,cumulative,PilotCounts.xlsx,Pink,W27,2017,
2017,pilot,Pink,2017-06-23,06/23,0,0,0,cumulative,PilotCounts.xlsx,Pink,W28,2017,
2017,pilot,Pink,2017-06-24,06/24,415,415,415,cumulative,PilotCounts.xlsx,Pink,W29,2017,
2017,pilot,Pink,2017-06-25,06/25,415,0,415,cumulative,PilotCounts.xlsx,Pink,W30,2017,
2017,pilot,Pink,2017-06-26,06/26,415,0,415,cumulative,PilotCounts.xlsx,Pink,W31,2017,
2017,pilot,Pink,2017-06-27,06/27,949,534,949,cumulative,PilotCounts.xlsx,Pink,W32,2017,
2017,pilot,Pink,2017-06-28,06/28,949,0,949,cumulative,PilotCounts.xlsx,Pink,W33,2017,
2017,pilot,Pink,2017-06-29,06/29,949,0,949,cumulative,PilotCounts.xlsx,Pink,W34,2017,
2017,pilot,Pink,2017-06-30,06/30,949,0,949,cumulative,PilotCounts.xlsx,Pink,W35,2017,
2017,pilot,Pink,2017-07-01,07/01,1482,533,1482,cumulative,PilotCounts.xlsx,Pink,W36,2017,
2017,pilot,Pink,2017-07-02,07/02,1482,0,1482,cumulative,PilotCounts.xlsx,Pink,W37,2017,
2017,pilot,Pink,2017-07-03,07/03,1482,0,1482,cumulative,PilotCounts.xlsx,Pink,W38,2017,
2017,pilot,Pink,2017-07-04,07/04,1482,0,1482,cumulative,PilotCounts.xlsx,Pink,W39,2017,
2017,pilot,Pink,2017-07-05,07/05,1482,0,1482,cumulative,PilotCounts.xlsx,Pink,W40,2017,
2017,pilot,Pink,2017-07-06,07/06,1482,0,1482,cumulative,PilotCounts.xlsx,Pink,W41,2017,
2017,pilot,Pink,2017-07-07,07/07,1935,453,1935,cumulative,PilotCounts.xlsx,Pink,W42,2017,
2017,pilot,Pink,2017-07-08,07/08,4548,2613,4548,cumulative,PilotCounts.xlsx,Pink,W43,2017,
2017,pilot,Pink,2017-07-09,07/09,7313,2765,7313,cumulative,PilotCounts.xlsx,Pink,W44,2017,
2017,pilot,Pink,2017-07-10,07/10,9515,2202,9515,cumulative,PilotCounts.xlsx,Pink,W45,2017,
2017,pilot,Pink,2017-07-11,07/11,10720,1205,10720,cumulative,PilotCounts.xlsx,Pink,W46,2017,
2017,pilot,Pink,2017-07-12,07/12,13163,2443,13163,cumulative,PilotCounts.xlsx,Pink,W47,2017,
2017,pilot,Pink,2017-07-13,07/13,15666,2503,15666,cumulative,PilotCounts.xlsx,Pink,W48,2017,
2017,pilot,Pink,2017-07-14,07/14,18137,2471,18137,cumulative,PilotCounts.xlsx,Pink,W49,2017,
2017,pilot,Pink,2017-07-15,07/15,20992,2855,20992,cumulative,PilotCounts.xlsx,Pink,W50,2017,
2017,pilot,Pink,2017-07-16,07/16,25379,4387,25379,cumulative,PilotCounts.xlsx,Pink,W51,2017,
2017,pilot,Pink,2017-07-17,07/17,28723,3344,28723,cumulative,PilotCounts.xlsx,Pink,W52,2017,
2017,pilot,Pink,2017-07-18,07/18,32845,4122,32845,cumulative,PilotCounts.xlsx,Pink,W53,2017,
2017,pilot,Pink,2017-07-19,07/19,48780,15935,48780,cumulative,PilotCounts.xlsx,Pink,W54,2017,
2017,pilot,Pink,2017-07-20,07/20,57455,8675,57455,cumulative,PilotCounts.xlsx,Pink,W55,2017,
2017,pilot,Pink,2017-07-21,07/21,61646,4191,61646,cumulative,PilotCounts.xlsx,Pink,W56,2017,
2017,pilot,Pink,2017-07-22,07/22,75848,14202,75848,cumulative,PilotCounts.xlsx,Pink,W57,2017,
2017,pilot,Pink,2017-07-23,07/23,80987,5139,80987,cumulative,PilotCounts.xlsx,Pink,W58,2017,
2017,pilot,Pink,2017-07-24,07/24,84520,3533,84520,cumulative,PilotCounts.xlsx,Pink,W59,2017,
2017,pilot,Pink,2017-07-25,07/25,91009,6489,91009,cumulative,PilotCounts.xlsx,Pink,W60,2017,
2017,pilot,Pink,2017-07-26,07/26,100624,9615,100624,cumulative,PilotCounts.xlsx,Pink,W61,2017,
2017,pilot,Pink,2017-07-27,07/27,106893,6269,106893,cumulative,PilotCounts.xlsx,Pink,W62,2017,
2017,pilot,Pink,2017-07-28,07/28,112673,5780,112673,cumulative,PilotCounts.xlsx,Pink,W63,2017,
2017,pilot,Pink,2017-07-29,07/29,120077,7404,120077,cumulative,PilotCounts.xlsx,Pink,W64,2017,
2017,pilot,Pink,2017-07-30,07/30,126372,6295,126372,cumulative,PilotCounts.xlsx,Pink,W65,2017,
2017,pilot,Pink,2017-07-31,07/31,130204,3832,130204,cumulative,PilotCounts.xlsx,Pink,W66,2017,
2017,pilot,Pink,2017-08-01,08/01,135089,4885,135089,cumulative,PilotCounts.xlsx,Pink,W67,2017,
2017,pilot,Pink,2017-08-02,08/02,137919,2830,137919,cumulative,PilotCounts.xlsx,Pink,W68,2017,
2017,pilot,Pink,2017-08-03,08/03,139240,1321,139240,cumulative,PilotCounts.xlsx,Pink,W69,2017,
2017,pilot,Pink,2017-08-04,08/04,141666,2426,141666,cumulative,PilotCounts.xlsx,Pink,W70,2017,
2017,pilot,Pink,2017-08-05,08/05,145960,4294,145960,cumulative,PilotCounts.xlsx,Pink,W71,2017,
2017,pilot,Pink,2017-08-06,08/06,148516,2556,148516,cumulative,PilotCounts.xlsx,Pink,W72,2017,
2017,pilot,Pink,2017-08-07,08/07,151321,2805,151321,cumulative,PilotCounts.xlsx,Pink,W73,2017,
2017,pilot,Pink,2017-08-08,08/08,151820,499,151820,cumulative,PilotCounts.xlsx,Pink,W74,2017,
2017,pilot,Pink,2017-08-09,08/09,152512,692,152512,cumulative,PilotCounts.xlsx,Pink,W75,2017,
2017,pilot,Pink,2017-08-10,08/10,153674,1162,153674,cumulative,PilotCounts.xlsx,Pink,W76,2017,
2017,pilot,Pink,2017-08-11,08/11,154324,650,154324,cumulative,PilotCounts.xlsx,Pink,W77,2017,
2017,pilot,Pink,2017-08-12,08/12,155180,856,155180,cumulative,PilotCounts.xlsx,Pink,W78,2017,
2017,pilot,Pink,2017-08-13,08/13,161563,6383,161563,cumulative,PilotCounts.xlsx,Pink,W79,2017,
2017,pilot,Pink,2017-08-14,08/14,161563,0,161563,cumulative,PilotCounts.xlsx,Pink,W80,2017,
2017,pilot,Pink,2017-08-15,08/15,161563,0,161563,cumulative,PilotCounts.xlsx,Pink,W81,2017,
2017,pilot,Pink,2017-08-16,08/16,161563,0,161563,cumulative,PilotCounts.xlsx,Pink,W82,2017,
2017,pilot,Pink,2017-08-17,08/17,163115,1552,163115,cumulative,PilotCounts.xlsx,Pink,W83,2017,
2017,pilot,Pink,2017-08-18,08/18,163780,665,163780,cumulative,PilotCounts.xlsx,Pink,W84,2017,
2017,pilot,Pink,2017-08-19,08/19,164675,895,164675,cumulative,PilotCounts.xlsx,Pink,W85,2017,
2017,pilot,Pink,2017-08-20,08/20,164675,0,164675,cumulative,PilotCounts.xlsx,Pink,W86,2017,
2017,pilot,Pink,2017-08-21,08/21,165014,339,165014,cumulative,PilotCounts.xlsx,Pink,W87,2017,
2017,pilot,Pink,2017-08-22,08/22,165220,206,165220,cumulative,PilotCounts.xlsx,Pink,W88,2017,
2017,pilot,Pink,2017-08-23,08/23,165926,706,165926,cumulative,PilotCounts.xlsx,Pink,W89,2017,
2017,pilot,Pink,2017-08-24,08/24,166529,603,166529,cumulative,PilotCounts.xlsx,Pink,W90,2017,
2017,pilot,Pink,2017-08-25,08/25,166529,0,166529,cumulative,PilotCounts.xlsx,Pink,W91,2017,
2017,pilot,Pink,2017-08-26,08/26,166529,0,166529,cumulative,PilotCounts.xlsx,Pink,W92,2017,
2017,pilot,Pink,2017-08-27,08/27,166529,0,166529,cumulative,PilotCounts.xlsx,Pink,W93,2017,
2017,pilot,Pink,2017-08-28,08/28,166529,0,166529,cumulative,PilotCounts.xlsx,Pink,W94,2017,
2017,pilot,Pink,2017-08-29,08/29,166529,0,166529,cumulative,PilotCounts.xlsx,Pink,W95,2017,
2017,pilot,Pink,2017-08-30,08/30,166529,0,166529,cumulative,PilotCounts.xlsx,Pink,W96,2017,
2017,pilot,Pink,2017-08-31,08/31,166529,0,166529,cumulative,PilotCounts.xlsx,Pink,W97,2017,
2017,pilot,Pink,2017-09-01,09/01,166529,0,166529,cumulative,PilotCounts.xlsx,Pink,W98,2017,
2017,pilot,Pink,2017-09-02,09/02,166529,0,166529,cumulative,PilotCounts.xlsx,Pink,W99,2017,
2017,pilot,Pink,2017-09-03,09/03,166529,0,166529,cumulative,PilotCounts.xlsx,Pink,W100,2017,
2017,pilot,Pink,2017-09-04,09/04,166529,0,166529,cumulative,PilotCounts.xlsx,Pink,W101,2017,
2017,pilot,Pink,2017-09-05,09/05,166529,0,166529,cumulative,PilotCounts.xlsx,Pink,W102,2017,
2017,pilot,Pink,2017-09-06,09/06,166529,0,166529,cumulative,PilotCounts.xlsx,Pink,W103,2017,
2017,pilot,Pink,2017-09-07,09/07,166529,0,166529,cumulative,PilotCounts.xlsx,Pink,W104,2017,
2018,Anvik,Pink,2018-06-15,06/15,0,,0,cumulative,Anvik_PinkCounts.xlsx,Sheet1,AT3,2018,
2018,Anvik,Pink,2018-06-16,06/16,0,0,0,cumulative,Anvik_PinkCounts.xlsx,Sheet1,AT4,2018,
2018,Anvik,Pink,2018-06-17,06/17,0,0,0,cumulative,Anvik_PinkCounts.xlsx,Sheet1,AT5,2018,
2018,Anvik,Pink,2018-06-18,06/18,0,0,0,cumulative,Anvik_PinkCounts.xlsx,Sheet1,AT6,2018,
2018,Anvik,Pink,2018-06-19,06/19,0,0,0,cumulative,Anvik_PinkCounts.xlsx,Sheet1,AT7,2018,
2018,Anvik,Pink,2018-06-20,06/20,0,0,0,cumulative,Anvik_PinkCounts.xlsx,Sheet1,AT8,2018,
2018,Anvik,Pink,2018-06-21,06/21,0,0,0,cumulative,Anvik_PinkCounts.xlsx,Sheet1,AT9,2018,
2018,Anvik,Pink,2018-06-22,06/22,0,0,0,cumulative,Anvik_PinkCounts.xlsx,Sheet1,AT10,2018,
2018,Anvik,Pink,2018-06-23,06/23,0,0,0,cumulative,Anvik_PinkCounts.xlsx,Sheet1,AT11,2018,
2018,Anvik,Pink,2018-06-24,06/24,0,0,0,cumulative,Anvik_PinkCounts.xlsx,Sheet1,AT12,2018,
2018,Anvik,Pink,2018-06-25,06/25,779,779,779,cumulative,Anvik_PinkCounts.xlsx,Sheet1,AT13,2018,
2018,Anvik,Pink,2018-06-26,06/26,1152,373,1152,cumulative,Anvik_PinkCounts.xlsx,Sheet1,AT14,2018,
2018,Anvik,Pink,2018-06-27,06/27,1152,0,1152,cumulative,Anvik_PinkCounts.xlsx,Sheet1,AT15,2018,
2018,Anvik,Pink,2018-06-28,06/28,1182,30,1182,cumulative,Anvik_PinkCounts.xlsx,Sheet1,AT16,2018,
2018,Anvik,Pink,2018-06-29,06/29,1443,261,1443,cumulative,Anvik_PinkCounts.xlsx,Sheet1,AT17,2018,
2018,Anvik,Pink,2018-06-30,06/30,1451,8,1451,cumulative,Anvik_PinkCounts.xlsx,Sheet1,AT18,2018,
2018,Anvik,Pink,2018-07-01,07/01,2059,608,2059,cumulative,Anvik_PinkCounts.xlsx,Sheet1,AT19,2018,
2018,Anvik,Pink,2018-07-02,07/02,3404,1345,3404,cumulative,Anvik_PinkCounts.xlsx,Sheet1,AT20,2018,
2018,Anvik,Pink,2018-07-03,07/03,3837,433,3837,cumulative,Anvik_PinkCounts.xlsx,Sheet1,AT21,2018,
2018,Anvik,Pink,2018-07-04,07/04,5724,1887,5724,cumulative,Anvik_PinkCounts.xlsx,Sheet1,AT22,2018,
2018,Anvik,Pink,2018-07-05,07/05,7324,1600,7324,cumulative,Anvik_PinkCounts.xlsx,Sheet1,AT23,2018,
2018,Anvik,Pink,2018-07-06,07/06,11607,4283,11607,cumulative,Anvik_PinkCounts.xlsx,Sheet1,AT24,2018,
2018,Anvik,Pink,2018-07-07,07/07,18292,6685,18292,cumulative,Anvik_PinkCounts.xlsx,Sheet1,AT25,2018,
2018,Anvik,Pink,2018-07-08,07/08,26372,8080,26372,cumulative,Anvik_PinkCounts.xlsx,Sheet1,AT26,2018,
2018,Anvik,Pink,2018-07-09,07/09,31855,5483,31855,cumulative,Anvik_PinkCounts.xlsx,Sheet1,AT27,2018,
2018,Anvik,Pink,2018-07-10,07/10,38897,7042,38897,cumulative,Anvik_PinkCounts.xlsx,Sheet1,AT28,2018,
2018,Anvik,Pink,2018-07-11,07/11,52770,13873,52770,cumulative,Anvik_PinkCounts.xlsx,Sheet1,AT29,2018,
2018,Anvik,Pink,2018-07-12,07/12,77745,24975,77745,cumulative,Anvik_PinkCounts.xlsx,Sheet1,AT30,2018,
2018,Anvik,Pink,2018-07-13,07/13,112638,34893,112638,cumulative,Anvik_PinkCounts.xlsx,Sheet1,AT31,2018,
2018,Anvik,Pink,2018-07-14,07/14,163619,50981,163619,cumulative,Anvik_PinkCounts.xlsx,Sheet1,AT32,2018,
2018,Anvik,Pink,2018-07-15,07/15,245831,82212,245831,cumulative,Anvik_PinkCounts.xlsx,Sheet1,AT33,2018,
2018,Anvik,Pink,2018-07-16,07/16,316420,70589,316420,cumulative,Anvik_PinkCounts.xlsx,Sheet1,AT34,2018,
2018,Anvik,Pink,2018-07-17,07/17,397949,81529,397949,cumulative,Anvik_PinkCounts.xlsx,Sheet1,AT35,2018,
2018,Anvik,Pink,2018-07-18,07/18,490216,92267,490216,cumulative,Anvik_PinkCounts.xlsx,Sheet1,AT36,2018,
2018,Anvik,Pink,2018-07-19,07/19,567840,77624,567840,cumulative,Anvik_PinkCounts.xlsx,Sheet1,AT37,2018,
2018,Anvik,Pink,2018-07-20,07/20,627453,59613,627453,cumulative,Anvik_PinkCounts.xlsx,Sheet1,AT38,2018,
2018,Anvik,Pink,2018-07-21,07/21,707628,80175,707628,cumulative,Anvik_PinkCounts.xlsx,Sheet1,AT39,2018,
2018,Anvik,Pink,2018-07-22,07/22,795378,87750,795378,cumulative,Anvik_PinkCounts.xlsx,Sheet1,AT40,2018,
2018,Anvik,Pink,2018-07-23,07/23,884167,88789,884167,cumulative,Anvik_PinkCounts.xlsx,Sheet1,AT41,2018,
2018,Anvik,Pink,2018-07-24,07/24,964799,80632,964799,cumulative,Anvik_PinkCounts.xlsx,Sheet1,AT42,2018,
2018,Anvik,Pink,2018-07-25,07/25,1048965,84166,1048965,cumulative,Anvik_PinkCounts.xlsx,Sheet1,AT43,2018,
2018,Anvik,Pink,2018-07-26,07/26,1122346,73381,1122346,cumulative,Anvik_PinkCounts.xlsx,Sheet1,AT44,2018,
2018,EF_Andreafsky,Pink,2018-06-25,06/25,4,,4,cumulative,EF_Andreafsky_PinkCounts.xlsx,Sheet1,AH13,2018,
2018,EF_Andreafsky,Pink,2018-06-26,06/26,5,1,5,cumulative,EF_Andreafsky_PinkCounts.xlsx,Sheet1,AH14,2018,
2018,EF_Andreafsky,Pink,2018-06-27,06/27,15,10,15,cumulative,EF_Andreafsky_PinkCounts.xlsx,Sheet1,AH15,2018,
2018,EF_Andreafsky,Pink,2018-06-28,06/28,36,21,36,cumulative,EF_Andreafsky_PinkCounts.xlsx,Sheet1,AH16,2018,
2018,EF_Andreafsky,Pink,2018-06-29,06/29,87,51,87,cumulative,EF_Andreafsky_PinkCounts.xlsx,Sheet1,AH17,2018,
2018,EF_Andreafsky,Pink,2018-06-30,06/30,125,38,125,cumulative,EF_Andreafsky_PinkCounts.xlsx,Sheet1,AH18,2018,
2018,EF_Andreafsky,Pink,2018-07-01,07/01,214,89,214,cumulative,EF_Andreafsky_PinkCounts.xlsx,Sheet1,AH19,2018,
2018,EF_Andreafsky,Pink,2018-07-02,07/02,317,103,317,cumulative,EF_Andreafsky_PinkCounts.xlsx,Sheet1,AH20,2018,
2018,EF_Andreafsky,Pink,2018-07-03,07/03,440,123,440,cumulative,EF_Andreafsky_PinkCounts.xlsx,Sheet1,AH21,2018,
2018,EF_Andreafsky,Pink,2018-07-04,07/04,805,365,805,cumulative,EF_Andreafsky_PinkCounts.xlsx,Sheet1,AH22,2018,
2018,EF_Andreafsky,Pink,2018-07-05,07/05,1168,363,1168,cumulative,EF_Andreafsky_PinkCounts.xlsx,Sheet1,AH23,2018,
2018,EF_Andreafsky,Pink,2018-07-06,07/06,2930,1762,2930,cumulative,EF_Andreafsky_PinkCounts.xlsx,Sheet1,AH24,2018,
2018,EF_Andreafsky,Pink,2018-07-07,07/07,5064,2134,5064,cumulative,EF_Andreafsky_PinkCounts.xlsx,Sheet1,AH25,2018,
2018,EF_Andreafsky,Pink,2018-07-08,07/08,6083,1019,6083,cumulative,EF_Andreafsky_PinkCounts.xlsx,Sheet1,AH26,2018,
2018,EF_Andreafsky,Pink,2018-07-09,07/09,6440,357,6440,cumulative,EF_Andreafsky_PinkCounts.xlsx,Sheet1,AH27,2018,
2018,EF_Andreafsky,Pink,2018-07-10,07/10,6580,140,6580,cumulative,EF_Andreafsky_PinkCounts.xlsx,Sheet1,AH28,2018,
2018,EF_Andreafsky,Pink,2018-07-11,07/11,6923,343,6923,cumulative,EF_Andreafsky_PinkCounts.xlsx,Sheet1,AH29,2018,
2018,EF_Andreafsky,Pink,2018-07-12,07/12,7183,260,7183,cumulative,EF_Andreafsky_PinkCounts.xlsx,Sheet1,AH30,2018,
2018,EF_Andreafsky,Pink,2018-07-13,07/13,7818,635,7818,cumulative,EF_Andreafsky_PinkCounts.xlsx,Sheet1,AH31,2018,
2018,EF_Andreafsky,Pink,2018-07-14,07/14,8824,1006,8824,cumulative,EF_Andreafsky_PinkCounts.xlsx,Sheet1,AH32,2018,
2018,EF_Andreafsky,Pink,2018-07-15,07/15,9781,957,9781,cumulative,EF_Andreafsky_PinkCounts.xlsx,Sheet1,AH33,2018,
2018,EF_Andreafsky,Pink,2018-07-16,07/16,10504,723,10504,cumulative,EF_Andreafsky_PinkCounts.xlsx,Sheet1,AH34,2018,
2018,EF_Andreafsky,Pink,2018-07-17,07/17,15699,5195,15699,cumulative,EF_Andreafsky_PinkCounts.xlsx,Sheet1,AH35,2018,
2018,EF_Andreafsky,Pink,2018-07-18,07/18,19535,3836,19535,cumulative,EF_Andreafsky_PinkCounts.xlsx,Sheet1,AH36,2018,
2018,EF_Andreafsky,Pink,2018-07-19,07/19,23851,4316,23851,cumulative,EF_Andreafsky_PinkCounts.xlsx,Sheet1,AH37,2018,
2018,EF_Andreafsky,Pink,2018-07-20,07/20,28076,4225,28076,cumulative,EF_Andreafsky_PinkCounts.xlsx,Sheet1,AH38,2018,
2018,EF_Andreafsky,Pink,2018-07-21,07/21,39773,11697,39773,cumulative,EF_Andreafsky_PinkCounts.xlsx,Sheet1,AH39,2018,
2018,EF_Andreafsky,Pink,2018-07-22,07/22,48258,8485,48258,cumulative,EF_Andreafsky_PinkCounts.xlsx,Sheet1,AH40,2018,
2018,EF_Andreafsky,Pink,2018-07-23,07/23,53023,4765,53023,cumulative,EF_Andreafsky_PinkCounts.xlsx,Sheet1,AH41,2018,
2018,EF_Andreafsky,Pink,2018-07-24,07/24,59446,6423,59446,cumulative,EF_Andreafsky_PinkCounts.xlsx,Sheet1,AH42,2018,
2018,EF_Andreafsky,Pink,2018-07-25,07/25,68538,9092,68538,cumulative,EF_Andreafsky_PinkCounts.xlsx,Sheet1,AH43,2018,
2018,EF_Andreafsky,Pink,2018-07-26,07/26,75543,7005,75543,cumulative,EF_Andreafsky_PinkCounts.xlsx,Sheet1,AH44,2018,
2018,EF_Andreafsky,Pink,2018-07-27,07/27,84143,8600,84143,cumulative,EF_Andreafsky_PinkCounts.xlsx,Sheet1,AH45,2018,
2018,EF_Andreafsky,Pink,2018-07-28,07/28,89765,5622,89765,cumulative,EF_Andreafsky_PinkCounts.xlsx,Sheet1,AH46,2018,
2018,EF_Andreafsky,Pink,2018-07-29,07/29,96350,6585,96350,cumulative,EF_Andreafsky_PinkCounts.xlsx,Sheet1,AH47,2018,
2018,EF_Andreafsky,Pink,2018-07-30,07/30,96350,0,96350,cumulative,EF_Andreafsky_PinkCounts.xlsx,Sheet1,AH48,2018,
2018,EF_Andreafsky,Pink,2018-07-31,07/31,96350,0,96350,cumulative,EF_Andreafsky_PinkCounts.xlsx,Sheet1,AH49,2018,
2018,pilot,Chinook,2018-06-01,06/01,0,0,0,daily,PilotCounts.xlsx,AllChinook,W6,2018,
2018,pilot,Chinook,2018-06-02,06/02,0,0,0,daily,PilotCounts.xlsx,AllChinook,W7,2018,
2018,pilot,Chinook,2018-06-03,06/03,207,207,207,daily,PilotCounts.xlsx,AllChinook,W8,2018,
2018,pilot,Chinook,2018-06-04,06/04,228,228,435,daily,PilotCounts.xlsx,AllChinook,W9,2018,
2018,pilot,Chinook,2018-06-05,06/05,184,184,619,daily,PilotCounts.xlsx,AllChinook,W10,2018,
2018,pilot,Chinook,2018-06-06,06/06,278,278,897,daily,PilotCounts.xlsx,AllChinook,W11,2018,
2018,pilot,Chinook,2018-06-07,06/07,1058,1058,1955,daily,PilotCounts.xlsx,AllChinook,W12,2018,
2018,pilot,Chinook,2018-06-08,06/08,942,942,2897,daily,PilotCounts.xlsx,AllChinook,W13,2018,
2018,pilot,Chinook,2018-06-09,06/09,2071,2071,4968,daily,PilotCounts.xlsx,AllChinook,W14,2018,
2018,pilot,Chinook,2018-06-10,06/10,3734,3734,8702,daily,PilotCounts.xlsx,AllChinook,W15,2018,
2018,pilot,Chinook,2018-06-11,06/11,2200,2200,10902,daily,PilotCounts.xlsx,AllChinook,W16,2018,
2018,pilot,Chinook,2018-06-12,06/12,4336,4336,15238,daily,PilotCounts.xlsx,AllChinook,W17,2018,
2018,pilot,Chinook,2018-06-13,06/13,1037,1037,16275,daily,PilotCounts.xlsx,AllChinook,W18,2018,
2018,pilot,Chinook,2018-06-14,06/14,2599,2599,18874,daily,PilotCounts.xlsx,AllChinook,W19,2018,
2018,pilot,Chinook,2018-06-15,06/15,3660,3660,22534,daily,PilotCounts.xlsx,AllChinook,W20,2018,
2018,pilot,Chinook,2018-06-16,06/16,4570,4570,27104,daily,PilotCounts.xlsx,AllChinook,W21,2018,
2018,pilot,Chinook,2018-06-17,06/17,5535,5535,32639,daily,PilotCounts.xlsx,AllChinook,W22,2018,
2018,pilot,Chinook,2018-06-18,06/18,6424,6424,39063,daily,PilotCounts.xlsx,AllChinook,W23,2018,
2018,pilot,Chinook,2018-06-19,06/19,3583,3583,42646,daily,PilotCounts.xlsx,AllChinook,W24,2018,
2018,pilot,Chinook,2018-06-20,06/20,7385,7385,50031,daily,PilotCounts.xlsx,AllChinook,W25,2018,
2018,pilot,Chinook,2018-06-21,06/21,10334,10334,60365,daily,PilotCounts.xlsx,AllChinook,W26,2018,
2018,pilot,Chinook,2018-06-22,06/22,6245,6245,66610,daily,PilotCounts.xlsx,AllChinook,W27,2018,
2018,pilot,Chinook,2018-06-23,06/23,3477,3477,70087,daily,PilotCounts.xlsx,AllChinook,W28,2018,
2018,pilot,Chinook,2018-06-24,06/24,2458,2458,72545,daily,PilotCounts.xlsx,AllChinook,W29,2018,
2018,pilot,Chinook,2018-06-25,06/25,6441,6441,78986,daily,PilotCounts.xlsx,AllChinook,W30,2018,
2018,pilot,Chinook,2018-06-26,06/26,5691,5691,84677,daily,PilotCounts.xlsx,AllChinook,W31,2018,
2018,pilot,Chinook,2018-06-27,06/27,5569,5569,90246,daily,PilotCounts.xlsx,AllChinook,W32,2018,
2018,pilot,Chinook,2018-06-28,06/28,14266,14266,104512,daily,PilotCounts.xlsx,AllChinook,W33,2018,
2018,pilot,Chinook,2018-06-29,06/29,3344,3344,107856,daily,PilotCounts.xlsx,AllChinook,W34,2018,
2018,pilot,Chinook,2018-06-30,06/30,11205,11205,119061,daily,PilotCounts.xlsx,AllChinook,W35,2018,
2018,pilot,Chinook,2018-07-01,07/01,4293,4293,123354,daily,PilotCounts.xlsx,AllChinook,W36,2018,
2018,pilot,Chinook,2018-07-02,07/02,4208,4208,127562,daily,PilotCounts.xlsx,AllChinook,W37,2018,
2018,pilot,Chinook,2018-07-03,07/03,2053,2053,129615,daily,PilotCounts.xlsx,AllChinook,W38,2018,
2018,pilot,Chinook,2018-07-04,07/04,9267,9267,138882,daily,PilotCounts.xlsx,AllChinook,W39,2018,
2018,pilot,Chinook,2018-07-05,07/05,6893,6893,145775,daily,PilotCounts.xlsx,AllChinook,W40,2018,
2018,pilot,Chinook,2018-07-06,07/06,3427,3427,149202,daily,PilotCounts.xlsx,AllChinook,W41,2018,
2018,pilot,Chinook,2018-07-07,07/07,2530,2530,151732,daily,PilotCounts.xlsx,AllChinook,W42,2018,
2018,pilot,Chinook,2018-07-08,07/08,1457,1457,153189,daily,PilotCounts.xlsx,AllChinook,W43,2018,
2018,pilot,Chinook,2018-07-09,07/09,1459,1459,154648,daily,PilotCounts.xlsx,AllChinook,W44,2018,
2018,pilot,Chinook,2018-07-10,07/10,316,316,154964,daily,PilotCounts.xlsx,AllChinook,W45,2018,
2018,pilot,Chinook,2018-07-11,07/11,537,537,155501,daily,PilotCounts.xlsx,AllChinook,W46,2018,
2018,pilot,Chinook,2018-07-12,07/12,1288,1288,156789,daily,PilotCounts.xlsx,AllChinook,W47,2018,
2018,pilot,Chinook,2018-07-13,07/13,441,441,157230,daily,PilotCounts.xlsx,AllChinook,W48,2018,
2018,pilot,Chinook,2018-07-14,07/14,357,357,157587,daily,PilotCounts.xlsx,AllChinook,W49,2018,
2018,pilot,Chinook,2018-07-15,07/15,268,268,157855,daily,PilotCounts.xlsx,AllChinook,W50,2018,
2018,pilot,Chinook,2018-07-16,07/16,314,314,158169,daily,PilotCounts.xlsx,AllChinook,W51,2018,
2018,pilot,Chinook,2018-07-17,07/17,260,260,158429,daily,PilotCounts.xlsx,AllChinook,W52,2018,
2018,pilot,Chinook,2018-07-18,07/18,0,0,158429,daily,PilotCounts.xlsx,AllChinook,W53,2018,
2018,pilot,Chinook,2018-07-19,07/19,350,350,158779,daily,PilotCounts.xlsx,AllChinook,W54,2018,
2018,pilot,Chinook,2018-07-20,07/20,476,476,159255,daily,PilotCounts.xlsx,AllChinook,W55,2018,
2018,pilot,Chinook,2018-07-21,07/21,253,253,159508,daily,PilotCounts.xlsx,AllChinook,W56,2018,
2018,pilot,Chinook,2018-07-22,07/22,325,325,159833,daily,PilotCounts.xlsx,AllChinook,W57,2018,
2018,pilot,Chinook,2018-07-23,07/23,758,758,160591,daily,PilotCounts.xlsx,AllChinook,W58,2018,
2018,pilot,Chinook,2018-07-24,07/24,104,104,160695,daily,PilotCounts.xlsx,AllChinook,W59,2018,
2018,pilot,Chinook,2018-07-25,07/25,86,86,160781,daily,PilotCounts.xlsx,AllChinook,W60,2018,
2018,pilot,Chinook,2018-07-26,07/26,0,0,160781,daily,PilotCounts.xlsx,AllChinook,W61,2018,
2018,pilot,Chinook,2018-07-27,07/27,781,781,161562,daily,PilotCounts.xlsx,AllChinook,W62,2018,
2018,pilot,Chinook,2018-07-28,07/28,0,0,161562,daily,PilotCounts.xlsx,AllChinook,W63,2018,
2018,pilot,Chinook,2018-07-29,07/29,0,0,161562,daily,PilotCounts.xlsx,AllChinook,W64,2018,
2018,pilot,Chinook,2018-07-30,07/30,0,0,161562,daily,PilotCounts.xlsx,AllChinook,W65,2018,
2018,pilot,Chinook,2018-07-31,07/31,0,0,161562,daily,PilotCounts.xlsx,AllChinook,W66,2018,
2018,pilot,Chinook,2018-08-01,08/01,0,0,161562,daily,PilotCounts.xlsx,AllChinook,W67,2018,
2018,pilot,Chinook,2018-08-02,08/02,59,59,161621,daily,PilotCounts.xlsx,AllChinook,W68,2018,
2018,pilot,Chinook,2018-08-03,08/03,0,0,161621,daily,PilotCounts.xlsx,AllChinook,W69,2018,
2018,pilot,Chinook,2018-08-04,08/04,122,122,161743,daily,PilotCounts.xlsx,AllChinook,W70,2018,
2018,pilot,Chinook,2018-08-05,08/05,88,88,161831,daily,PilotCounts.xlsx,AllChinook,W71,2018,
2018,pilot,Chinook,2018-08-06,08/06,0,0,161831,daily,PilotCounts.xlsx,AllChinook,W72,2018,
2018,pilot,Chinook,2018-08-07,08/07,0,0,161831,daily,PilotCounts.xlsx,AllChinook,W73,2018,
2018,pilot,Chinook,2018-08-08,08/08,0,0,161831,daily,PilotCounts.xlsx,AllChinook,W74,2018,
2018,pilot,Chinook,2018-08-09,08/09,0,0,161831,daily,PilotCounts.xlsx,AllChinook,W75,2018,
2018,pilot,Chinook,2018-08-10,08/10,0,0,161831,daily,PilotCounts.xlsx,AllChinook,W76,2018,
2018,pilot,Chinook,2018-08-11,08/11,0,0,161831,daily,PilotCounts.xlsx,AllChinook,W77,2018,
2018,pilot,Chinook,2018-08-12,08/12,0,0,161831,daily,PilotCounts.xlsx,AllChinook,W78,2018,
2018,pilot,Chinook,2018-08-13,08/13,0,0,161831,daily,PilotCounts.xlsx,AllChinook,W79,2018,
2018,pilot,Chinook,2018-08-14,08/14,0,0,161831,daily,PilotCounts.xlsx,AllChinook,W80,2018,
2018,pilot,Chinook,2018-08-15,08/15,0,0,161831,daily,PilotCounts.xlsx,AllChinook,W81,2018,
2018,pilot,Chinook,2018-08-16,08/16,0,0,161831,daily,PilotCounts.xlsx,AllChinook,W82,2018,
2018,pilot,Chinook,2018-08-17,08/17,0,0,161831,daily,PilotCounts.xlsx,AllChinook,W83,2018,
2018,pilot,Chinook,2018-08-18,08/18,0,0,161831,daily,PilotCounts.xlsx,AllChinook,W84,2018,
2018,pilot,Chinook,2018-08-19,08/19,0,0,161831,daily,PilotCounts.xlsx,AllChinook,W85,2018,
2018,pilot,Chinook,2018-08-20,08/20,0,0,161831,daily,PilotCounts.xlsx,AllChinook,W86,2018,
2018,pilot,Chinook,2018-08-21,08/21,0,0,161831,daily,PilotCounts.xlsx,AllChinook,W87,2018,
2018,pilot,Chinook,2018-08-22,08/22,0,0,161831,daily,PilotCounts.xlsx,AllChinook,W88,2018,
2018,pilot,Chinook,2018-08-23,08/23,0,0,161831,daily,PilotCounts.xlsx,AllChinook,W89,2018,
2018,pilot,Chinook,2018-08-24,08/24,0,0,161831,daily,PilotCounts.xlsx,AllChinook,W90,2018,
2018,pilot,Chinook,2018-08-25,08/25,0,0,161831,daily,PilotCounts.xlsx,AllChinook,W91,2018,
2018,pilot,Chinook,2018-08-26,08/26,0,0,161831,daily,PilotCounts.xlsx,AllChinook,W92,2018,
2018,pilot,Chinook,2018-08-27,08/27,0,0,161831,daily,PilotCounts.xlsx,AllChinook,W93,2018,
2018,pilot,Chinook,2018-08-28,08/28,0,0,161831,daily,PilotCounts.xlsx,AllChinook,W94,2018,
2018,pilot,Chinook,2018-08-29,08/29,0,0,161831,daily,PilotCounts.xlsx,AllChinook,W95,2018,
2018,pilot,Chinook,2018-08-30,08/30,0,0,161831,daily,PilotCounts.xlsx,AllChinook,W96,2018,
2018,pilot,Chinook,2018-08-31,08/31,0,0,161831,daily,PilotCounts.xlsx,AllChinook,W97,2018,
2018,pilot,Chinook,2018-09-01,09/01,0,0,161831,daily,PilotCounts.xlsx,AllChinook,W98,2018,
2018,pilot,Chinook,2018-09-02,09/02,0,0,161831,daily,PilotCounts.xlsx,AllChinook,W99,2018,
2018,pilot,Chinook,2018-09-03,09/03,0,0,161831,daily,PilotCounts.xlsx,AllChinook,W100,2018,
2018,pilot,Chinook,2018-09-04,09/04,0,0,161831,daily,PilotCounts.xlsx,AllChinook,W101,2018,
2018,pilot,Chinook,2018-09-05,09/05,0,0,161831,daily,PilotCounts.xlsx,AllChinook,W102,2018,
2018,pilot,Chinook,2018-09-06,09/06,0,0,161831,daily,PilotCounts.xlsx,AllChinook,W103,2018,
2018,pilot,Chinook,2018-09-07,09/07,0,0,161831,daily,PilotCounts.xlsx,AllChinook,W104,2018,
2018,pilot,Chum,2018-06-01,06/01,645,645,645,daily,PilotCounts.xlsx,AllChum,X6,2018,
2018,pilot,Chum,2018-06-02,06/02,527,527,1172,daily,PilotCounts.xlsx,AllChum,X7,2018,
2018,pilot,Chum,2018-06-03,06/03,517,517,1689,daily,PilotCounts.xlsx,AllChum,X8,2018,
2018,pilot,Chum,2018-06-04,06/04,428,428,2117,daily,PilotCounts.xlsx,AllChum,X9,2018,
2018,pilot,Chum,2018-06-05,06/05,430,430,2547,daily,PilotCounts.xlsx,AllChum,X10,2018,
2018,pilot,Chum,2018-06-06,06/06,969,969,3516,daily,PilotCounts.xlsx,AllChum,X11,2018,
2018,pilot,Chum,2018-06-07,06/07,1639,1639,5155,daily,PilotCounts.xlsx,AllChum,X12,2018,
2018,pilot,Chum,2018-06-08,06/08,3022,3022,8177,daily,PilotCounts.xlsx,AllChum,X13,2018,
2018,pilot,Chum,2018-06-09,06/09,7750,7750,15927,daily,PilotCounts.xlsx,AllChum,X14,2018,
2018,pilot,Chum,2018-06-10,06/10,17869,17869,33796,daily,PilotCounts.xlsx,AllChum,X15,2018,
2018,pilot,Chum,2018-06-11,06/11,23715,23715,57511,daily,PilotCounts.xlsx,AllChum,X16,2018,
2018,pilot,Chum,2018-06-12,06/12,23143,23143,80654,daily,PilotCounts.xlsx,AllChum,X17,2018,
2018,pilot,Chum,2018-06-13,06/13,19456,19456,100110,daily,PilotCounts.xlsx,AllChum,X18,2018,
2018,pilot,Chum,2018-06-14,06/14,19636,19636,119746,daily,PilotCounts.xlsx,AllChum,X19,2018,
2018,pilot,Chum,2018-06-15,06/15,24570,24570,144316,daily,PilotCounts.xlsx,AllChum,X20,2018,
2018,pilot,Chum,2018-06-16,06/16,40101,40101,184417,daily,PilotCounts.xlsx,AllChum,X21,2018,
2018,pilot,Chum,2018-06-17,06/17,44118,44118,228535,daily,PilotCounts.xlsx,AllChum,X22,2018,
2018,pilot,Chum,2018-06-18,06/18,50319,50319,278854,daily,PilotCounts.xlsx,AllChum,X23,2018,
2018,pilot,Chum,2018-06-19,06/19,43446,43446,322300,daily,PilotCounts.xlsx,AllChum,X24,2018,
2018,pilot,Chum,2018-06-20,06/20,54171,54171,376471,daily,PilotCounts.xlsx,AllChum,X25,2018,
2018,pilot,Chum,2018-06-21,06/21,86214,86214,462685,daily,PilotCounts.xlsx,AllChum,X26,2018,
2018,pilot,Chum,2018-06-22,06/22,52350,52350,515035,daily,PilotCounts.xlsx,AllChum,X27,2018,
2018,pilot,Chum,2018-06-23,06/23,35855,35855,550890,daily,PilotCounts.xlsx,AllChum,X28,2018,
2018,pilot,Chum,2018-06-24,06/24,38636,38636,589526,daily,PilotCounts.xlsx,AllChum,X29,2018,
2018,pilot,Chum,2018-06-25,06/25,24714,24714,614240,daily,PilotCounts.xlsx,AllChum,X30,2018,
2018,pilot,Chum,2018-06-26,06/26,68999,68999,683239,daily,PilotCounts.xlsx,AllChum,X31,2018,
2018,pilot,Chum,2018-06-27,06/27,37894,37894,721133,daily,PilotCounts.xlsx,AllChum,X32,2018,
2018,pilot,Chum,2018-06-28,06/28,39004,39004,760137,daily,PilotCounts.xlsx,AllChum,X33,2018,
2018,pilot,Chum,2018-06-29,06/29,67810,67810,827947,daily,PilotCounts.xlsx,AllChum,X34,2018,
2018,pilot,Chum,2018-06-30,06/30,46434,46434,874381,daily,PilotCounts.xlsx,AllChum,X35,2018,
2018,pilot,Chum,2018-07-01,07/01,15864,15864,890245,daily,PilotCounts.xlsx,AllChum,X36,2018,
2018,pilot,Chum,2018-07-02,07/02,24000,24000,914245,daily,PilotCounts.xlsx,AllChum,X37,2018,
2018,pilot,Chum,2018-07-03,07/03,84649,84649,998894,daily,PilotCounts.xlsx,AllChum,X38,2018,
2018,pilot,Chum,2018-07-04,07/04,183896,183896,1182790,daily,PilotCounts.xlsx,AllChum,X39,2018,
2018,pilot,Chum,2018-07-05,07/05,178014,178014,1360804,daily,PilotCounts.xlsx,AllChum,X40,2018,
2018,pilot,Chum,2018-07-06,07/06,62542,62542,1423346,daily,PilotCounts.xlsx,AllChum,X41,2018,
2018,pilot,Chum,2018-07-07,07/07,17778,17778,1441124,daily,PilotCounts.xlsx,AllChum,X42,2018,
2018,pilot,Chum,2018-07-08,07/08,10649,10649,1451773,daily,PilotCounts.xlsx,AllChum,X43,2018,
2018,pilot,Chum,2018-07-09,07/09,8728,8728,1460501,daily,PilotCounts.xlsx,AllChum,X44,2018,
2018,pilot,Chum,2018-07-10,07/10,21885,21885,1482386,daily,PilotCounts.xlsx,AllChum,X45,2018,
2018,pilot,Chum,2018-07-11,07/11,33703,33703,1516089,daily,PilotCounts.xlsx,AllChum,X46,2018,
2018,pilot,Chum,2018-07-12,07/12,34558,34558,1550647,daily,PilotCounts.xlsx,AllChum,X47,2018,
2018,pilot,Chum,2018-07-13,07/13,6908,6908,1557555,daily,PilotCounts.xlsx,AllChum,X48,2018,
2018,pilot,Chum,2018-07-14,07/14,4926,4926,1562481,daily,PilotCounts.xlsx,AllChum,X49,2018,
2018,pilot,Chum,2018-07-15,07/15,14340,14340,1576821,daily,PilotCounts.xlsx,AllChum,X50,2018,
2018,pilot,Chum,2018-07-16,07/16,17316,17316,1594137,daily,PilotCounts.xlsx,AllChum,X51,2018,
2018,pilot,Chum,2018-07-17,07/17,13533,13533,1607670,daily,PilotCounts.xlsx,AllChum,X52,2018,
2018,pilot,Chum,2018-07-18,07/18,5018,5018,1612688,daily,PilotCounts.xlsx,AllChum,X53,2018,
2018,pilot,Chum,2018-07-19,07/19,25221,25221,1637909,daily,PilotCounts.xlsx,AllChum,X54,2018,
2018,pilot,Chum,2018-07-20,07/20,13121,13121,1651030,daily,PilotCounts.xlsx,AllChum,X55,2018,
2018,pilot,Chum,2018-07-21,07/21,20206,20206,1671236,daily,PilotCounts.xlsx,AllChum,X56,2018,
2018,pilot,Chum,2018-07-22,07/22,29346,29346,1700582,daily,PilotCounts.xlsx,AllChum,X57,2018,
2018,pilot,Chum,2018-07-23,07/23,13911,13911,1714493,daily,PilotCounts.xlsx,AllChum,X58,2018,
2018,pilot,Chum,2018-07-24,07/24,7048,7048,1721541,daily,PilotCounts.xlsx,AllChum,X59,2018,
2018,pilot,Chum,2018-07-25,07/25,7443,7443,1728984,daily,PilotCounts.xlsx,AllChum,X60,2018,
2018,pilot,Chum,2018-07-26,07/26,4790,4790,1733774,daily,PilotCounts.xlsx,AllChum,X61,2018,
2018,pilot,Chum,2018-07-27,07/27,2961,2961,1736735,daily,PilotCounts.xlsx,AllChum,X62,2018,
2018,pilot,Chum,2018-07-28,07/28,4823,4823,1741558,daily,PilotCounts.xlsx,AllChum,X63,2018,
2018,pilot,Chum,2018-07-29,07/29,5259,5259,1746817,daily,PilotCounts.xlsx,AllChum,X64,2018,
2018,pilot,Chum,2018-07-30,07/30,1766,1766,1748583,daily,PilotCounts.xlsx,AllChum,X65,2018,
2018,pilot,Chum,2018-07-31,07/31,540,540,1749123,daily,PilotCounts.xlsx,AllChum,X66,2018,
2018,pilot,Chum,2018-08-01,08/01,505,505,1749628,daily,PilotCounts.xlsx,AllChum,X67,2018,
2018,pilot,Chum,2018-08-02,08/02,7428,7428,1757056,daily,PilotCounts.xlsx,AllChum,X68,2018,
2018,pilot,Chum,2018-08-03,08/03,6539,6539,1763595,daily,PilotCounts.xlsx,AllChum,X69,2018,
2018,pilot,Chum,2018-08-04,08/04,27288,27288,1790883,daily,PilotCounts.xlsx,AllChum,X70,2018,
2018,pilot,Chum,2018-08-05,08/05,22531,22531,1813414,daily,PilotCounts.xlsx,AllChum,X71,2018,
2018,pilot,Chum,2018-08-06,08/06,23343,23343,1836757,daily,PilotCounts.xlsx,AllChum,X72,2018,
2018,pilot,Chum,2018-08-07,08/07,12934,12934,1849691,daily,PilotCounts.xlsx,AllChum,X73,2018,
2018,pilot,Chum,2018-08-08,08/08,8175,8175,1857866,daily,PilotCounts.xlsx,AllChum,X74,2018,
2018,pilot,Chum,2018-08-09,08/09,8129,8129,1865995,daily,PilotCounts.xlsx,AllChum,X75,2018,
2018,pilot,Chum,2018-08-10,08/10,40905,40905,1906900,daily,PilotCounts.xlsx,AllChum,X76,2018,
2018,pilot,Chum,2018-08-11,08/11,42266,42266,1949166,daily,PilotCounts.xlsx,AllChum,X77,2018,
2018,pilot,Chum,2018-08-12,08/12,15209,15209,1964375,daily,PilotCounts.xlsx,AllChum,X78,2018,
2018,pilot,Chum,2018-08-13,08/13,5462,5462,1969837,daily,PilotCounts.xlsx,AllChum,X79,2018,
2018,pilot,Chum,2018-08-14,08/14,3310,3310,1973147,daily,PilotCounts.xlsx,AllChum,X80,2018,
2018,pilot,Chum,2018-08-15,08/15,3274,3274,1976421,daily,PilotCounts.xlsx,AllChum,X81,2018,
2018,pilot,Chum,2018-08-16,08/16,10220,10220,1986641,daily,PilotCounts.xlsx,AllChum,X82,2018,
2018,pilot,Chum,2018-08-17,08/17,47618,47618,2034259,daily,PilotCounts.xlsx,AllChum,X83,2018,
2018,pilot,Chum,2018-08-18,08/18,50569,50569,2084828,daily,PilotCounts.xlsx,AllChum,X84,2018,
2018,pilot,Chum,2018-08-19,08/19,17303,17303,2102131,daily,PilotCounts.xlsx,AllChum,X85,2018,
2018,pilot,Chum,2018-08-20,08/20,53920,53920,2156051,daily,PilotCounts.xlsx,AllChum,X86,2018,
2018,pilot,Chum,2018-08-21,08/21,62406,62406,2218457,daily,PilotCounts.xlsx,AllChum,X87,2018,
2018,pilot,Chum,2018-08-22,08/22,24293,24293,2242750,daily,PilotCounts.xlsx,AllChum,X88,2018,
2018,pilot,Chum,2018-08-23,08/23,5528,5528,2248278,daily,PilotCounts.xlsx,AllChum,X89,2018,
2018,pilot,Chum,2018-08-24,08/24,1453,1453,2249731,daily,PilotCounts.xlsx,AllChum,X90,2018,
2018,pilot,Chum,2018-08-25,08/25,2427,2427,2252158,daily,PilotCounts.xlsx,AllChum,X91,2018,
2018,pilot,Chum,2018-08-26,08/26,3058,3058,2255216,daily,PilotCounts.xlsx,AllChum,X92,2018,
2018,pilot,Chum,2018-08-27,08/27,6989,6989,2262205,daily,PilotCounts.xlsx,AllChum,X93,2018,
2018,pilot,Chum,2018-08-28,08/28,11076,11076,2273281,daily,PilotCounts.xlsx,AllChum,X94,2018,
2018,pilot,Chum,2018-08-29,08/29,43946,43946,2317227,daily,PilotCounts.xlsx,AllChum,X95,2018,
2018,pilot,Chum,2018-08-30,08/30,91617,91617,2408844,daily,PilotCounts.xlsx,AllChum,X96,2018,
2018,pilot,Chum,2018-08-31,08/31,51904,51904,2460748,daily,PilotCounts.xlsx,AllChum,X97,2018,
2018,pilot,Chum,2018-09-01,09/01,19995,19995,2480743,daily,PilotCounts.xlsx,AllChum,X98,2018,
2018,pilot,Chum,2018-09-02,09/02,8193,8193,2488936,daily,PilotCounts.xlsx,AllChum,X99,2018,
2018,pilot,Chum,2018-09-03,09/03,6596,6596,2495532,daily,PilotCounts.xlsx,AllChum,X100,2018,
2018,pilot,Chum,2018-09-04,09/04,7655,7655,2503187,daily,PilotCounts.xlsx,AllChum,X101,2018,
2018,pilot,Chum,2018-09-05,09/05,14751,14751,2517938,daily,PilotCounts.xlsx,AllChum,X102,2018,
2018,pilot,Chum,2018-09-06,09/06,13419,13419,2531357,daily,PilotCounts.xlsx,AllChum,X103,2018,
2018,pilot,Chum,2018-09-07,09/07,9995,9995,2541352,daily,PilotCounts.xlsx,AllChum,X104,2018,
2018,pilot,Pink,2018-06-02,06/02,0,,0,cumulative,PilotCounts.xlsx,Pink,X7,2018,
2018,pilot,Pink,2018-06-03,06/03,0,0,0,cumulative,PilotCounts.xlsx,Pink,X8,2018,
2018,pilot,Pink,2018-06-04,06/04,0,0,0,cumulative,PilotCounts.xlsx,Pink,X9,2018,
2018,pilot,Pink,2018-06-05,06/05,0,0,0,cumulative,PilotCounts.xlsx,Pink,X10,2018,
2018,pilot,Pink,2018-06-06,06/06,0,0,0,cumulative,PilotCounts.xlsx,Pink,X11,2018,
2018,pilot,Pink,2018-06-07,06/07,0,0,0,cumulative,PilotCounts.xlsx,Pink,X12,2018,
2018,pilot,Pink,2018-06-08,06/08,0,0,0,cumulative,PilotCounts.xlsx,Pink,X13,2018,
2018,pilot,Pink,2018-06-09,06/09,0,0,0,cumulative,PilotCounts.xlsx,Pink,X14,2018,
2018,pilot,Pink,2018-06-10,06/10,0,0,0,cumulative,PilotCounts.xlsx,Pink,X15,2018,
2018,pilot,Pink,2018-06-11,06/11,0,0,0,cumulative,PilotCounts.xlsx,Pink,X16,2018,
2018,pilot,Pink,2018-06-12,06/12,0,0,0,cumulative,PilotCounts.xlsx,Pink,X17,2018,
2018,pilot,Pink,2018-06-13,06/13,0,0,0,cumulative,PilotCounts.xlsx,Pink,X18,2018,
2018,pilot,Pink,2018-06-14,06/14,0,0,0,cumulative,PilotCounts.xlsx,Pink,X19,2018,
2018,pilot,Pink,2018-06-15,06/15,0,0,0,cumulative,PilotCounts.xlsx,Pink,X20,2018,
2018,pilot,Pink,2018-06-16,06/16,0,0,0,cumulative,PilotCounts.xlsx,Pink,X21,2018,
2018,pilot,Pink,2018-06-17,06/17,0,0,0,cumulative,PilotCounts.xlsx,Pink,X22,2018,
2018,pilot,Pink,2018-06-18,06/18,386,386,386,cumulative,PilotCounts.xlsx,Pink,X23,2018,
2018,pilot,Pink,2018-06-19,06/19,386,0,386,cumulative,PilotCounts.xlsx,Pink,X24,2018,
2018,pilot,Pink,2018-06-20,06/20,933,547,933,cumulative,PilotCounts.xlsx,Pink,X25,2018,
2018,pilot,Pink,2018-06-21,06/21,933,0,933,cumulative,PilotCounts.xlsx,Pink,X26,2018,
2018,pilot,Pink,2018-06-22,06/22,933,0,933,cumulative,PilotCounts.xlsx,Pink,X27,2018,
2018,pilot,Pink,2018-06-23,06/23,933,0,933,cumulative,PilotCounts.xlsx,Pink,X28,2018,
2018,pilot,Pink,2018-06-24,06/24,1282,349,1282,cumulative,PilotCounts.xlsx,Pink,X29,2018,
2018,pilot,Pink,2018-06-25,06/25,1896,614,1896,cumulative,PilotCounts.xlsx,Pink,X30,2018,
2018,pilot,Pink,2018-06-26,06/26,5107,3211,5107,cumulative,PilotCounts.xlsx,Pink,X31,2018,
2018,pilot,Pink,2018-06-27,06/27,9318,4211,9318,cumulative,PilotCounts.xlsx,Pink,X32,2018,
2018,pilot,Pink,2018-06-28,06/28,14941,5623,14941,cumulative,PilotCounts.xlsx,Pink,X33,2018,
2018,pilot,Pink,2018-06-29,06/29,20279,5338,20279,cumulative,PilotCounts.xlsx,Pink,X34,2018,
2018,pilot,Pink,2018-06-30,06/30,21192,913,21192,cumulative,PilotCounts.xlsx,Pink,X35,2018,
2018,pilot,Pink,2018-07-01,07/01,30725,9533,30725,cumulative,PilotCounts.xlsx,Pink,X36,2018,
2018,pilot,Pink,2018-07-02,07/02,52169,21444,52169,cumulative,PilotCounts.xlsx,Pink,X37,2018,
2018,pilot,Pink,2018-07-03,07/03,75288,23119,75288,cumulative,PilotCounts.xlsx,Pink,X38,2018,
2018,pilot,Pink,2018-07-04,07/04,106385,31097,106385,cumulative,PilotCounts.xlsx,Pink,X39,2018,
2018,pilot,Pink,2018-07-05,07/05,164930,58545,164930,cumulative,PilotCounts.xlsx,Pink,X40,2018,
2018,pilot,Pink,2018-07-06,07/06,201171,36241,201171,cumulative,PilotCounts.xlsx,Pink,X41,2018,
2018,pilot,Pink,2018-07-07,07/07,217934,16763,217934,cumulative,PilotCounts.xlsx,Pink,X42,2018,
2018,pilot,Pink,2018-07-08,07/08,226684,8750,226684,cumulative,PilotCounts.xlsx,Pink,X43,2018,
2018,pilot,Pink,2018-07-09,07/09,236055,9371,236055,cumulative,PilotCounts.xlsx,Pink,X44,2018,
2018,pilot,Pink,2018-07-10,07/10,242132,6077,242132,cumulative,PilotCounts.xlsx,Pink,X45,2018,
2018,pilot,Pink,2018-07-11,07/11,250488,8356,250488,cumulative,PilotCounts.xlsx,Pink,X46,2018,
2018,pilot,Pink,2018-07-12,07/12,260076,9588,260076,cumulative,PilotCounts.xlsx,Pink,X47,2018,
2018,pilot,Pink,2018-07-13,07/13,269546,9470,269546,cumulative,PilotCounts.xlsx,Pink,X48,2018,
2018,pilot,Pink,2018-07-14,07/14,276881,7335,276881,cumulative,PilotCounts.xlsx,Pink,X49,2018,
2018,pilot,Pink,2018-07-15,07/15,286657,9776,286657,cumulative,PilotCounts.xlsx,Pink,X50,2018,
2018,pilot,Pink,2018-07-16,07/16,296916,10259,296916,cumulative,PilotCounts.xlsx,Pink,X51,2018,
2018,pilot,Pink,2018-07-17,07/17,305488,8572,305488,cumulative,PilotCounts.xlsx,Pink,X52,2018,
2018,pilot,Pink,2018-07-18,07/18,348393,42905,348393,cumulative,PilotCounts.xlsx,Pink,X53,2018,
2018,pilot,Pink,2018-07-19,07/19,361867,13474,361867,cumulative,PilotCounts.xlsx,Pink,X54,2018,
2018,pilot,Pink,2018-07-20,07/20,376516,14649,376516,cumulative,PilotCounts.xlsx,Pink,X55,2018,
2018,pilot,Pink,2018-07-21,07/21,388828,12312,388828,cumulative,PilotCounts.xlsx,Pink,X56,2018,
2018,pilot,Pink,2018-07-22,07/22,408048,19220,408048,cumulative,PilotCounts.xlsx,Pink,X57,2018,
2018,pilot,Pink,2018-07-23,07/23,439272,31224,439272,cumulative,PilotCounts.xlsx,Pink,X58,2018,
2018,pilot,Pink,2018-07-24,07/24,467257,27985,467257,cumulative,PilotCounts.xlsx,Pink,X59,2018,
2018,pilot,Pink,2018-07-25,07/25,496234,28977,496234,cumulative,PilotCounts.xlsx,Pink,X60,2018,
2018,pilot,Pink,2018-07-26,07/26,525972,29738,525972,cumulative,PilotCounts.xlsx,Pink,X61,2018,
2018,pilot,Pink,2018-07-27,07/27,556896,30924,556896,cumulative,PilotCounts.xlsx,Pink,X62,2018,
2018,pilot,Pink,2018-07-28,07/28,576546,19650,576546,cumulative,PilotCounts.xlsx,Pink,X63,2018,
2018,pilot,Pink,2018-07-29,07/29,600267,23721,600267,cumulative,PilotCounts.xlsx,Pink,X64,2018,
2018,pilot,Pink,2018-07-30,07/30,619039,18772,619039,cumulative,PilotCounts.xlsx,Pink,X65,2018,
2018,pilot,Pink,2018-07-31,07/31,635361,16322,635361,cumulative,PilotCounts.xlsx,Pink,X66,2018,
2018,pilot,Pink,2018-08-01,08/01,647272,11911,647272,cumulative,PilotCounts.xlsx,Pink,X67,2018,
2018,pilot,Pink,2018-08-02,08/02,657490,10218,657490,cumulative,PilotCounts.xlsx,Pink,X68,2018,
2018,pilot,Pink,2018-08-03,08/03,665027,7537,665027,cumulative,PilotCounts.xlsx,Pink,X69,2018,
2018,pilot,Pink,2018-08-04,08/04,667987,2960,667987,cumulative,PilotCounts.xlsx,Pink,X70,2018,
2018,pilot,Pink,2018-08-05,08/05,670764,2777,670764,cumulative,PilotCounts.xlsx,Pink,X71,2018,
2018,pilot,Pink,2018-08-06,08/06,675961,5197,675961,cumulative,PilotCounts.xlsx,Pink,X72,2018,
2018,pilot,Pink,2018-08-07,08/07,678781,2820,678781,cumulative,PilotCounts.xlsx,Pink,X73,2018,
2018,pilot,Pink,2018-08-08,08/08,680801,2020,680801,cumulative,PilotCounts.xlsx,Pink,X74,2018,
2018,pilot,Pink,2018-08-09,08/09,681144,343,681144,cumulative,PilotCounts.xlsx,Pink,X75,2018,
2018,pilot,Pink,2018-08-10,08/10,682497,1353,682497,cumulative,PilotCounts.xlsx,Pink,X76,2018,
2018,pilot,Pink,2018-08-11,08/11,683767,1270,683767,cumulative,PilotCounts.xlsx,Pink,X77,2018,
2018,pilot,Pink,2018-08-12,08/12,687975,4208,687975,cumulative,PilotCounts.xlsx,Pink,X78,2018,
2018,pilot,Pink,2018-08-13,08/13,688154,179,688154,cumulative,PilotCounts.xlsx,Pink,X79,2018,
2018,pilot,Pink,2018-08-14,08/14,688734,580,688734,cumulative,PilotCounts.xlsx,Pink,X80,2018,
2018,pilot,Pink,2018-08-15,08/15,689238,504,689238,cumulative,PilotCounts.xlsx,Pink,X81,2018,
2018,pilot,Pink,2018-08-16,08/16,689238,0,689238,cumulative,PilotCounts.xlsx,Pink,X82,2018,
2018,pilot,Pink,2018-08-17,08/17,689238,0,689238,cumulative,PilotCounts.xlsx,Pink,X83,2018,
2018,pilot,Pink,2018-08-18,08/18,689238,0,689238,cumulative,PilotCounts.xlsx,Pink,X84,2018,
2018,pilot,Pink,2018-08-19,08/19,689607,369,689607,cumulative,PilotCounts.xlsx,Pink,X85,2018,
2018,pilot,Pink,2018-08-20,08/20,689607,0,689607,cumulative,PilotCounts.xlsx,Pink,X86,2018,
2018,pilot,Pink,2018-08-21,08/21,689607,0,689607,cumulative,PilotCounts.xlsx,Pink,X87,2018,
2018,pilot,Pink,2018-08-22,08/22,689607,0,689607,cumulative,PilotCounts.xlsx,Pink,X88,2018,
2018,pilot,Pink,2018-08-23,08/23,689607,0,689607,cumulative,PilotCounts.xlsx,Pink,X89,2018,
2018,pilot,Pink,2018-08-24,08/24,689607,0,689607,cumulative,PilotCounts.xlsx,Pink,X90,2018,
2018,pilot,Pink,2018-08-25,08/25,689607,0,689607,cumulative,PilotCounts.xlsx,Pink,X91,2018,
2018,pilot,Pink,2018-08-26,08/26,689607,0,689607,cumulative,PilotCounts.xlsx,Pink,X92,2018,
2018,pilot,Pink,2018-08-27,08/27,689607,0,689607,cumulative,PilotCounts.xlsx,Pink,X93,2018,
2018,pilot,Pink,2018-08-28,08/28,689607,0,689607,cumulative,PilotCounts.xlsx,Pink,X94,2018,
2018,pilot,Pink,2018-08-29,08/29,689607,0,689607,cumulative,PilotCounts.xlsx,Pink,X95,2018,
2018,pilot,Pink,2018-08-30,08/30,689607,0,689607,cumulative,PilotCounts.xlsx,Pink,X96,2018,
2018,pilot,Pink,2018-08-31,08/31,689607,0,689607,cumulative,PilotCounts.xlsx,Pink,X97,2018,
2018,pilot,Pink,2018-09-01,09/01,689607,0,689607,cumulative,PilotCounts.xlsx,Pink,X98,2018,
2018,pilot,Pink,2018-09-02,09/02,689607,0,689607,cumulative,PilotCounts.xlsx,Pink,X99,2018,
2018,pilot,Pink,2018-09-03,09/03,689607,0,689607,cumulative,PilotCounts.xlsx,Pink,X100,2018,
2018,pilot,Pink,2018-09-04,09/04,689607,0,689607,cumulative,PilotCounts.xlsx,Pink,X101,2018,
2018,pilot,Pink,2018-09-05,09/05,689607,0,689607,cumulative,PilotCounts.xlsx,Pink,X102,2018,
2018,pilot,Pink,2018-09-06,09/06,689607,0,689607,cumulative,PilotCounts.xlsx,Pink,X103,2018,
2018,pilot,Pink,2018-09-07,09/07,689607,0,689607,cumulative,PilotCounts.xlsx,Pink,X104,2018,
2018,pilot,Pink,2018-09-08,09/08,689607,0,689607,cumulative,PilotCounts.xlsx,Pink,X105,2018,
2019,Anvik,Pink,2019-06-15,06/15,0,,0,cumulative,Anvik_PinkCounts.xlsx,Sheet1,AU3,2019,
2019,Anvik,Pink,2019-06-16,06/16,0,0,0,cumulative,Anvik_PinkCounts.xlsx,Sheet1,AU4,2019,
2019,Anvik,Pink,2019-06-17,06/17,0,0,0,cumulative,Anvik_PinkCounts.xlsx,Sheet1,AU5,2019,
2019,Anvik,Pink,2019-06-18,06/18,0,0,0,cumulative,Anvik_PinkCounts.xlsx,Sheet1,AU6,2019,
2019,Anvik,Pink,2019-06-19,06/19,0,0,0,cumulative,Anvik_PinkCounts.xlsx,Sheet1,AU7,2019,
2019,Anvik,Pink,2019-06-20,06/20,0,0,0,cumulative,Anvik_PinkCounts.xlsx,Sheet1,AU8,2019,
2019,Anvik,Pink,2019-06-21,06/21,0,0,0,cumulative,Anvik_PinkCounts.xlsx,Sheet1,AU9,2019,
2019,Anvik,Pink,2019-06-22,06/22,0,0,0,cumulative,Anvik_PinkCounts.xlsx,Sheet1,AU10,2019,
2019,Anvik,Pink,2019-06-23,06/23,0,0,0,cumulative,Anvik_PinkCounts.xlsx,Sheet1,AU11,2019,
2019,Anvik,Pink,2019-06-24,06/24,0,0,0,cumulative,Anvik_PinkCounts.xlsx,Sheet1,AU12,2019,
2019,Anvik,Pink,2019-06-25,06/25,0,0,0,cumulative,Anvik_PinkCounts.xlsx,Sheet1,AU13,2019,
2019,Anvik,Pink,2019-06-26,06/26,0,0,0,cumulative,Anvik_PinkCounts.xlsx,Sheet1,AU14,2019,
2019,Anvik,Pink,2019-06-27,06/27,0,0,0,cumulative,Anvik_PinkCounts.xlsx,Sheet1,AU15,2019,
2019,Anvik,Pink,2019-06-28,06/28,0,0,0,cumulative,Anvik_PinkCounts.xlsx,Sheet1,AU16,2019,
2019,Anvik,Pink,2019-06-29,06/29,0,0,0,cumulative,Anvik_PinkCounts.xlsx,Sheet1,AU17,2019,
2019,Anvik,Pink,2019-06-30,06/30,0,0,0,cumulative,Anvik_PinkCounts.xlsx,Sheet1,AU18,2019,
2019,Anvik,Pink,2019-07-01,07/01,0,0,0,cumulative,Anvik_PinkCounts.xlsx,Sheet1,AU19,2019,
2019,Anvik,Pink,2019-07-02,07/02,0,0,0,cumulative,Anvik_PinkCounts.xlsx,Sheet1,AU20,2019,
2019,Anvik,Pink,2019-07-03,07/03,0,0,0,cumulative,Anvik_PinkCounts.xlsx,Sheet1,AU21,2019,
2019,Anvik,Pink,2019-07-04,07/04,0,0,0,cumulative,Anvik_PinkCounts.xlsx,Sheet1,AU22,2019,
2019,Anvik,Pink,2019-07-05,07/05,0,0,0,cumulative,Anvik_PinkCounts.xlsx,Sheet1,AU23,2019,
2019,Anvik,Pink,2019-07-06,07/06,0,0,0,cumulative,Anvik_PinkCounts.xlsx,Sheet1,AU24,2019,
2019,Anvik,Pink,2019-07-07,07/07,32,32,32,cumulative,Anvik_PinkCounts.xlsx,Sheet1,AU25,2019,
2019,Anvik,Pink,2019-07-08,07/08,32,0,32,cumulative,Anvik_PinkCounts.xlsx,Sheet1,AU26,2019,
2019,Anvik,Pink,2019-07-09,07/09,32,0,32,cumulative,Anvik_PinkCounts.xlsx,Sheet1,AU27,2019,
2019,Anvik,Pink,2019-07-10,07/10,32,0,32,cumulative,Anvik_PinkCounts.xlsx,Sheet1,AU28,2019,
2019,Anvik,Pink,2019-07-11,07/11,32,0,32,cumulative,Anvik_PinkCounts.xlsx,Sheet1,AU29,2019,
2019,Anvik,Pink,2019-07-12,07/12,125,93,125,cumulative,Anvik_PinkCounts.xlsx,Sheet1,AU30,2019,
2019,Anvik,Pink,2019-07-13,07/13,125,0,125,cumulative,Anvik_PinkCounts.xlsx,Sheet1,AU31,2019,
2019,Anvik,Pink,2019-07-14,07/14,142,17,142,cumulative,Anvik_PinkCounts.xlsx,Sheet1,AU32,2019,
2019,Anvik,Pink,2019-07-15,07/15,142,0,142,cumulative,Anvik_PinkCounts.xlsx,Sheet1,AU33,2019,
2019,Anvik,Pink,2019-07-16,07/16,186,44,186,cumulative,Anvik_PinkCounts.xlsx,Sheet1,AU34,2019,
2019,Anvik,Pink,2019-07-17,07/17,186,0,186,cumulative,Anvik_PinkCounts.xlsx,Sheet1,AU35,2019,
2019,Anvik,Pink,2019-07-18,07/18,186,0,186,cumulative,Anvik_PinkCounts.xlsx,Sheet1,AU36,2019,
2019,Anvik,Pink,2019-07-19,07/19,211,25,211,cumulative,Anvik_PinkCounts.xlsx,Sheet1,AU37,2019,
2019,Anvik,Pink,2019-07-20,07/20,211,0,211,cumulative,Anvik_PinkCounts.xlsx,Sheet1,AU38,2019,
2019,Anvik,Pink,2019-07-21,07/21,211,0,211,cumulative,Anvik_PinkCounts.xlsx,Sheet1,AU39,2019,
2019,Anvik,Pink,2019-07-22,07/22,211,0,211,cumulative,Anvik_PinkCounts.xlsx,Sheet1,AU40,2019,
2019,Anvik,Pink,2019-07-23,07/23,222,11,222,cumulative,Anvik_PinkCounts.xlsx,Sheet1,AU41,2019,
2019,Anvik,Pink,2019-07-24,07/24,241,19,241,cumulative,Anvik_PinkCounts.xlsx,Sheet1,AU42,2019,
2019,Anvik,Pink,2019-07-25,07/25,241,0,241,cumulative,Anvik_PinkCounts.xlsx,Sheet1,AU43,2019,
2019,Anvik,Pink,2019-07-26,07/26,241,0,241,cumulative,Anvik_PinkCounts.xlsx,Sheet1,AU44,2019,
2019,Anvik,Pink,2019-07-27,07/27,241,0,241,cumulative,Anvik_PinkCounts.xlsx,Sheet1,AU45,2019,
2019,EF_Andreafsky,Pink,2019-06-28,06/28,0,,0,cumulative,EF_Andreafsky_PinkCounts.xlsx,Sheet1,AI16,2019,
2019,EF_Andreafsky,Pink,2019-06-29,06/29,5,5,5,cumulative,EF_Andreafsky_PinkCounts.xlsx,Sheet1,AI17,2019,
2019,EF_Andreafsky,Pink,2019-06-30,06/30,6,1,6,cumulative,EF_Andreafsky_PinkCounts.xlsx,Sheet1,AI18,2019,
2019,EF_Andreafsky,Pink,2019-07-01,07/01,7,1,7,cumulative,EF_Andreafsky_PinkCounts.xlsx,Sheet1,AI19,2019,
2019,EF_Andreafsky,Pink,2019-07-02,07/02,7,0,7,cumulative,EF_Andreafsky_PinkCounts.xlsx,Sheet1,AI20,2019,
2019,EF_Andreafsky,Pink,2019-07-03,07/03,10,3,10,cumulative,EF_Andreafsky_PinkCounts.xlsx,Sheet1,AI21,2019,
2019,EF_Andreafsky,Pink,2019-07-04,07/04,27,17,27,cumulative,EF_Andreafsky_PinkCounts.xlsx,Sheet1,AI22,2019,
2019,EF_Andreafsky,Pink,2019-07-05,07/05,93,66,93,cumulative,EF_Andreafsky_PinkCounts.xlsx,Sheet1,AI23,2019,
2019,EF_Andreafsky,Pink,2019-07-06,07/06,200,107,200,cumulative,EF_Andreafsky_PinkCounts.xlsx,Sheet1,AI24,2019,
2019,EF_Andreafsky,Pink,2019-07-07,07/07,370,170,370,cumulative,EF_Andreafsky_PinkCounts.xlsx,Sheet1,AI25,2019,
2019,EF_Andreafsky,Pink,2019-07-08,07/08,475,105,475,cumulative,EF_Andreafsky_PinkCounts.xlsx,Sheet1,AI26,2019,
2019,EF_Andreafsky,Pink,2019-07-09,07/09,616,141,616,cumulative,EF_Andreafsky_PinkCounts.xlsx,Sheet1,AI27,2019,
2019,EF_Andreafsky,Pink,2019-07-10,07/10,826,210,826,cumulative,EF_Andreafsky_PinkCounts.xlsx,Sheet1,AI28,2019,
2019,EF_Andreafsky,Pink,2019-07-11,07/11,1311,485,1311,cumulative,EF_Andreafsky_PinkCounts.xlsx,Sheet1,AI29,2019,
2019,EF_Andreafsky,Pink,2019-07-12,07/12,1864,553,1864,cumulative,EF_Andreafsky_PinkCounts.xlsx,Sheet1,AI30,2019,
2019,EF_Andreafsky,Pink,2019-07-13,07/13,2715,851,2715,cumulative,EF_Andreafsky_PinkCounts.xlsx,Sheet1,AI31,2019,
2019,EF_Andreafsky,Pink,2019-07-14,07/14,4591,1876,4591,cumulative,EF_Andreafsky_PinkCounts.xlsx,Sheet1,AI32,2019,
2019,EF_Andreafsky,Pink,2019-07-15,07/15,6740,2149,6740,cumulative,EF_Andreafsky_PinkCounts.xlsx,Sheet1,AI33,2019,
2019,EF_Andreafsky,Pink,2019-07-16,07/16,8324,1584,8324,cumulative,EF_Andreafsky_PinkCounts.xlsx,Sheet1,AI34,2019,
2019,EF_Andreafsky,Pink,2019-07-17,07/17,9360,1036,9360,cumulative,EF_Andreafsky_PinkCounts.xlsx,Sheet1,AI35,2019,
2019,EF_Andreafsky,Pink,2019-07-18,07/18,10196,836,10196,cumulative,EF_Andreafsky_PinkCounts.xlsx,Sheet1,AI36,2019,
2019,EF_Andreafsky,Pink,2019-07-19,07/19,11028,832,11028,cumulative,EF_Andreafsky_PinkCounts.xlsx,Sheet1,AI37,2019,
2019,EF_Andreafsky,Pink,2019-07-20,07/20,11743,715,11743,cumulative,EF_Andreafsky_PinkCounts.xlsx,Sheet1,AI38,2019,
2019,EF_Andreafsky,Pink,2019-07-21,07/21,12496,753,12496,cumulative,EF_Andreafsky_PinkCounts.xlsx,Sheet1,AI39,2019,
2019,EF_Andreafsky,Pink,2019-07-22,07/22,13472,976,13472,cumulative,EF_Andreafsky_PinkCounts.xlsx,Sheet1,AI40,2019,
2019,EF_Andreafsky,Pink,2019-07-23,07/23,14161,689,14161,cumulative,EF_Andreafsky_PinkCounts.xlsx,Sheet1,AI41,2019,
2019,EF_Andreafsky,Pink,2019-07-24,07/24,14854,693,14854,cumulative,EF_Andreafsky_PinkCounts.xlsx,Sheet1,AI42,2019,
2019,EF_Andreafsky,Pink,2019-07-25,07/25,15279,425,15279,cumulative,EF_Andreafsky_PinkCounts.xlsx,Sheet1,AI43,2019,
2019,EF_Andreafsky,Pink,2019-07-26,07/26,16299,1020,16299,cumulative,EF_Andreafsky_PinkCounts.xlsx,Sheet1,AI44,2019,
2019,EF_Andreafsky,Pink,2019-07-27,07/27,16869,570,16869,cumulative,EF_Andreafsky_PinkCounts.xlsx,Sheet1,AI45,2019,
2019,EF_Andreafsky,Pink,2019-07-28,07/28,17181,312,17181,cumulative,EF_Andreafsky_PinkCounts.xlsx,Sheet1,AI46,2019,
2019,EF_Andreafsky,Pink,2019-07-29,07/29,17340,159,17340,cumulative,EF_Andreafsky_PinkCounts.xlsx,Sheet1,AI47,2019,
2019,EF_Andreafsky,Pink,2019-07-30,07/30,17502,162,17502,cumulative,EF_Andreafsky_PinkCounts.xlsx,Sheet1,AI48,2019,
2019,EF_Andreafsky,Pink,2019-07-31,07/31,17502,0,17502,cumulative,EF_Andreafsky_PinkCounts.xlsx,Sheet1,AI49,2019,
2019,pilot,Chinook,2019-06-02,06/02,337,337,337,daily,PilotCounts.xlsx,AllChinook,X7,2019,
2019,pilot,Chinook,2019-06-03,06/03,864,864,1201,daily,PilotCounts.xlsx,AllChinook,X8,2019,
2019,pilot,Chinook,2019-06-04,06/04,445,445,1646,daily,PilotCounts.xlsx,AllChinook,X9,2019,
2019,pilot,Chinook,2019-06-05,06/05,908,908,2554,daily,PilotCounts.xlsx,AllChinook,X10,2019,
2019,pilot,Chinook,2019-06-06,06/06,2635,2635,5189,daily,PilotCounts.xlsx,AllChinook,X11,2019,
2019,pilot,Chinook,2019-06-07,06/07,2122,2122,7311,daily,PilotCounts.xlsx,AllChinook,X12,2019,
2019,pilot,Chinook,2019-06-08,06/08,2861,2861,10172,daily,PilotCounts.xlsx,AllChinook,X13,2019,
2019,pilot,Chinook,2019-06-09,06/09,2103,2103,12275,daily,PilotCounts.xlsx,AllChinook,X14,2019,
2019,pilot,Chinook,2019-06-10,06/10,2617,2617,14892,daily,PilotCounts.xlsx,AllChinook,X15,2019,
2019,pilot,Chinook,2019-06-11,06/11,1817,1817,16709,daily,PilotCounts.xlsx,AllChinook,X16,2019,
2019,pilot,Chinook,2019-06-12,06/12,1235,1235,17944,daily,PilotCounts.xlsx,AllChinook,X17,2019,
2019,pilot,Chinook,2019-06-13,06/13,1647,1647,19591,daily,PilotCounts.xlsx,AllChinook,X18,2019,
2019,pilot,Chinook,2019-06-14,06/14,4006,4006,23597,daily,PilotCounts.xlsx,AllChinook,X19,2019,
2019,pilot,Chinook,2019-06-15,06/15,2394,2394,25991,daily,PilotCounts.xlsx,AllChinook,X20,2019,
2019,pilot,Chinook,2019-06-16,06/16,2891,2891,28882,daily,PilotCounts.xlsx,AllChinook,X21,2019,
2019,pilot,Chinook,2019-06-17,06/17,3765,3765,32647,daily,PilotCounts.xlsx,AllChinook,X22,2019,
2019,pilot,Chinook,2019-06-18,06/18,8548,8548,41195,daily,PilotCounts.xlsx,AllChinook,X23,2019,
2019,pilot,Chinook,2019-06-19,06/19,5379,5379,46574,daily,PilotCounts.xlsx,AllChinook,X24,2019,
2019,pilot,Chinook,2019-06-20,06/20,11696,11696,58270,daily,PilotCounts.xlsx,AllChinook,X25,2019,
2019,pilot,Chinook,2019-06-21,06/21,12846,12846,71116,daily,PilotCounts.xlsx,AllChinook,X26,2019,
2019,pilot,Chinook,2019-06-22,06/22,5946,5946,77062,daily,PilotCounts.xlsx,AllChinook,X27,2019,
2019,pilot,Chinook,2019-06-23,06/23,4973,4973,82035,daily,PilotCounts.xlsx,AllChinook,X28,2019,
2019,pilot,Chinook,2019-06-24,06/24,7746,7746,89781,daily,PilotCounts.xlsx,AllChinook,X29,2019,
2019,pilot,Chinook,2019-06-25,06/25,13890,13890,103671,daily,PilotCounts.xlsx,AllChinook,X30,2019,
2019,pilot,Chinook,2019-06-26,06/26,8109,8109,111780,daily,PilotCounts.xlsx,AllChinook,X31,2019,
2019,pilot,Chinook,2019-06-27,06/27,3352,3352,115132,daily,PilotCounts.xlsx,AllChinook,X32,2019,
2019,pilot,Chinook,2019-06-28,06/28,8539,8539,123671,daily,PilotCounts.xlsx,AllChinook,X33,2019,
2019,pilot,Chinook,2019-06-29,06/29,11511,11511,135182,daily,PilotCounts.xlsx,AllChinook,X34,2019,
2019,pilot,Chinook,2019-06-30,06/30,20404,20404,155586,daily,PilotCounts.xlsx,AllChinook,X35,2019,
2019,pilot,Chinook,2019-07-01,07/01,6047,6047,161633,daily,PilotCounts.xlsx,AllChinook,X36,2019,
2019,pilot,Chinook,2019-07-02,07/02,11318,11318,172951,daily,PilotCounts.xlsx,AllChinook,X37,2019,
2019,pilot,Chinook,2019-07-03,07/03,12580,12580,185531,daily,PilotCounts.xlsx,AllChinook,X38,2019,
2019,pilot,Chinook,2019-07-04,07/04,10155,10155,195686,daily,PilotCounts.xlsx,AllChinook,X39,2019,
2019,pilot,Chinook,2019-07-05,07/05,4157,4157,199843,daily,PilotCounts.xlsx,AllChinook,X40,2019,
2019,pilot,Chinook,2019-07-06,07/06,2388,2388,202231,daily,PilotCounts.xlsx,AllChinook,X41,2019,
2019,pilot,Chinook,2019-07-07,07/07,3061,3061,205292,daily,PilotCounts.xlsx,AllChinook,X42,2019,
2019,pilot,Chinook,2019-07-08,07/08,1123,1123,206415,daily,PilotCounts.xlsx,AllChinook,X43,2019,
2019,pilot,Chinook,2019-07-09,07/09,868,868,207283,daily,PilotCounts.xlsx,AllChinook,X44,2019,
2019,pilot,Chinook,2019-07-10,07/10,1234,1234,208517,daily,PilotCounts.xlsx,AllChinook,X45,2019,
2019,pilot,Chinook,2019-07-11,07/11,420,420,208937,daily,PilotCounts.xlsx,AllChinook,X46,2019,
2019,pilot,Chinook,2019-07-12,07/12,473,473,209410,daily,PilotCounts.xlsx,AllChinook,X47,2019,
2019,pilot,Chinook,2019-07-13,07/13,470,470,209880,daily,PilotCounts.xlsx,AllChinook,X48,2019,
2019,pilot,Chinook,2019-07-14,07/14,739,739,210619,daily,PilotCounts.xlsx,AllChinook,X49,2019,
2019,pilot,Chinook,2019-07-15,07/15,390,390,211009,daily,PilotCounts.xlsx,AllChinook,X50,2019,
2019,pilot,Chinook,2019-07-16,07/16,254,254,211263,daily,PilotCounts.xlsx,AllChinook,X51,2019,
2019,pilot,Chinook,2019-07-17,07/17,527,527,211790,daily,PilotCounts.xlsx,AllChinook,X52,2019,
2019,pilot,Chinook,2019-07-18,07/18,0,0,211790,daily,PilotCounts.xlsx,AllChinook,X53,2019,
2019,pilot,Chinook,2019-07-19,07/19,96,96,211886,daily,PilotCounts.xlsx,AllChinook,X54,2019,
2019,pilot,Chinook,2019-07-20,07/20,318,318,212204,daily,PilotCounts.xlsx,AllChinook,X55,2019,
2019,pilot,Chinook,2019-07-21,07/21,1451,1451,213655,daily,PilotCounts.xlsx,AllChinook,X56,2019,
2019,pilot,Chinook,2019-07-22,07/22,595,595,214250,daily,PilotCounts.xlsx,AllChinook,X57,2019,
2019,pilot,Chinook,2019-07-23,07/23,520,520,214770,daily,PilotCounts.xlsx,AllChinook,X58,2019,
2019,pilot,Chinook,2019-07-24,07/24,440,440,215210,daily,PilotCounts.xlsx,AllChinook,X59,2019,
2019,pilot,Chinook,2019-07-25,07/25,0,0,215210,daily,PilotCounts.xlsx,AllChinook,X60,2019,
2019,pilot,Chinook,2019-07-26,07/26,188,188,215398,daily,PilotCounts.xlsx,AllChinook,X61,2019,
2019,pilot,Chinook,2019-07-27,07/27,172,172,215570,daily,PilotCounts.xlsx,AllChinook,X62,2019,
2019,pilot,Chinook,2019-07-28,07/28,339,339,215909,daily,PilotCounts.xlsx,AllChinook,X63,2019,
2019,pilot,Chinook,2019-07-29,07/29,165,165,216074,daily,PilotCounts.xlsx,AllChinook,X64,2019,
2019,pilot,Chinook,2019-07-30,07/30,294,294,216368,daily,PilotCounts.xlsx,AllChinook,X65,2019,
2019,pilot,Chinook,2019-07-31,07/31,149,149,216517,daily,PilotCounts.xlsx,AllChinook,X66,2019,
2019,pilot,Chinook,2019-08-01,08/01,751,751,217268,daily,PilotCounts.xlsx,AllChinook,X67,2019,
2019,pilot,Chinook,2019-08-02,08/02,786,786,218054,daily,PilotCounts.xlsx,AllChinook,X68,2019,
2019,pilot,Chinook,2019-08-03,08/03,462,462,218516,daily,PilotCounts.xlsx,AllChinook,X69,2019,
2019,pilot,Chinook,2019-08-04,08/04,329,329,218845,daily,PilotCounts.xlsx,AllChinook,X70,2019,
2019,pilot,Chinook,2019-08-05,08/05,0,0,218845,daily,PilotCounts.xlsx,AllChinook,X71,2019,
2019,pilot,Chinook,2019-08-06,08/06,0,0,218845,daily,PilotCounts.xlsx,AllChinook,X72,2019,
2019,pilot,Chinook,2019-08-07,08/07,0,0,218845,daily,PilotCounts.xlsx,AllChinook,X73,2019,
2019,pilot,Chinook,2019-08-08,08/08,0,0,218845,daily,PilotCounts.xlsx,AllChinook,X74,2019,
2019,pilot,Chinook,2019-08-09,08/09,0,0,218845,daily,PilotCounts.xlsx,AllChinook,X75,2019,
2019,pilot,Chinook,2019-08-10,08/10,0,0,218845,daily,PilotCounts.xlsx,AllChinook,X76,2019,
2019,pilot,Chinook,2019-08-11,08/11,135,135,218980,daily,PilotCounts.xlsx,AllChinook,X77,2019,
2019,pilot,Chinook,2019-08-12,08/12,0,0,218980,daily,PilotCounts.xlsx,AllChinook,X78,2019,
2019,pilot,Chinook,2019-08-13,08/13,194,194,219174,daily,PilotCounts.xlsx,AllChinook,X79,2019,
2019,pilot,Chinook,2019-08-14,08/14,211,211,219385,daily,PilotCounts.xlsx,AllChinook,X80,2019,
2019,pilot,Chinook,2019-08-15,08/15,0,0,219385,daily,PilotCounts.xlsx,AllChinook,X81,2019,
2019,pilot,Chinook,2019-08-16,08/16,0,0,219385,daily,PilotCounts.xlsx,AllChinook,X82,2019,
2019,pilot,Chinook,2019-08-17,08/17,0,0,219385,daily,PilotCounts.xlsx,AllChinook,X83,2019,
2019,pilot,Chinook,2019-08-18,08/18,0,0,219385,daily,PilotCounts.xlsx,AllChinook,X84,2019,
2019,pilot,Chinook,2019-08-19,08/19,0,0,219385,daily,PilotCounts.xlsx,AllChinook,X85,2019,
2019,pilot,Chinook,2019-08-20,08/20,0,0,219385,daily,PilotCounts.xlsx,AllChinook,X86,2019,
2019,pilot,Chinook,2019-08-21,08/21,0,0,219385,daily,PilotCounts.xlsx,AllChinook,X87,2019,
2019,pilot,Chinook,2019-08-22,08/22,0,0,219385,daily,PilotCounts.xlsx,AllChinook,X88,2019,
2019,pilot,Chinook,2019-08-23,08/23,102,102,219487,daily,PilotCounts.xlsx,AllChinook,X89,2019,
2019,pilot,Chinook,2019-08-24,08/24,137,137,219624,daily,PilotCounts.xlsx,AllChinook,X90,2019,
2019,pilot,Chinook,2019-08-25,08/25,0,0,219624,daily,PilotCounts.xlsx,AllChinook,X91,2019,
2019,pilot,Chinook,2019-08-26,08/26,0,0,219624,daily,PilotCounts.xlsx,AllChinook,X92,2019,
2019,pilot,Chinook,2019-08-27,08/27,0,0,219624,daily,PilotCounts.xlsx,AllChinook,X93,2019,
2019,pilot,Chinook,2019-08-28,08/28,0,0,219624,daily,PilotCounts.xlsx,AllChinook,X94,2019,
2019,pilot,Chinook,2019-08-29,08/29,0,0,219624,daily,PilotCounts.xlsx,AllChinook,X95,2019,
2019,pilot,Chinook,2019-08-30,08/30,0,0,219624,daily,PilotCounts.xlsx,AllChinook,X96,2019,
2019,pilot,Chinook,2019-08-31,08/31,0,0,219624,daily,PilotCounts.xlsx,AllChinook,X97,2019,
2019,pilot,Chum,2019-06-02,06/02,11,11,11,daily,PilotCounts.xlsx,AllChum,Y7,2019,
2019,pilot,Chum,2019-06-03,06/03,5,5,16,daily,PilotCounts.xlsx,AllChum,Y8,2019,
2019,pilot,Chum,2019-06-04,06/04,258,258,274,daily,PilotCounts.xlsx,AllChum,Y9,2019,
2019,pilot,Chum,2019-06-05,06/05,33,33,307,daily,PilotCounts.xlsx,AllChum,Y10,2019,
2019,pilot,Chum,2019-06-06,06/06,28,28,335,daily,PilotCounts.xlsx,AllChum,Y11,2019,
2019,pilot,Chum,2019-06-07,06/07,689,689,1024,daily,PilotCounts.xlsx,AllChum,Y12,2019,
2019,pilot,Chum,2019-06-08,06/08,1584,1584,2608,daily,PilotCounts.xlsx,AllChum,Y13,2019,
2019,pilot,Chum,2019-06-09,06/09,2090,2090,4698,daily,PilotCounts.xlsx,AllChum,Y14,2019,
2019,pilot,Chum,2019-06-10,06/10,2037,2037,6735,daily,PilotCounts.xlsx,AllChum,Y15,2019,
2019,pilot,Chum,2019-06-11,06/11,2055,2055,8790,daily,PilotCounts.xlsx,AllChum,Y16,2019,
2019,pilot,Chum,2019-06-12,06/12,1997,1997,10787,daily,PilotCounts.xlsx,AllChum,Y17,2019,
2019,pilot,Chum,2019-06-13,06/13,649,649,11436,daily,PilotCounts.xlsx,AllChum,Y18,2019,
2019,pilot,Chum,2019-06-14,06/14,269,269,11705,daily,PilotCounts.xlsx,AllChum,Y19,2019,
2019,pilot,Chum,2019-06-15,06/15,1429,1429,13134,daily,PilotCounts.xlsx,AllChum,Y20,2019,
2019,pilot,Chum,2019-06-16,06/16,524,524,13658,daily,PilotCounts.xlsx,AllChum,Y21,2019,
2019,pilot,Chum,2019-06-17,06/17,591,591,14249,daily,PilotCounts.xlsx,AllChum,Y22,2019,
2019,pilot,Chum,2019-06-18,06/18,1085,1085,15334,daily,PilotCounts.xlsx,AllChum,Y23,2019,
2019,pilot,Chum,2019-06-19,06/19,2244,2244,17578,daily,PilotCounts.xlsx,AllChum,Y24,2019,
2019,pilot,Chum,2019-06-20,06/20,4997,4997,22575,daily,PilotCounts.xlsx,AllChum,Y25,2019,
2019,pilot,Chum,2019-06-21,06/21,26078,26078,48653,daily,PilotCounts.xlsx,AllChum,Y26,2019,
2019,pilot,Chum,2019-06-22,06/22,10003,10003,58656,daily,PilotCounts.xlsx,AllChum,Y27,2019,
2019,pilot,Chum,2019-06-23,06/23,6477,6477,65133,daily,PilotCounts.xlsx,AllChum,Y28,2019,
2019,pilot,Chum,2019-06-24,06/24,23567,23567,88700,daily,PilotCounts.xlsx,AllChum,Y29,2019,
2019,pilot,Chum,2019-06-25,06/25,78018,78018,166718,daily,PilotCounts.xlsx,AllChum,Y30,2019,
2019,pilot,Chum,2019-06-26,06/26,36261,36261,202979,daily,PilotCounts.xlsx,AllChum,Y31,2019,
2019,pilot,Chum,2019-06-27,06/27,15199,15199,218178,daily,PilotCounts.xlsx,AllChum,Y32,2019,
2019,pilot,Chum,2019-06-28,06/28,22822,22822,241000,daily,PilotCounts.xlsx,AllChum,Y33,2019,
2019,pilot,Chum,2019-06-29,06/29,169606,169606,410606,daily,PilotCounts.xlsx,AllChum,Y34,2019,
2019,pilot,Chum,2019-06-30,06/30,160816,160816,571422,daily,PilotCounts.xlsx,AllChum,Y35,2019,
2019,pilot,Chum,2019-07-01,07/01,51248,51248,622670,daily,PilotCounts.xlsx,AllChum,Y36,2019,
2019,pilot,Chum,2019-07-02,07/02,68332,68332,691002,daily,PilotCounts.xlsx,AllChum,Y37,2019,
2019,pilot,Chum,2019-07-03,07/03,177290,177290,868292,daily,PilotCounts.xlsx,AllChum,Y38,2019,
2019,pilot,Chum,2019-07-04,07/04,137836,137836,1006128,daily,PilotCounts.xlsx,AllChum,Y39,2019,
2019,pilot,Chum,2019-07-05,07/05,57963,57963,1064091,daily,PilotCounts.xlsx,AllChum,Y40,2019,
2019,pilot,Chum,2019-07-06,07/06,53540,53540,1117631,daily,PilotCounts.xlsx,AllChum,Y41,2019,
2019,pilot,Chum,2019-07-07,07/07,44319,44319,1161950,daily,PilotCounts.xlsx,AllChum,Y42,2019,
2019,pilot,Chum,2019-07-08,07/08,17913,17913,1179863,daily,PilotCounts.xlsx,AllChum,Y43,2019,
2019,pilot,Chum,2019-07-09,07/09,14099,14099,1193962,daily,PilotCounts.xlsx,AllChum,Y44,2019,
2019,pilot,Chum,2019-07-10,07/10,12144,12144,1206106,daily,PilotCounts.xlsx,AllChum,Y45,2019,
2019,pilot,Chum,2019-07-11,07/11,15319,15319,1221425,daily,PilotCounts.xlsx,AllChum,Y46,2019,
2019,pilot,Chum,2019-07-12,07/12,16461,16461,1237886,daily,PilotCounts.xlsx,AllChum,Y47,2019,
2019,pilot,Chum,2019-07-13,07/13,19322,19322,1257208,daily,PilotCounts.xlsx,AllChum,Y48,2019,
2019,pilot,Chum,2019-07-14,07/14,28511,28511,1285719,daily,PilotCounts.xlsx,AllChum,Y49,2019,
2019,pilot,Chum,2019-07-15,07/15,51056,51056,1336775,daily,PilotCounts.xlsx,AllChum,Y50,2019,
2019,pilot,Chum,2019-07-16,07/16,31095,31095,1367870,daily,PilotCounts.xlsx,AllChum,Y51,2019,
2019,pilot,Chum,2019-07-17,07/17,14345,14345,1382215,daily,PilotCounts.xlsx,AllChum,Y52,2019,
2019,pilot,Chum,2019-07-18,07/18,20710,20710,1402925,daily,PilotCounts.xlsx,AllChum,Y53,2019,
2019,pilot,Chum,2019-07-19,07/19,28306,28306,1431231,daily,PilotCounts.xlsx,AllChum,Y54,2019,
2019,pilot,Chum,2019-07-20,07/20,31121,31121,1462352,daily,PilotCounts.xlsx,AllChum,Y55,2019,
2019,pilot,Chum,2019-07-21,07/21,40568,40568,1502920,daily,PilotCounts.xlsx,AllChum,Y56,2019,
2019,pilot,Chum,2019-07-22,07/22,25207,25207,1528127,daily,PilotCounts.xlsx,AllChum,Y57,2019,
2019,pilot,Chum,2019-07-23,07/23,24094,24094,1552221,daily,PilotCounts.xlsx,AllChum,Y58,2019,
2019,pilot,Chum,2019-07-24,07/24,28552,28552,1580773,daily,PilotCounts.xlsx,AllChum,Y59,2019,
2019,pilot,Chum,2019-07-25,07/25,19666,19666,1600439,daily,PilotCounts.xlsx,AllChum,Y60,2019,
2019,pilot,Chum,2019-07-26,07/26,9746,9746,1610185,daily,PilotCounts.xlsx,AllChum,Y61,2019,
2019,pilot,Chum,2019-07-27,07/27,9766,9766,1619951,daily,PilotCounts.xlsx,AllChum,Y62,2019,
2019,pilot,Chum,2019-07-28,07/28,12869,12869,1632820,daily,PilotCounts.xlsx,AllChum,Y63,2019,
2019,pilot,Chum,2019-07-29,07/29,12805,12805,1645625,daily,PilotCounts.xlsx,AllChum,Y64,2019,
2019,pilot,Chum,2019-07-30,07/30,7453,7453,1653078,daily,PilotCounts.xlsx,AllChum,Y65,2019,
2019,pilot,Chum,2019-07-31,07/31,4998,4998,1658076,daily,PilotCounts.xlsx,AllChum,Y66,2019,
2019,pilot,Chum,2019-08-01,08/01,3014,3014,1661090,daily,PilotCounts.xlsx,AllChum,Y67,2019,
2019,pilot,Chum,2019-08-02,08/02,9933,9933,1671023,daily,PilotCounts.xlsx,AllChum,Y68,2019,
2019,pilot,Chum,2019-08-03,08/03,19552,19552,1690575,daily,PilotCounts.xlsx,AllChum,Y69,2019,
2019,pilot,Chum,2019-08-04,08/04,17646,17646,1708221,daily,PilotCounts.xlsx,AllChum,Y70,2019,
2019,pilot,Chum,2019-08-05,08/05,12979,12979,1721200,daily,PilotCounts.xlsx,AllChum,Y71,2019,
2019,pilot,Chum,2019-08-06,08/06,62820,62820,1784020,daily,PilotCounts.xlsx,AllChum,Y72,2019,
2019,pilot,Chum,2019-08-07,08/07,39364,39364,1823384,daily,PilotCounts.xlsx,AllChum,Y73,2019,
2019,pilot,Chum,2019-08-08,08/08,19684,19684,1843068,daily,PilotCounts.xlsx,AllChum,Y74,2019,
2019,pilot,Chum,2019-08-09,08/09,7855,7855,1850923,daily,PilotCounts.xlsx,AllChum,Y75,2019,
2019,pilot,Chum,2019-08-10,08/10,3312,3312,1854235,daily,PilotCounts.xlsx,AllChum,Y76,2019,
2019,pilot,Chum,2019-08-11,08/11,2852,2852,1857087,daily,PilotCounts.xlsx,AllChum,Y77,2019,
2019,pilot,Chum,2019-08-12,08/12,2417,2417,1859504,daily,PilotCounts.xlsx,AllChum,Y78,2019,
2019,pilot,Chum,2019-08-13,08/13,1883,1883,1861387,daily,PilotCounts.xlsx,AllChum,Y79,2019,
2019,pilot,Chum,2019-08-14,08/14,1415,1415,1862802,daily,PilotCounts.xlsx,AllChum,Y80,2019,
2019,pilot,Chum,2019-08-15,08/15,7228,7228,1870030,daily,PilotCounts.xlsx,AllChum,Y81,2019,
2019,pilot,Chum,2019-08-16,08/16,26193,26193,1896223,daily,PilotCounts.xlsx,AllChum,Y82,2019,
2019,pilot,Chum,2019-08-17,08/17,49141,49141,1945364,daily,PilotCounts.xlsx,AllChum,Y83,2019,
2019,pilot,Chum,2019-08-18,08/18,55455,55455,2000819,daily,PilotCounts.xlsx,AllChum,Y84,2019,
2019,pilot,Chum,2019-08-19,08/19,29153,29153,2029972,daily,PilotCounts.xlsx,AllChum,Y85,2019,
2019,pilot,Chum,2019-08-20,08/20,7306,7306,2037278,daily,PilotCounts.xlsx,AllChum,Y86,2019,
2019,pilot,Chum,2019-08-21,08/21,6779,6779,2044057,daily,PilotCounts.xlsx,AllChum,Y87,2019,
2019,pilot,Chum,2019-08-22,08/22,3245,3245,2047302,daily,PilotCounts.xlsx,AllChum,Y88,2019,
2019,pilot,Chum,2019-08-23,08/23,3747,3747,2051049,daily,PilotCounts.xlsx,AllChum,Y89,2019,
2019,pilot,Chum,2019-08-24,08/24,6396,6396,2057445,daily,PilotCounts.xlsx,AllChum,Y90,2019,
2019,pilot,Chum,2019-08-25,08/25,20274,20274,2077719,daily,PilotCounts.xlsx,AllChum,Y91,2019,
2019,pilot,Chum,2019-08-26,08/26,61824,61824,2139543,daily,PilotCounts.xlsx,AllChum,Y92,2019,
2019,pilot,Chum,2019-08-27,08/27,48087,48087,2187630,daily,PilotCounts.xlsx,AllChum,Y93,2019,
2019,pilot,Chum,2019-08-28,08/28,21165,21165,2208795,daily,PilotCounts.xlsx,AllChum,Y94,2019,
2019,pilot,Chum,2019-08-29,08/29,10236,10236,2219031,daily,PilotCounts.xlsx,AllChum,Y95,2019,
2019,pilot,Chum,2019-08-30,08/30,13195,13195,2232226,daily,PilotCounts.xlsx,AllChum,Y96,2019,
2019,pilot,Chum,2019-08-31,08/31,12740,12740,2244966,daily,PilotCounts.xlsx,AllChum,Y97,2019,
2019,pilot,Pink,2019-06-02,06/02,0,,0,cumulative,PilotCounts.xlsx,Pink,Y7,2019,
2019,pilot,Pink,2019-06-03,06/03,0,0,0,cumulative,PilotCounts.xlsx,Pink,Y8,2019,
2019,pilot,Pink,2019-06-04,06/04,0,0,0,cumulative,PilotCounts.xlsx,Pink,Y9,2019,
2019,pilot,Pink,2019-06-05,06/05,0,0,0,cumulative,PilotCounts.xlsx,Pink,Y10,2019,
2019,pilot,Pink,2019-06-06,06/06,0,0,0,cumulative,PilotCounts.xlsx,Pink,Y11,2019,
2019,pilot,Pink,2019-06-07,06/07,0,0,0,cumulative,PilotCounts.xlsx,Pink,Y12,2019,
2019,pilot,Pink,2019-06-08,06/08,0,0,0,cumulative,PilotCounts.xlsx,Pink,Y13,2019,
2019,pilot,Pink,2019-06-09,06/09,0,0,0,cumulative,PilotCounts.xlsx,Pink,Y14,2019,
2019,pilot,Pink,2019-06-10,06/10,0,0,0,cumulative,PilotCounts.xlsx,Pink,Y15,2019,
2019,pilot,Pink,2019-06-11,06/11,0,0,0,cumulative,PilotCounts.xlsx,Pink,Y16,2019,
2019,pilot,Pink,2019-06-12,06/12,0,0,0,cumulative,PilotCounts.xlsx,Pink,Y17,2019,
2019,pilot,Pink,2019-06-13,06/13,0,0,0,cumulative,PilotCounts.xlsx,Pink,Y18,2019,
2019,pilot,Pink,2019-06-14,06/14,0,0,0,cumulative,PilotCounts.xlsx,Pink,Y19,2019,
2019,pilot,Pink,2019-06-15,06/15,0,0,0,cumulative,PilotCounts.xlsx,Pink,Y20,2019,
2019,pilot,Pink,2019-06-16,06/16,0,0,0,cumulative,PilotCounts.xlsx,Pink,Y21,2019,
2019,pilot,Pink,2019-06-17,06/17,0,0,0,cumulative,PilotCounts.xlsx,Pink,Y22,2019,
2019,pilot,Pink,2019-06-18,06/18,0,0,0,cumulative,PilotCounts.xlsx,Pink,Y23,2019,
2019,pilot,Pink,2019-06-19,06/19,0,0,0,cumulative,PilotCounts.xlsx,Pink,Y24,2019,
2019,pilot,Pink,2019-06-20,06/20,0,0,0,cumulative,PilotCounts.xlsx,Pink,Y25,2019,
2019,pilot,Pink,2019-06-21,06/21,0,0,0,cumulative,PilotCounts.xlsx,Pink,Y26,2019,
2019,pilot,Pink,2019-06-22,06/22,0,0,0,cumulative,PilotCounts.xlsx,Pink,Y27,2019,
2019,pilot,Pink,2019-06-23,06/23,0,0,0,cumulative,PilotCounts.xlsx,Pink,Y28,2019,
2019,pilot,Pink,2019-06-24,06/24,0,0,0,cumulative,PilotCounts.xlsx,Pink,Y29,2019,
2019,pilot,Pink,2019-06-25,06/25,0,0,0,cumulative,PilotCounts.xlsx,Pink,Y30,2019,
2019,pilot,Pink,2019-06-26,06/26,0,0,0,cumulative,PilotCounts.xlsx,Pink,Y31,2019,
2019,pilot,Pink,2019-06-27,06/27,0,0,0,cumulative,PilotCounts.xlsx,Pink,Y32,2019,
2019,pilot,Pink,2019-06-28,06/28,0,0,0,cumulative,PilotCounts.xlsx,Pink,Y33,2019,
2019,pilot,Pink,2019-06-29,06/29,0,0,0,cumulative,PilotCounts.xlsx,Pink,Y34,2019,
2019,pilot,Pink,2019-06-30,06/30,0,0,0,cumulative,PilotCounts.xlsx,Pink,Y35,2019,
2019,pilot,Pink,2019-07-01,07/01,0,0,0,cumulative,PilotCounts.xlsx,Pink,Y36,2019,
2019,pilot,Pink,2019-07-02,07/02,0,0,0,cumulative,PilotCounts.xlsx,Pink,Y37,2019,
2019,pilot,Pink,2019-07-03,07/03,1680,1680,1680,cumulative,PilotCounts.xlsx,Pink,Y38,2019,
2019,pilot,Pink,2019-07-04,07/04,3599,1919,3599,cumulative,PilotCounts.xlsx,Pink,Y39,2019,
2019,pilot,Pink,2019-07-05,07/05,4502,903,4502,cumulative,PilotCounts.xlsx,Pink,Y40,2019,
2019,pilot,Pink,2019-07-06,07/06,5775,1273,5775,cumulative,PilotCounts.xlsx,Pink,Y41,2019,
2019,pilot,Pink,2019-07-07,07/07,6687,912,6687,cumulative,PilotCounts.xlsx,Pink,Y42,2019,
2019,pilot,Pink,2019-07-08,07/08,6810,123,6810,cumulative,PilotCounts.xlsx,Pink,Y43,2019,
2019,pilot,Pink,2019-07-09,07/09,6934,124,6934,cumulative,PilotCounts.xlsx,Pink,Y44,2019,
2019,pilot,Pink,2019-07-10,07/10,7880,946,7880,cumulative,PilotCounts.xlsx,Pink,Y45,2019,
2019,pilot,Pink,2019-07-11,07/11,10122,2242,10122,cumulative,PilotCounts.xlsx,Pink,Y46,2019,
2019,pilot,Pink,2019-07-12,07/12,12268,2146,12268,cumulative,PilotCounts.xlsx,Pink,Y47,2019,
2019,pilot,Pink,2019-07-13,07/13,13868,1600,13868,cumulative,PilotCounts.xlsx,Pink,Y48,2019,
2019,pilot,Pink,2019-07-14,07/14,16011,2143,16011,cumulative,PilotCounts.xlsx,Pink,Y49,2019,
2019,pilot,Pink,2019-07-15,07/15,17186,1175,17186,cumulative,PilotCounts.xlsx,Pink,Y50,2019,
2019,pilot,Pink,2019-07-16,07/16,17951,765,17951,cumulative,PilotCounts.xlsx,Pink,Y51,2019,
2019,pilot,Pink,2019-07-17,07/17,17951,0,17951,cumulative,PilotCounts.xlsx,Pink,Y52,2019,
2019,pilot,Pink,2019-07-18,07/18,17951,0,17951,cumulative,PilotCounts.xlsx,Pink,Y53,2019,
2019,pilot,Pink,2019-07-19,07/19,18774,823,18774,cumulative,PilotCounts.xlsx,Pink,Y54,2019,
2019,pilot,Pink,2019-07-20,07/20,18774,0,18774,cumulative,PilotCounts.xlsx,Pink,Y55,2019,
2019,pilot,Pink,2019-07-21,07/21,19394,620,19394,cumulative,PilotCounts.xlsx,Pink,Y56,2019,
2019,pilot,Pink,2019-07-22,07/22,22637,3243,22637,cumulative,PilotCounts.xlsx,Pink,Y57,2019,
2019,pilot,Pink,2019-07-23,07/23,25615,2978,25615,cumulative,PilotCounts.xlsx,Pink,Y58,2019,
2019,pilot,Pink,2019-07-24,07/24,26703,1088,26703,cumulative,PilotCounts.xlsx,Pink,Y59,2019,
2019,pilot,Pink,2019-07-25,07/25,26703,0,26703,cumulative,PilotCounts.xlsx,Pink,Y60,2019,
2019,pilot,Pink,2019-07-26,07/26,29377,2674,29377,cumulative,PilotCounts.xlsx,Pink,Y61,2019,
2019,pilot,Pink,2019-07-27,07/27,30233,856,30233,cumulative,PilotCounts.xlsx,Pink,Y62,2019,
2019,pilot,Pink,2019-07-28,07/28,30233,0,30233,cumulative,PilotCounts.xlsx,Pink,Y63,2019,
2019,pilot,Pink,2019-07-29,07/29,32312,2079,32312,cumulative,PilotCounts.xlsx,Pink,Y64,2019,
2019,pilot,Pink,2019-07-30,07/30,33555,1243,33555,cumulative,PilotCounts.xlsx,Pink,Y65,2019,
2019,pilot,Pink,2019-07-31,07/31,35126,1571,35126,cumulative,PilotCounts.xlsx,Pink,Y66,2019,
2019,pilot,Pink,2019-08-01,08/01,36528,1402,36528,cumulative,PilotCounts.xlsx,Pink,Y67,2019,
2019,pilot,Pink,2019-08-02,08/02,37561,1033,37561,cumulative,PilotCounts.xlsx,Pink,Y68,2019,
2019,pilot,Pink,2019-08-03,08/03,38653,1092,38653,cumulative,PilotCounts.xlsx,Pink,Y69,2019,
2019,pilot,Pink,2019-08-04,08/04,39393,740,39393,cumulative,PilotCounts.xlsx,Pink,Y70,2019,
2019,pilot,Pink,2019-08-05,08/05,40171,778,40171,cumulative,PilotCounts.xlsx,Pink,Y71,2019,
2019,pilot,Pink,2019-08-06,08/06,40171,0,40171,cumulative,PilotCounts.xlsx,Pink,Y72,2019,
2019,pilot,Pink,2019-08-07,08/07,40705,534,40705,cumulative,PilotCounts.xlsx,Pink,Y73,2019,
2019,pilot,Pink,2019-08-08,08/08,40993,288,40993,cumulative,PilotCounts.xlsx,Pink,Y74,2019,
2019,pilot,Pink,2019-08-09,08/09,40993,0,40993,cumulative,PilotCounts.xlsx,Pink,Y75,2019,
2019,pilot,Pink,2019-08-10,08/10,41976,983,41976,cumulative,PilotCounts.xlsx,Pink,Y76,2019,
2019,pilot,Pink,2019-08-11,08/11,41976,0,41976,cumulative,PilotCounts.xlsx,Pink,Y77,2019,
2019,pilot,Pink,2019-08-12,08/12,41976,0,41976,cumulative,PilotCounts.xlsx,Pink,Y78,2019,
2019,pilot,Pink,2019-08-13,08/13,41976,0,41976,cumulative,PilotCounts.xlsx,Pink,Y79,2019,
2019,pilot,Pink,2019-08-14,08/14,41976,0,41976,cumulative,PilotCounts.xlsx,Pink,Y80,2019,
2019,pilot,Pink,2019-08-15,08/15,42353,377,42353,cumulative,PilotCounts.xlsx,Pink,Y81,2019,
2019,pilot,Pink,2019-08-16,08/16,42353,0,42353,cumulative,PilotCounts.xlsx,Pink,Y82,2019,
2019,pilot,Pink,2019-08-17,08/17,42353,0,42353,cumulative,PilotCounts.xlsx,Pink,Y83,2019,
2019,pilot,Pink,2019-08-18,08/18,42353,0,42353,cumulative,PilotCounts.xlsx,Pink,Y84,2019,
2019,pilot,Pink,2019-08-19,08/19,42353,0,42353,cumulative,PilotCounts.xlsx,Pink,Y85,2019,
2019,pilot,Pink,2019-08-20,08/20,42353,0,42353,cumulative,PilotCounts.xlsx,Pink,Y86,2019,
2019,pilot,Pink,2019-08-21,08/21,42353,0,42353,cumulative,PilotCounts.xlsx,Pink,Y87,2019,
2019,pilot,Pink,2019-08-22,08/22,42353,0,42353,cumulative,PilotCounts.xlsx,Pink,Y88,2019,
2019,pilot,Pink,2019-08-23,08/23,42353,0,42353,cumulative,PilotCounts.xlsx,Pink,Y89,2019,
2019,pilot,Pink,2019-08-24,08/24,42353,0,42353,cumulative,PilotCounts.xlsx,Pink,Y90,2019,
2019,pilot,Pink,2019-08-25,08/25,42353,0,42353,cumulative,PilotCounts.xlsx,Pink,Y91,2019,
2019,pilot,Pink,2019-08-26,08/26,42353,0,42353,cumulative,PilotCounts.xlsx,Pink,Y92,2019,
2019,pilot,Pink,2019-08-27,08/27,42353,0,42353,cumulative,PilotCounts.xlsx,Pink,Y93,2019,
2019,pilot,Pink,2019-08-28,08/28,42353,0,42353,cumulative,PilotCounts.xlsx,Pink,Y94,2019,
2019,pilot,Pink,2019-08-29,08/29,42353,0,42353,cumulative,PilotCounts.xlsx,Pink,Y95,2019,
2019,pilot,Pink,2019-08-30,08/30,42353,0,42353,cumulative,PilotCounts.xlsx,Pink,Y96,2019,
2019,pilot,Pink,2019-08-31,08/31,42353,0,42353,cumulative,PilotCounts.xlsx,Pink,Y97,2019,
2019,pilot,Pink,2019-09-01,09/01,42353,0,42353,cumulative,PilotCounts.xlsx,Pink,Y98,2019,
2019,pilot,Pink,2019-09-02,09/02,42353,0,42353,cumulative,PilotCounts.xlsx,Pink,Y99,2019,
2019,pilot,Pink,2019-09-03,09/03,42353,0,42353,cumulative,PilotCounts.xlsx,Pink,Y100,2019,
2019,pilot,Pink,2019-09-04,09/04,42353,0,42353,cumulative,PilotCounts.xlsx,Pink,Y101,2019,
2019,pilot,Pink,2019-09-05,09/05,42353,0,42353,cumulative,PilotCounts.xlsx,Pink,Y102,2019,
2019,pilot,Pink,2019-09-06,09/06,42353,0,42353,cumulative,PilotCounts.xlsx,Pink,Y103,2019,
2019,pilot,Pink,2019-09-07,09/07,42353,0,42353,cumulative,PilotCounts.xlsx,Pink,Y104,2019,
2019,pilot,Pink,2019-09-08,09/08,42353,0,42353,cumulative,PilotCounts.xlsx,Pink,Y105,2019,
2020,pilot,Chinook,2020-06-07,06/07,1562,1562,1562,daily,PilotCounts.xlsx,AllChinook,Y12,2020,
2020,pilot,Chinook,2020-06-08,06/08,677,677,2239,daily,PilotCounts.xlsx,AllChinook,Y13,2020,
2020,pilot,Chinook,2020-06-09,06/09,1862,1862,4101,daily,PilotCounts.xlsx,AllChinook,Y14,2020,
2020,pilot,Chinook,2020-06-10,06/10,3075,3075,7176,daily,PilotCounts.xlsx,AllChinook,Y15,2020,
2020,pilot,Chinook,2020-06-11,06/11,2674,2674,9850,daily,PilotCounts.xlsx,AllChinook,Y16,2020,
2020,pilot,Chinook,2020-06-12,06/12,2031,2031,11881,daily,PilotCounts.xlsx,AllChinook,Y17,2020,
2020,pilot,Chinook,2020-06-13,06/13,1959,1959,13840,daily,PilotCounts.xlsx,AllChinook,Y18,2020,
2020,pilot,Chinook,2020-06-14,06/14,2113,2113,15953,daily,PilotCounts.xlsx,AllChinook,Y19,2020,
2020,pilot,Chinook,2020-06-15,06/15,2493,2493,18446,daily,PilotCounts.xlsx,AllChinook,Y20,2020,
2020,pilot,Chinook,2020-06-16,06/16,2006,2006,20452,daily,PilotCounts.xlsx,AllChinook,Y21,2020,
2020,pilot,Chinook,2020-06-17,06/17,2848,2848,23300,daily,PilotCounts.xlsx,AllChinook,Y22,2020,
2020,pilot,Chinook,2020-06-18,06/18,2688,2688,25988,daily,PilotCounts.xlsx,AllChinook,Y23,2020,
2020,pilot,Chinook,2020-06-19,06/19,1450,1450,27438,daily,PilotCounts.xlsx,AllChinook,Y24,2020,
2020,pilot,Chinook,2020-06-20,06/20,1826,1826,29264,daily,PilotCounts.xlsx,AllChinook,Y25,2020,
2020,pilot,Chinook,2020-06-21,06/21,2676,2676,31940,daily,PilotCounts.xlsx,AllChinook,Y26,2020,
2020,pilot,Chinook,2020-06-22,06/22,2611,2611,34551,daily,PilotCounts.xlsx,AllChinook,Y27,2020,
2020,pilot,Chinook,2020-06-23,06/23,9799,9799,44350,daily,PilotCounts.xlsx,AllChinook,Y28,2020,
2020,pilot,Chinook,2020-06-24,06/24,11169,11169,55519,daily,PilotCounts.xlsx,AllChinook,Y29,2020,
2020,pilot,Chinook,2020-06-25,06/25,7121,7121,62640,daily,PilotCounts.xlsx,AllChinook,Y30,2020,
2020,pilot,Chinook,2020-06-26,06/26,9879,9879,72519,daily,PilotCounts.xlsx,AllChinook,Y31,2020,
2020,pilot,Chinook,2020-06-27,06/27,9959,9959,82478,daily,PilotCounts.xlsx,AllChinook,Y32,2020,
2020,pilot,Chinook,2020-06-28,06/28,10345,10345,92823,daily,PilotCounts.xlsx,AllChinook,Y33,2020,
2020,pilot,Chinook,2020-06-29,06/29,6026,6026,98849,daily,PilotCounts.xlsx,AllChinook,Y34,2020,
2020,pilot,Chinook,2020-06-30,06/30,7630,7630,106479,daily,PilotCounts.xlsx,AllChinook,Y35,2020,
2020,pilot,Chinook,2020-07-01,07/01,7088,7088,113567,daily,PilotCounts.xlsx,AllChinook,Y36,2020,
2020,pilot,Chinook,2020-07-02,07/02,4412,4412,117979,daily,PilotCounts.xlsx,AllChinook,Y37,2020,
2020,pilot,Chinook,2020-07-03,07/03,4312,4312,122291,daily,PilotCounts.xlsx,AllChinook,Y38,2020,
2020,pilot,Chinook,2020-07-04,07/04,3190,3190,125481,daily,PilotCounts.xlsx,AllChinook,Y39,2020,
2020,pilot,Chinook,2020-07-05,07/05,4354,4354,129835,daily,PilotCounts.xlsx,AllChinook,Y40,2020,
2020,pilot,Chinook,2020-07-06,07/06,4061,4061,133896,daily,PilotCounts.xlsx,AllChinook,Y41,2020,
2020,pilot,Chinook,2020-07-07,07/07,4201,4201,138097,daily,PilotCounts.xlsx,AllChinook,Y42,2020,
2020,pilot,Chinook,2020-07-08,07/08,3332,3332,141429,daily,PilotCounts.xlsx,AllChinook,Y43,2020,
2020,pilot,Chinook,2020-07-09,07/09,4496,4496,145925,daily,PilotCounts.xlsx,AllChinook,Y44,2020,
2020,pilot,Chinook,2020-07-10,07/10,2798,2798,148723,daily,PilotCounts.xlsx,AllChinook,Y45,2020,
2020,pilot,Chinook,2020-07-11,07/11,1430,1430,150153,daily,PilotCounts.xlsx,AllChinook,Y46,2020,
2020,pilot,Chinook,2020-07-12,07/12,795,795,150948,daily,PilotCounts.xlsx,AllChinook,Y47,2020,
2020,pilot,Chinook,2020-07-13,07/13,0,0,150948,daily,PilotCounts.xlsx,AllChinook,Y48,2020,
2020,pilot,Chinook,2020-07-14,07/14,1234,1234,152182,daily,PilotCounts.xlsx,AllChinook,Y49,2020,
2020,pilot,Chinook,2020-07-15,07/15,975,975,153157,daily,PilotCounts.xlsx,AllChinook,Y50,2020,
2020,pilot,Chinook,2020-07-16,07/16,875,875,154032,daily,PilotCounts.xlsx,AllChinook,Y51,2020,
2020,pilot,Chinook,2020-07-17,07/17,1420,1420,155452,daily,PilotCounts.xlsx,AllChinook,Y52,2020,
2020,pilot,Chinook,2020-07-18,07/18,689,689,156141,daily,PilotCounts.xlsx,AllChinook,Y53,2020,
2020,pilot,Chinook,2020-07-19,07/19,623,623,156764,daily,PilotCounts.xlsx,AllChinook,Y54,2020,
2020,pilot,Chinook,2020-07-20,07/20,927,927,157691,daily,PilotCounts.xlsx,AllChinook,Y55,2020,
2020,pilot,Chinook,2020-07-21,07/21,452,452,158143,daily,PilotCounts.xlsx,AllChinook,Y56,2020,
2020,pilot,Chinook,2020-07-22,07/22,838,838,158981,daily,PilotCounts.xlsx,AllChinook,Y57,2020,
2020,pilot,Chinook,2020-07-23,07/23,499,499,159480,daily,PilotCounts.xlsx,AllChinook,Y58,2020,
2020,pilot,Chinook,2020-07-24,07/24,0,0,159480,daily,PilotCounts.xlsx,AllChinook,Y59,2020,
2020,pilot,Chinook,2020-07-25,07/25,0,0,159480,daily,PilotCounts.xlsx,AllChinook,Y60,2020,
2020,pilot,Chinook,2020-07-26,07/26,507,507,159987,daily,PilotCounts.xlsx,AllChinook,Y61,2020,
2020,pilot,Chinook,2020-07-27,07/27,329,329,160316,daily,PilotCounts.xlsx,AllChinook,Y62,2020,
2020,pilot,Chinook,2020-07-28,07/28,0,0,160316,daily,PilotCounts.xlsx,AllChinook,Y63,2020,
2020,pilot,Chinook,2020-07-29,07/29,287,287,160603,daily,PilotCounts.xlsx,AllChinook,Y64,2020,
2020,pilot,Chinook,2020-07-30,07/30,292,292,160895,daily,PilotCounts.xlsx,AllChinook,Y65,2020,
2020,pilot,Chinook,2020-07-31,07/31,413,413,161308,daily,PilotCounts.xlsx,AllChinook,Y66,2020,
2020,pilot,Chinook,2020-08-01,08/01,292,292,161600,daily,PilotCounts.xlsx,AllChinook,Y67,2020,
2020,pilot,Chinook,2020-08-02,08/02,52,52,161652,daily,PilotCounts.xlsx,AllChinook,Y68,2020,
2020,pilot,Chinook,2020-08-03,08/03,0,0,161652,daily,PilotCounts.xlsx,AllChinook,Y69,2020,
2020,pilot,Chinook,2020-08-04,08/04,291,291,161943,daily,PilotCounts.xlsx,AllChinook,Y70,2020,
2020,pilot,Chinook,2020-08-05,08/05,28,28,161971,daily,PilotCounts.xlsx,AllChinook,Y71,2020,
2020,pilot,Chinook,2020-08-06,08/06,0,0,161971,daily,PilotCounts.xlsx,AllChinook,Y72,2020,
2020,pilot,Chinook,2020-08-07,08/07,0,0,161971,daily,PilotCounts.xlsx,AllChinook,Y73,2020,
2020,pilot,Chinook,2020-08-08,08/08,54,54,162025,daily,PilotCounts.xlsx,AllChinook,Y74,2020,
2020,pilot,Chinook,2020-08-09,08/09,101,101,162126,daily,PilotCounts.xlsx,AllChinook,Y75,2020,
2020,pilot,Chinook,2020-08-10,08/10,0,0,162126,daily,PilotCounts.xlsx,AllChinook,Y76,2020,
2020,pilot,Chinook,2020-08-11,08/11,0,0,162126,daily,PilotCounts.xlsx,AllChinook,Y77,2020,
2020,pilot,Chinook,2020-08-12,08/12,0,0,162126,daily,PilotCounts.xlsx,AllChinook,Y78,2020,
2020,pilot,Chinook,2020-08-13,08/13,42,42,162168,daily,PilotCounts.xlsx,AllChinook,Y79,2020,
2020,pilot,Chinook,2020-08-14,08/14,0,0,162168,daily,PilotCounts.xlsx,AllChinook,Y80,2020,
2020,pilot,Chinook,2020-08-15,08/15,0,0,162168,daily,PilotCounts.xlsx,AllChinook,Y81,2020,
2020,pilot,Chinook,2020-08-16,08/16,0,0,162168,daily,PilotCounts.xlsx,AllChinook,Y82,2020,
2020,pilot,Chinook,2020-08-17,08/17,84,84,162252,daily,PilotCounts.xlsx,AllChinook,Y83,2020,
2020,pilot,Chinook,2020-08-18,08/18,0,0,162252,daily,PilotCounts.xlsx,AllChinook,Y84,2020,
2020,pilot,Chinook,2020-08-19,08/19,0,0,162252,daily,PilotCounts.xlsx,AllChinook,Y85,2020,
2020,pilot,Chinook,2020-08-20,08/20,0,0,162252,daily,PilotCounts.xlsx,AllChinook,Y86,2020,
2020,pilot,Chinook,2020-08-21,08/21,0,0,162252,daily,PilotCounts.xlsx,AllChinook,Y87,2020,
2020,pilot,Chinook,2020-08-22,08/22,0,0,162252,daily,PilotCounts.xlsx,AllChinook,Y88,2020,
2020,pilot,Chinook,2020-08-23,08/23,0,0,162252,daily,PilotCounts.xlsx,AllChinook,Y89,2020,
2020,pilot,Chinook,2020-08-24,08/24,0,0,162252,daily,PilotCounts.xlsx,AllChinook,Y90,2020,
2020,pilot,Chinook,2020-08-25,08/25,0,0,162252,daily,PilotCounts.xlsx,AllChinook,Y91,2020,
2020,pilot,Chinook,2020-08-26,08/26,0,0,162252,daily,PilotCounts.xlsx,AllChinook,Y92,2020,
2020,pilot,Chinook,2020-08-27,08/27,0,0,162252,daily,PilotCounts.xlsx,AllChinook,Y93,2020,
2020,pilot,Chinook,2020-08-28,08/28,0,0,162252,daily,PilotCounts.xlsx,AllChinook,Y94,2020,
2020,pilot,Chinook,2020-08-29,08/29,0,0,162252,daily,PilotCounts.xlsx,AllChinook,Y95,2020,
2020,pilot,Chinook,2020-08-30,08/30,0,0,162252,daily,PilotCounts.xlsx,AllChinook,Y96,2020,
2020,pilot,Chinook,2020-08-31,08/31,0,0,162252,daily,PilotCounts.xlsx,AllChinook,Y97,2020,
2020,pilot,Chum,2020-06-07,06/07,68,68,68,daily,PilotCounts.xlsx,AllChum,Z12,2020,
2020,pilot,Chum,2020-06-08,06/08,65,65,133,daily,PilotCounts.xlsx,AllChum,Z13,2020,
2020,pilot,Chum,2020-06-09,06/09,430,430,563,daily,PilotCounts.xlsx,AllChum,Z14,2020,
2020,pilot,Chum,2020-06-10,06/10,1843,1843,2406,daily,PilotCounts.xlsx,AllChum,Z15,2020,
2020,pilot,Chum,2020-06-11,06/11,3367,3367,5773,daily,PilotCounts.xlsx,AllChum,Z16,2020,
2020,pilot,Chum,2020-06-12,06/12,3484,3484,9257,daily,PilotCounts.xlsx,AllChum,Z17,2020,
2020,pilot,Chum,2020-06-13,06/13,2376,2376,11633,daily,PilotCounts.xlsx,AllChum,Z18,2020,
2020,pilot,Chum,2020-06-14,06/14,3041,3041,14674,daily,PilotCounts.xlsx,AllChum,Z19,2020,
2020,pilot,Chum,2020-06-15,06/15,1926,1926,16600,daily,PilotCounts.xlsx,AllChum,Z20,2020,
2020,pilot,Chum,2020-06-16,06/16,1136,1136,17736,daily,PilotCounts.xlsx,AllChum,Z21,2020,
2020,pilot,Chum,2020-06-17,06/17,1528,1528,19264,daily,PilotCounts.xlsx,AllChum,Z22,2020,
2020,pilot,Chum,2020-06-18,06/18,3805,3805,23069,daily,PilotCounts.xlsx,AllChum,Z23,2020,
2020,pilot,Chum,2020-06-19,06/19,3680,3680,26749,daily,PilotCounts.xlsx,AllChum,Z24,2020,
2020,pilot,Chum,2020-06-20,06/20,2032,2032,28781,daily,PilotCounts.xlsx,AllChum,Z25,2020,
2020,pilot,Chum,2020-06-21,06/21,1012,1012,29793,daily,PilotCounts.xlsx,AllChum,Z26,2020,
2020,pilot,Chum,2020-06-22,06/22,2331,2331,32124,daily,PilotCounts.xlsx,AllChum,Z27,2020,
2020,pilot,Chum,2020-06-23,06/23,22183,22183,54307,daily,PilotCounts.xlsx,AllChum,Z28,2020,
2020,pilot,Chum,2020-06-24,06/24,38193,38193,92500,daily,PilotCounts.xlsx,AllChum,Z29,2020,
2020,pilot,Chum,2020-06-25,06/25,27192,27192,119692,daily,PilotCounts.xlsx,AllChum,Z30,2020,
2020,pilot,Chum,2020-06-26,06/26,20157,20157,139849,daily,PilotCounts.xlsx,AllChum,Z31,2020,
2020,pilot,Chum,2020-06-27,06/27,62257,62257,202106,daily,PilotCounts.xlsx,AllChum,Z32,2020,
2020,pilot,Chum,2020-06-28,06/28,62954,62954,265060,daily,PilotCounts.xlsx,AllChum,Z33,2020,
2020,pilot,Chum,2020-06-29,06/29,39523,39523,304583,daily,PilotCounts.xlsx,AllChum,Z34,2020,
2020,pilot,Chum,2020-06-30,06/30,35178,35178,339761,daily,PilotCounts.xlsx,AllChum,Z35,2020,
2020,pilot,Chum,2020-07-01,07/01,36636,36636,376397,daily,PilotCounts.xlsx,AllChum,Z36,2020,
2020,pilot,Chum,2020-07-02,07/02,27424,27424,403821,daily,PilotCounts.xlsx,AllChum,Z37,2020,
2020,pilot,Chum,2020-07-03,07/03,18173,18173,421994,daily,PilotCounts.xlsx,AllChum,Z38,2020,
2020,pilot,Chum,2020-07-04,07/04,13580,13580,435574,daily,PilotCounts.xlsx,AllChum,Z39,2020,
2020,pilot,Chum,2020-07-05,07/05,16516,16516,452090,daily,PilotCounts.xlsx,AllChum,Z40,2020,
2020,pilot,Chum,2020-07-06,07/06,23477,23477,475567,daily,PilotCounts.xlsx,AllChum,Z41,2020,
2020,pilot,Chum,2020-07-07,07/07,20803,20803,496370,daily,PilotCounts.xlsx,AllChum,Z42,2020,
2020,pilot,Chum,2020-07-08,07/08,17587,17587,513957,daily,PilotCounts.xlsx,AllChum,Z43,2020,
2020,pilot,Chum,2020-07-09,07/09,22023,22023,535980,daily,PilotCounts.xlsx,AllChum,Z44,2020,
2020,pilot,Chum,2020-07-10,07/10,28805,28805,564785,daily,PilotCounts.xlsx,AllChum,Z45,2020,
2020,pilot,Chum,2020-07-11,07/11,17316,17316,582101,daily,PilotCounts.xlsx,AllChum,Z46,2020,
2020,pilot,Chum,2020-07-12,07/12,13315,13315,595416,daily,PilotCounts.xlsx,AllChum,Z47,2020,
2020,pilot,Chum,2020-07-13,07/13,14183,14183,609599,daily,PilotCounts.xlsx,AllChum,Z48,2020,
2020,pilot,Chum,2020-07-14,07/14,20243,20243,629842,daily,PilotCounts.xlsx,AllChum,Z49,2020,
2020,pilot,Chum,2020-07-15,07/15,15428,15428,645270,daily,PilotCounts.xlsx,AllChum,Z50,2020,
2020,pilot,Chum,2020-07-16,07/16,23807,23807,669077,daily,PilotCounts.xlsx,AllChum,Z51,2020,
2020,pilot,Chum,2020-07-17,07/17,17159,17159,686236,daily,PilotCounts.xlsx,AllChum,Z52,2020,
2020,pilot,Chum,2020-07-18,07/18,6366,6366,692602,daily,PilotCounts.xlsx,AllChum,Z53,2020,
2020,pilot,Chum,2020-07-19,07/19,8794,8794,701396,daily,PilotCounts.xlsx,AllChum,Z54,2020,
2020,pilot,Chum,2020-07-20,07/20,9788,9788,711184,daily,PilotCounts.xlsx,AllChum,Z55,2020,
2020,pilot,Chum,2020-07-21,07/21,10706,10706,721890,daily,PilotCounts.xlsx,AllChum,Z56,2020,
2020,pilot,Chum,2020-07-22,07/22,12688,12688,734578,daily,PilotCounts.xlsx,AllChum,Z57,2020,
2020,pilot,Chum,2020-07-23,07/23,9408,9408,743986,daily,PilotCounts.xlsx,AllChum,Z58,2020,
2020,pilot,Chum,2020-07-24,07/24,3766,3766,747752,daily,PilotCounts.xlsx,AllChum,Z59,2020,
2020,pilot,Chum,2020-07-25,07/25,4196,4196,751948,daily,PilotCounts.xlsx,AllChum,Z60,2020,
2020,pilot,Chum,2020-07-26,07/26,3816,3816,755764,daily,PilotCounts.xlsx,AllChum,Z61,2020,
2020,pilot,Chum,2020-07-27,07/27,2171,2171,757935,daily,PilotCounts.xlsx,AllChum,Z62,2020,
2020,pilot,Chum,2020-07-28,07/28,2808,2808,760743,daily,PilotCounts.xlsx,AllChum,Z63,2020,
2020,pilot,Chum,2020-07-29,07/29,2810,2810,763553,daily,PilotCounts.xlsx,AllChum,Z64,2020,
2020,pilot,Chum,2020-07-30,07/30,8235,8235,771788,daily,PilotCounts.xlsx,AllChum,Z65,2020,
2020,pilot,Chum,2020-07-31,07/31,22857,22857,794645,daily,PilotCounts.xlsx,AllChum,Z66,2020,
2020,pilot,Chum,2020-08-01,08/01,13492,13492,808137,daily,PilotCounts.xlsx,AllChum,Z67,2020,
2020,pilot,Chum,2020-08-02,08/02,7810,7810,815947,daily,PilotCounts.xlsx,AllChum,Z68,2020,
2020,pilot,Chum,2020-08-03,08/03,2936,2936,818883,daily,PilotCounts.xlsx,AllChum,Z69,2020,
2020,pilot,Chum,2020-08-04,08/04,2152,2152,821035,daily,PilotCounts.xlsx,AllChum,Z70,2020,
2020,pilot,Chum,2020-08-05,08/05,1244,1244,822279,daily,PilotCounts.xlsx,AllChum,Z71,2020,
2020,pilot,Chum,2020-08-06,08/06,2376,2376,824655,daily,PilotCounts.xlsx,AllChum,Z72,2020,
2020,pilot,Chum,2020-08-07,08/07,5272,5272,829927,daily,PilotCounts.xlsx,AllChum,Z73,2020,
2020,pilot,Chum,2020-08-08,08/08,6103,6103,836030,daily,PilotCounts.xlsx,AllChum,Z74,2020,
2020,pilot,Chum,2020-08-09,08/09,2324,2324,838354,daily,PilotCounts.xlsx,AllChum,Z75,2020,
2020,pilot,Chum,2020-08-10,08/10,3406,3406,841760,daily,PilotCounts.xlsx,AllChum,Z76,2020,
2020,pilot,Chum,2020-08-11,08/11,12225,12225,853985,daily,PilotCounts.xlsx,AllChum,Z77,2020,
2020,pilot,Chum,2020-08-12,08/12,5391,5391,859376,daily,PilotCounts.xlsx,AllChum,Z78,2020,
2020,pilot,Chum,2020-08-13,08/13,3447,3447,862823,daily,PilotCounts.xlsx,AllChum,Z79,2020,
2020,pilot,Chum,2020-08-14,08/14,1576,1576,864399,daily,PilotCounts.xlsx,AllChum,Z80,2020,
2020,pilot,Chum,2020-08-15,08/15,870,870,865269,daily,PilotCounts.xlsx,AllChum,Z81,2020,
2020,pilot,Chum,2020-08-16,08/16,1378,1378,866647,daily,PilotCounts.xlsx,AllChum,Z82,2020,
2020,pilot,Chum,2020-08-17,08/17,4460,4460,871107,daily,PilotCounts.xlsx,AllChum,Z83,2020,
2020,pilot,Chum,2020-08-18,08/18,6492,6492,877599,daily,PilotCounts.xlsx,AllChum,Z84,2020,
2020,pilot,Chum,2020-08-19,08/19,8347,8347,885946,daily,PilotCounts.xlsx,AllChum,Z85,2020,
2020,pilot,Chum,2020-08-20,08/20,1835,1835,887781,daily,PilotCounts.xlsx,AllChum,Z86,2020,
2020,pilot,Chum,2020-08-21,08/21,983,983,888764,daily,PilotCounts.xlsx,AllChum,Z87,2020,
2020,pilot,Chum,2020-08-22,08/22,1542,1542,890306,daily,PilotCounts.xlsx,AllChum,Z88,2020,
2020,pilot,Chum,2020-08-23,08/23,3132,3132,893438,daily,PilotCounts.xlsx,AllChum,Z89,2020,
2020,pilot,Chum,2020-08-24,08/24,1899,1899,895337,daily,PilotCounts.xlsx,AllChum,Z90,2020,
2020,pilot,Chum,2020-08-25,08/25,8676,8676,904013,daily,PilotCounts.xlsx,AllChum,Z91,2020,
2020,pilot,Chum,2020-08-26,08/26,15680,15680,919693,daily,PilotCounts.xlsx,AllChum,Z92,2020,
2020,pilot,Chum,2020-08-27,08/27,2898,2898,922591,daily,PilotCounts.xlsx,AllChum,Z93,2020,
2020,pilot,Chum,2020-08-28,08/28,1055,1055,923646,daily,PilotCounts.xlsx,AllChum,Z94,2020,
2020,pilot,Chum,2020-08-29,08/29,1817,1817,925463,daily,PilotCounts.xlsx,AllChum,Z95,2020,
2020,pilot,Chum,2020-08-30,08/30,13065,13065,938528,daily,PilotCounts.xlsx,AllChum,Z96,2020,
2020,pilot,Chum,2020-08-31,08/31,8369,8369,946897,daily,PilotCounts.xlsx,AllChum,Z97,2020,
2020,pilot,Chum,2020-09-01,09/01,2164,2164,949061,daily,PilotCounts.xlsx,AllChum,Z98,2020,
2020,pilot,Chum,2020-09-02,09/02,1492,1492,950553,daily,PilotCounts.xlsx,AllChum,Z99,2020,
2020,pilot,Chum,2020-09-03,09/03,1133,1133,951686,daily,PilotCounts.xlsx,AllChum,Z100,2020,
2020,pilot,Chum,2020-09-04,09/04,1969,1969,953655,daily,PilotCounts.xlsx,AllChum,Z101,2020,
2020,pilot,Chum,2020-09-05,09/05,784,784,954439,daily,PilotCounts.xlsx,AllChum,Z102,2020,
2020,pilot,Chum,2020-09-06,09/06,339,339,954778,daily,PilotCounts.xlsx,AllChum,Z103,2020,
2020,pilot,Chum,2020-09-07,09/07,263,263,955041,daily,PilotCounts.xlsx,AllChum,Z104,2020,
2020,pilot,Pink,2020-06-07,06/07,0,,0,cumulative,PilotCounts.xlsx,Pink,Z12,2020,
2020,pilot,Pink,2020-06-08,06/08,0,0,0,cumulative,PilotCounts.xlsx,Pink,Z13,2020,
2020,pilot,Pink,2020-06-09,06/09,0,0,0,cumulative,PilotCounts.xlsx,Pink,Z14,2020,
2020,pilot,Pink,2020-06-10,06/10,0,0,0,cumulative,PilotCounts.xlsx,Pink,Z15,2020,
2020,pilot,Pink,2020-06-11,06/11,0,0,0,cumulative,PilotCounts.xlsx,Pink,Z16,2020,
2020,pilot,Pink,2020-06-12,06/12,0,0,0,cumulative,PilotCounts.xlsx,Pink,Z17,2020,
2020,pilot,Pink,2020-06-13,06/13,0,0,0,cumulative,PilotCounts.xlsx,Pink,Z18,2020,
2020,pilot,Pink,2020-06-14,06/14,0,0,0,cumulative,PilotCounts.xlsx,Pink,Z19,2020,
2020,pilot,Pink,2020-06-15,06/15,0,0,0,cumulative,PilotCounts.xlsx,Pink,Z20,2020,
2020,pilot,Pink,2020-06-16,06/16,0,0,0,cumulative,PilotCounts.xlsx,Pink,Z21,2020,
2020,pilot,Pink,2020-06-17,06/17,0,0,0,cumulative,PilotCounts.xlsx,Pink,Z22,2020,
2020,pilot,Pink,2020-06-18,06/18,0,0,0,cumulative,PilotCounts.xlsx,Pink,Z23,2020,
2020,pilot,Pink,2020-06-19,06/19,225,225,225,cumulative,PilotCounts.xlsx,Pink,Z24,2020,
2020,pilot,Pink,2020-06-20,06/20,225,0,225,cumulative,PilotCounts.xlsx,Pink,Z25,2020,
2020,pilot,Pink,2020-06-21,06/21,225,0,225,cumulative,PilotCounts.xlsx,Pink,Z26,2020,
2020,pilot,Pink,2020-06-22,06/22,225,0,225,cumulative,PilotCounts.xlsx,Pink,Z27,2020,
2020,pilot,Pink,2020-06-23,06/23,225,0,225,cumulative,PilotCounts.xlsx,Pink,Z28,2020,
2020,pilot,Pink,2020-06-24,06/24,225,0,225,cumulative,PilotCounts.xlsx,Pink,Z29,2020,
2020,pilot,Pink,2020-06-25,06/25,589,364,589,cumulative,PilotCounts.xlsx,Pink,Z30,2020,
2020,pilot,Pink,2020-06-26,06/26,589,0,589,cumulative,PilotCounts.xlsx,Pink,Z31,2020,
2020,pilot,Pink,2020-06-27,06/27,995,406,995,cumulative,PilotCounts.xlsx,Pink,Z32,2020,
2020,pilot,Pink,2020-06-28,06/28,1852,857,1852,cumulative,PilotCounts.xlsx,Pink,Z33,2020,
2020,pilot,Pink,2020-06-29,06/29,3552,1700,3552,cumulative,PilotCounts.xlsx,Pink,Z34,2020,
2020,pilot,Pink,2020-06-30,06/30,3552,0,3552,cumulative,PilotCounts.xlsx,Pink,Z35,2020,
2020,pilot,Pink,2020-07-01,07/01,6781,3229,6781,cumulative,PilotCounts.xlsx,Pink,Z36,2020,
2020,pilot,Pink,2020-07-02,07/02,9219,2438,9219,cumulative,PilotCounts.xlsx,Pink,Z37,2020,
2020,pilot,Pink,2020-07-03,07/03,9857,638,9857,cumulative,PilotCounts.xlsx,Pink,Z38,2020,
2020,pilot,Pink,2020-07-04,07/04,11382,1525,11382,cumulative,PilotCounts.xlsx,Pink,Z39,2020,
2020,pilot,Pink,2020-07-05,07/05,13009,1627,13009,cumulative,PilotCounts.xlsx,Pink,Z40,2020,
2020,pilot,Pink,2020-07-06,07/06,14478,1469,14478,cumulative,PilotCounts.xlsx,Pink,Z41,2020,
2020,pilot,Pink,2020-07-07,07/07,16860,2382,16860,cumulative,PilotCounts.xlsx,Pink,Z42,2020,
2020,pilot,Pink,2020-07-08,07/08,17461,601,17461,cumulative,PilotCounts.xlsx,Pink,Z43,2020,
2020,pilot,Pink,2020-07-09,07/09,18651,1190,18651,cumulative,PilotCounts.xlsx,Pink,Z44,2020,
2020,pilot,Pink,2020-07-10,07/10,20311,1660,20311,cumulative,PilotCounts.xlsx,Pink,Z45,2020,
2020,pilot,Pink,2020-07-11,07/11,26993,6682,26993,cumulative,PilotCounts.xlsx,Pink,Z46,2020,
2020,pilot,Pink,2020-07-12,07/12,31020,4027,31020,cumulative,PilotCounts.xlsx,Pink,Z47,2020,
2020,pilot,Pink,2020-07-13,07/13,36395,5375,36395,cumulative,PilotCounts.xlsx,Pink,Z48,2020,
2020,pilot,Pink,2020-07-14,07/14,42676,6281,42676,cumulative,PilotCounts.xlsx,Pink,Z49,2020,
2020,pilot,Pink,2020-07-15,07/15,54331,11655,54331,cumulative,PilotCounts.xlsx,Pink,Z50,2020,
2020,pilot,Pink,2020-07-16,07/16,59463,5132,59463,cumulative,PilotCounts.xlsx,Pink,Z51,2020,
2020,pilot,Pink,2020-07-17,07/17,68518,9055,68518,cumulative,PilotCounts.xlsx,Pink,Z52,2020,
2020,pilot,Pink,2020-07-18,07/18,82841,14323,82841,cumulative,PilotCounts.xlsx,Pink,Z53,2020,
2020,pilot,Pink,2020-07-19,07/19,92345,9504,92345,cumulative,PilotCounts.xlsx,Pink,Z54,2020,
2020,pilot,Pink,2020-07-20,07/20,101046,8701,101046,cumulative,PilotCounts.xlsx,Pink,Z55,2020,
2020,pilot,Pink,2020-07-21,07/21,110476,9430,110476,cumulative,PilotCounts.xlsx,Pink,Z56,2020,
2020,pilot,Pink,2020-07-22,07/22,116770,6294,116770,cumulative,PilotCounts.xlsx,Pink,Z57,2020,
2020,pilot,Pink,2020-07-23,07/23,123788,7018,123788,cumulative,PilotCounts.xlsx,Pink,Z58,2020,
2020,pilot,Pink,2020-07-24,07/24,133904,10116,133904,cumulative,PilotCounts.xlsx,Pink,Z59,2020,
2020,pilot,Pink,2020-07-25,07/25,139470,5566,139470,cumulative,PilotCounts.xlsx,Pink,Z60,2020,
2020,pilot,Pink,2020-07-26,07/26,145303,5833,145303,cumulative,PilotCounts.xlsx,Pink,Z61,2020,
2020,pilot,Pink,2020-07-27,07/27,148680,3377,148680,cumulative,PilotCounts.xlsx,Pink,Z62,2020,
2020,pilot,Pink,2020-07-28,07/28,151322,2642,151322,cumulative,PilotCounts.xlsx,Pink,Z63,2020,
2020,pilot,Pink,2020-07-29,07/29,158539,7217,158539,cumulative,PilotCounts.xlsx,Pink,Z64,2020,
2020,pilot,Pink,2020-07-30,07/30,164573,6034,164573,cumulative,PilotCounts.xlsx,Pink,Z65,2020,
2020,pilot,Pink,2020-07-31,07/31,170965,6392,170965,cumulative,PilotCounts.xlsx,Pink,Z66,2020,
2020,pilot,Pink,2020-08-01,08/01,175272,4307,175272,cumulative,PilotCounts.xlsx,Pink,Z67,2020,
2020,pilot,Pink,2020-08-02,08/02,180429,5157,180429,cumulative,PilotCounts.xlsx,Pink,Z68,2020,
2020,pilot,Pink,2020-08-03,08/03,183999,3570,183999,cumulative,PilotCounts.xlsx,Pink,Z69,2020,
2020,pilot,Pink,2020-08-04,08/04,186718,2719,186718,cumulative,PilotCounts.xlsx,Pink,Z70,2020,
2020,pilot,Pink,2020-08-05,08/05,188420,1702,188420,cumulative,PilotCounts.xlsx,Pink,Z71,2020,
2020,pilot,Pink,2020-08-06,08/06,189761,1341,189761,cumulative,PilotCounts.xlsx,Pink,Z72,2020,
2020,pilot,Pink,2020-08-07,08/07,190751,990,190751,cumulative,PilotCounts.xlsx,Pink,Z73,2020,
2020,pilot,Pink,2020-08-08,08/08,195306,4555,195306,cumulative,PilotCounts.xlsx,Pink,Z74,2020,
2020,pilot,Pink,2020-08-09,08/09,198115,2809,198115,cumulative,PilotCounts.xlsx,Pink,Z75,2020,
2020,pilot,Pink,2020-08-10,08/10,199392,1277,199392,cumulative,PilotCounts.xlsx,Pink,Z76,2020,
2020,pilot,Pink,2020-08-11,08/11,200776,1384,200776,cumulative,PilotCounts.xlsx,Pink,Z77,2020,
2020,pilot,Pink,2020-08-12,08/12,202101,1325,202101,cumulative,PilotCounts.xlsx,Pink,Z78,2020,
2020,pilot,Pink,2020-08-13,08/13,203007,906,203007,cumulative,PilotCounts.xlsx,Pink,Z79,2020,
2020,pilot,Pink,2020-08-14,08/14,204087,1080,204087,cumulative,PilotCounts.xlsx,Pink,Z80,2020,
2020,pilot,Pink,2020-08-15,08/15,204798,711,204798,cumulative,PilotCounts.xlsx,Pink,Z81,2020,
2020,pilot,Pink,2020-08-16,08/16,205791,993,205791,cumulative,PilotCounts.xlsx,Pink,Z82,2020,
2020,pilot,Pink,2020-08-17,08/17,206274,483,206274,cumulative,PilotCounts.xlsx,Pink,Z83,2020,
2020,pilot,Pink,2020-08-18,08/18,206998,724,206998,cumulative,PilotCounts.xlsx,Pink,Z84,2020,
2020,pilot,Pink,2020-08-19,08/19,206998,0,206998,cumulative,PilotCounts.xlsx,Pink,Z85,2020,
2020,pilot,Pink,2020-08-20,08/20,207446,448,207446,cumulative,PilotCounts.xlsx,Pink,Z86,2020,
2020,pilot,Pink,2020-08-21,08/21,207446,0,207446,cumulative,PilotCounts.xlsx,Pink,Z87,2020,
2020,pilot,Pink,2020-08-22,08/22,207588,142,207588,cumulative,PilotCounts.xlsx,Pink,Z88,2020,
2020,pilot,Pink,2020-08-23,08/23,207588,0,207588,cumulative,PilotCounts.xlsx,Pink,Z89,2020,
2020,pilot,Pink,2020-08-24,08/24,207653,65,207653,cumulative,PilotCounts.xlsx,Pink,Z90,2020,
2020,pilot,Pink,2020-08-25,08/25,207720,67,207720,cumulative,PilotCounts.xlsx,Pink,Z91,2020,
2020,pilot,Pink,2020-08-26,08/26,207871,151,207871,cumulative,PilotCounts.xlsx,Pink,Z92,2020,
2020,pilot,Pink,2020-08-27,08/27,207871,0,207871,cumulative,PilotCounts.xlsx,Pink,Z93,2020,
2020,pilot,Pink,2020-08-28,08/28,207871,0,207871,cumulative,PilotCounts.xlsx,Pink,Z94,2020,
2020,pilot,Pink,2020-08-29,08/29,207942,71,207942,cumulative,PilotCounts.xlsx,Pink,Z95,2020,
2020,pilot,Pink,2020-08-30,08/30,207942,0,207942,cumulative,PilotCounts.xlsx,Pink,Z96,2020,
2020,pilot,Pink,2020-08-31,08/31,207942,0,207942,cumulative,PilotCounts.xlsx,Pink,Z97,2020,
2020,pilot,Pink,2020-09-01,09/01,207942,0,207942,cumulative,PilotCounts.xlsx,Pink,Z98,2020,
2020,pilot,Pink,2020-09-02,09/02,207942,0,207942,cumulative,PilotCounts.xlsx,Pink,Z99,2020,
2020,pilot,Pink,2020-09-03,09/03,207942,0,207942,cumulative,PilotCounts.xlsx,Pink,Z100,2020,
2020,pilot,Pink,2020-09-04,09/04,207942,0,207942,cumulative,PilotCounts.xlsx,Pink,Z101,2020,
2020,pilot,Pink,2020-09-05,09/05,207942,0,207942,cumulative,PilotCounts.xlsx,Pink,Z102,2020,
2020,pilot,Pink,2020-09-06,09/06,207942,0,207942,cumulative,PilotCounts.xlsx,Pink,Z103,2020,
2020,pilot,Pink,2020-09-07,09/07,207942,0,207942,cumulative,PilotCounts.xlsx,Pink,Z104,2020,
2020,pilot,Pink,2020-09-08,09/08,207942,0,207942,cumulative,PilotCounts.xlsx,Pink,Z105,2020,
2021,Anvik,Pink,2021-06-15,06/15,0,,0,cumulative,Anvik_PinkCounts.xlsx,Sheet1,AW3,2021,
2021,Anvik,Pink,2021-06-16,06/16,0,0,0,cumulative,Anvik_PinkCounts.xlsx,Sheet1,AW4,2021,
2021,Anvik,Pink,2021-06-17,06/17,0,0,0,cumulative,Anvik_PinkCounts.xlsx,Sheet1,AW5,2021,
2021,Anvik,Pink,2021-06-18,06/18,0,0,0,cumulative,Anvik_PinkCounts.xlsx,Sheet1,AW6,2021,
2021,Anvik,Pink,2021-06-19,06/19,0,0,0,cumulative,Anvik_PinkCounts.xlsx,Sheet1,AW7,2021,
2021,Anvik,Pink,2021-06-20,06/20,0,0,0,cumulative,Anvik_PinkCounts.xlsx,Sheet1,AW8,2021,
2021,Anvik,Pink,2021-06-21,06/21,0,0,0,cumulative,Anvik_PinkCounts.xlsx,Sheet1,AW9,2021,
2021,Anvik,Pink,2021-06-22,06/22,0,0,0,cumulative,Anvik_PinkCounts.xlsx,Sheet1,AW10,2021,
2021,Anvik,Pink,2021-06-23,06/23,0,0,0,cumulative,Anvik_PinkCounts.xlsx,Sheet1,AW11,2021,
2021,Anvik,Pink,2021-06-24,06/24,0,0,0,cumulative,Anvik_PinkCounts.xlsx,Sheet1,AW12,2021,
2021,Anvik,Pink,2021-06-25,06/25,0,0,0,cumulative,Anvik_PinkCounts.xlsx,Sheet1,AW13,2021,
2021,Anvik,Pink,2021-06-26,06/26,0,0,0,cumulative,Anvik_PinkCounts.xlsx,Sheet1,AW14,2021,
2021,Anvik,Pink,2021-06-27,06/27,0,0,0,cumulative,Anvik_PinkCounts.xlsx,Sheet1,AW15,2021,
2021,Anvik,Pink,2021-06-28,06/28,0,0,0,cumulative,Anvik_PinkCounts.xlsx,Sheet1,AW16,2021,
2021,Anvik,Pink,2021-06-29,06/29,0,0,0,cumulative,Anvik_PinkCounts.xlsx,Sheet1,AW17,2021,
2021,Anvik,Pink,2021-06-30,06/30,0,0,0,cumulative,Anvik_PinkCounts.xlsx,Sheet1,AW18,2021,
2021,Anvik,Pink,2021-07-01,07/01,0,0,0,cumulative,Anvik_PinkCounts.xlsx,Sheet1,AW19,2021,
2021,Anvik,Pink,2021-07-02,07/02,0,0,0,cumulative,Anvik_PinkCounts.xlsx,Sheet1,AW20,2021,
2021,Anvik,Pink,2021-07-03,07/03,0,0,0,cumulative,Anvik_PinkCounts.xlsx,Sheet1,AW21,2021,
2021,Anvik,Pink,2021-07-04,07/04,0,0,0,cumulative,Anvik_PinkCounts.xlsx,Sheet1,AW22,2021,
2021,Anvik,Pink,2021-07-05,07/05,0,0,0,cumulative,Anvik_PinkCounts.xlsx,Sheet1,AW23,2021,
2021,Anvik,Pink,2021-07-06,07/06,0,0,0,cumulative,Anvik_PinkCounts.xlsx,Sheet1,AW24,2021,
2021,Anvik,Pink,2021-07-07,07/07,0,0,0,cumulative,Anvik_PinkCounts.xlsx,Sheet1,AW25,2021,
2021,Anvik,Pink,2021-07-08,07/08,0,0,0,cumulative,Anvik_PinkCounts.xlsx,Sheet1,AW26,2021,
2021,Anvik,Pink,2021-07-09,07/09,0,0,0,cumulative,Anvik_PinkCounts.xlsx,Sheet1,AW27,2021,
2021,Anvik,Pink,2021-07-10,07/10,0,0,0,cumulative,Anvik_PinkCounts.xlsx,Sheet1,AW28,2021,
2021,Anvik,Pink,2021-07-11,07/11,0,0,0,cumulative,Anvik_PinkCounts.xlsx,Sheet1,AW29,2021,
2021,Anvik,Pink,2021-07-12,07/12,0,0,0,cumulative,Anvik_PinkCounts.xlsx,Sheet1,AW30,2021,
2021,Anvik,Pink,2021-07-13,07/13,0,0,0,cumulative,Anvik_PinkCounts.xlsx,Sheet1,AW31,2021,
2021,Anvik,Pink,2021-07-14,07/14,0,0,0,cumulative,Anvik_PinkCounts.xlsx,Sheet1,AW32,2021,
2021,Anvik,Pink,2021-07-15,07/15,0,0,0,cumulative,Anvik_PinkCounts.xlsx,Sheet1,AW33,2021,
2021,Anvik,Pink,2021-07-16,07/16,0,0,0,cumulative,Anvik_PinkCounts.xlsx,Sheet1,AW34,2021,
2021,Anvik,Pink,2021-07-17,07/17,0,0,0,cumulative,Anvik_PinkCounts.xlsx,Sheet1,AW35,2021,
2021,Anvik,Pink,2021-07-18,07/18,0,0,0,cumulative,Anvik_PinkCounts.xlsx,Sheet1,AW36,2021,
2021,Anvik,Pink,2021-07-19,07/19,0,0,0,cumulative,Anvik_PinkCounts.xlsx,Sheet1,AW37,2021,
2021,Anvik,Pink,2021-07-20,07/20,0,0,0,cumulative,Anvik_PinkCounts.xlsx,Sheet1,AW38,2021,
2021,Anvik,Pink,2021-07-21,07/21,0,0,0,cumulative,Anvik_PinkCounts.xlsx,Sheet1,AW39,2021,
2021,Anvik,Pink,2021-07-22,07/22,0,0,0,cumulative,Anvik_PinkCounts.xlsx,Sheet1,AW40,2021,
2021,Anvik,Pink,2021-07-23,07/23,0,0,0,cumulative,Anvik_PinkCounts.xlsx,Sheet1,AW41,2021,
2021,Anvik,Pink,2021-07-24,07/24,0,0,0,cumulative,Anvik_PinkCounts.xlsx,Sheet1,AW42,2021,
2021,Anvik,Pink,2021-07-25,07/25,0,0,0,cumulative,Anvik_PinkCounts.xlsx,Sheet1,AW43,2021,
2021,Anvik,Pink,2021-07-26,07/26,0,0,0,cumulative,Anvik_PinkCounts.xlsx,Sheet1,AW44,2021,
2021,Anvik,Pink,2021-07-27,07/27,0,0,0,cumulative,Anvik_PinkCounts.xlsx,Sheet1,AW45,2021,
2021,EF_Andreafsky,Pink,2021-06-18,06/18,0,,0,cumulative,EF_Andreafsky_PinkCounts.xlsx,Sheet1,AK6,2021,
2021,EF_Andreafsky,Pink,2021-06-19,06/19,0,0,0,cumulative,EF_Andreafsky_PinkCounts.xlsx,Sheet1,AK7,2021,
2021,EF_Andreafsky,Pink,2021-06-20,06/20,0,0,0,cumulative,EF_Andreafsky_PinkCounts.xlsx,Sheet1,AK8,2021,
2021,EF_Andreafsky,Pink,2021-06-21,06/21,0,0,0,cumulative,EF_Andreafsky_PinkCounts.xlsx,Sheet1,AK9,2021,
2021,EF_Andreafsky,Pink,2021-06-22,06/22,0,0,0,cumulative,EF_Andreafsky_PinkCounts.xlsx,Sheet1,AK10,2021,
2021,EF_Andreafsky,Pink,2021-06-23,06/23,0,0,0,cumulative,EF_Andreafsky_PinkCounts.xlsx,Sheet1,AK11,2021,
2021,EF_Andreafsky,Pink,2021-06-24,06/24,0,0,0,cumulative,EF_Andreafsky_PinkCounts.xlsx,Sheet1,AK12,2021,
2021,EF_Andreafsky,Pink,2021-06-25,06/25,0,0,0,cumulative,EF_Andreafsky_PinkCounts.xlsx,Sheet1,AK13,2021,
2021,EF_Andreafsky,Pink,2021-06-26,06/26,0,0,0,cumulative,EF_Andreafsky_PinkCounts.xlsx,Sheet1,AK14,2021,
2021,EF_Andreafsky,Pink,2021-06-27,06/27,0,0,0,cumulative,EF_Andreafsky_PinkCounts.xlsx,Sheet1,AK15,2021,
2021,EF_Andreafsky,Pink,2021-06-28,06/28,0,0,0,cumulative,EF_Andreafsky_PinkCounts.xlsx,Sheet1,AK16,2021,
2021,EF_Andreafsky,Pink,2021-06-29,06/29,1,1,1,cumulative,EF_Andreafsky_PinkCounts.xlsx,Sheet1,AK17,2021,
2021,EF_Andreafsky,Pink,2021-06-30,06/30,1,0,1,cumulative,EF_Andreafsky_PinkCounts.xlsx,Sheet1,AK18,2021,
2021,EF_Andreafsky,Pink,2021-07-01,07/01,1,0,1,cumulative,EF_Andreafsky_PinkCounts.xlsx,Sheet1,AK19,2021,
2021,EF_Andreafsky,Pink,2021-07-02,07/02,1,0,1,cumulative,EF_Andreafsky_PinkCounts.xlsx,Sheet1,AK20,2021,
2021,EF_Andreafsky,Pink,2021-07-03,07/03,5,4,5,cumulative,EF_Andreafsky_PinkCounts.xlsx,Sheet1,AK21,2021,
2021,EF_Andreafsky,Pink,2021-07-04,07/04,9,4,9,cumulative,EF_Andreafsky_PinkCounts.xlsx,Sheet1,AK22,2021,
2021,EF_Andreafsky,Pink,2021-07-05,07/05,10,1,10,cumulative,EF_Andreafsky_PinkCounts.xlsx,Sheet1,AK23,2021,
2021,EF_Andreafsky,Pink,2021-07-06,07/06,13,3,13,cumulative,EF_Andreafsky_PinkCounts.xlsx,Sheet1,AK24,2021,
2021,EF_Andreafsky,Pink,2021-07-07,07/07,16,3,16,cumulative,EF_Andreafsky_PinkCounts.xlsx,Sheet1,AK25,2021,
2021,EF_Andreafsky,Pink,2021-07-08,07/08,16,0,16,cumulative,EF_Andreafsky_PinkCounts.xlsx,Sheet1,AK26,2021,
2021,EF_Andreafsky,Pink,2021-07-09,07/09,21,5,21,cumulative,EF_Andreafsky_PinkCounts.xlsx,Sheet1,AK27,2021,
2021,EF_Andreafsky,Pink,2021-07-10,07/10,26,5,26,cumulative,EF_Andreafsky_PinkCounts.xlsx,Sheet1,AK28,2021,
2021,EF_Andreafsky,Pink,2021-07-11,07/11,28,2,28,cumulative,EF_Andreafsky_PinkCounts.xlsx,Sheet1,AK29,2021,
2021,EF_Andreafsky,Pink,2021-07-12,07/12,33,5,33,cumulative,EF_Andreafsky_PinkCounts.xlsx,Sheet1,AK30,2021,
2021,EF_Andreafsky,Pink,2021-07-13,07/13,78,45,78,cumulative,EF_Andreafsky_PinkCounts.xlsx,Sheet1,AK31,2021,
2021,EF_Andreafsky,Pink,2021-07-14,07/14,149,71,149,cumulative,EF_Andreafsky_PinkCounts.xlsx,Sheet1,AK32,2021,
2021,EF_Andreafsky,Pink,2021-07-15,07/15,262,113,262,cumulative,EF_Andreafsky_PinkCounts.xlsx,Sheet1,AK33,2021,
2021,EF_Andreafsky,Pink,2021-07-16,07/16,541,279,541,cumulative,EF_Andreafsky_PinkCounts.xlsx,Sheet1,AK34,2021,
2021,EF_Andreafsky,Pink,2021-07-17,07/17,1070,529,1070,cumulative,EF_Andreafsky_PinkCounts.xlsx,Sheet1,AK35,2021,
2021,EF_Andreafsky,Pink,2021-07-18,07/18,1454,384,1454,cumulative,EF_Andreafsky_PinkCounts.xlsx,Sheet1,AK36,2021,
2021,EF_Andreafsky,Pink,2021-07-19,07/19,3433,1979,3433,cumulative,EF_Andreafsky_PinkCounts.xlsx,Sheet1,AK37,2021,
2021,EF_Andreafsky,Pink,2021-07-20,07/20,4362,929,4362,cumulative,EF_Andreafsky_PinkCounts.xlsx,Sheet1,AK38,2021,
2021,EF_Andreafsky,Pink,2021-07-21,07/21,4573,211,4573,cumulative,EF_Andreafsky_PinkCounts.xlsx,Sheet1,AK39,2021,
2021,EF_Andreafsky,Pink,2021-07-22,07/22,4689,116,4689,cumulative,EF_Andreafsky_PinkCounts.xlsx,Sheet1,AK40,2021,
2021,EF_Andreafsky,Pink,2021-07-23,07/23,4831,142,4831,cumulative,EF_Andreafsky_PinkCounts.xlsx,Sheet1,AK41,2021,
2021,EF_Andreafsky,Pink,2021-07-24,07/24,4925,94,4925,cumulative,EF_Andreafsky_PinkCounts.xlsx,Sheet1,AK42,2021,
2021,EF_Andreafsky,Pink,2021-07-25,07/25,5748,823,5748,cumulative,EF_Andreafsky_PinkCounts.xlsx,Sheet1,AK43,2021,
2021,EF_Andreafsky,Pink,2021-07-26,07/26,6184,436,6184,cumulative,EF_Andreafsky_PinkCounts.xlsx,Sheet1,AK44,2021,
2021,EF_Andreafsky,Pink,2021-07-27,07/27,6481,297,6481,cumulative,EF_Andreafsky_PinkCounts.xlsx,Sheet1,AK45,2021,
2021,EF_Andreafsky,Pink,2021-07-28,07/28,7032,551,7032,cumulative,EF_Andreafsky_PinkCounts.xlsx,Sheet1,AK46,2021,
2021,EF_Andreafsky,Pink,2021-07-29,07/29,7032,0,7032,cumulative,EF_Andreafsky_PinkCounts.xlsx,Sheet1,AK47,2021,
2021,EF_Andreafsky,Pink,2021-07-30,07/30,7032,0,7032,cumulative,EF_Andreafsky_PinkCounts.xlsx,Sheet1,AK48,2021,
2021,EF_Andreafsky,Pink,2021-07-31,07/31,7032,0,7032,cumulative,EF_Andreafsky_PinkCounts.xlsx,Sheet1,AK49,2021,
2021,pilot,Chinook,2021-05-31,05/31,337,337,337,daily,PilotCounts.xlsx,AllChinook,Z5,2021,
2021,pilot,Chinook,2021-06-01,06/01,328,328,665,daily,PilotCounts.xlsx,AllChinook,Z6,2021,
2021,pilot,Chinook,2021-06-02,06/02,285,285,950,daily,PilotCounts.xlsx,AllChinook,Z7,2021,
2021,pilot,Chinook,2021-06-03,06/03,315,315,1265,daily,PilotCounts.xlsx,AllChinook,Z8,2021,
2021,pilot,Chinook,2021-06-04,06/04,564,564,1829,daily,PilotCounts.xlsx,AllChinook,Z9,2021,
2021,pilot,Chinook,2021-06-05,06/05,504,504,2333,daily,PilotCounts.xlsx,AllChinook,Z10,2021,
2021,pilot,Chinook,2021-06-06,06/06,1449,1449,3782,daily,PilotCounts.xlsx,AllChinook,Z11,2021,
2021,pilot,Chinook,2021-06-07,06/07,645,645,4427,daily,PilotCounts.xlsx,AllChinook,Z12,2021,
2021,pilot,Chinook,2021-06-08,06/08,2479,2479,6906,daily,PilotCounts.xlsx,AllChinook,Z13,2021,
2021,pilot,Chinook,2021-06-09,06/09,3516,3516,10422,daily,PilotCounts.xlsx,AllChinook,Z14,2021,
2021,pilot,Chinook,2021-06-10,06/10,3037,3037,13459,daily,PilotCounts.xlsx,AllChinook,Z15,2021,
2021,pilot,Chinook,2021-06-11,06/11,2448,2448,15907,daily,PilotCounts.xlsx,AllChinook,Z16,2021,
2021,pilot,Chinook,2021-06-12,06/12,908,908,16815,daily,PilotCounts.xlsx,AllChinook,Z17,2021,
2021,pilot,Chinook,2021-06-13,06/13,3467,3467,20282,daily,PilotCounts.xlsx,AllChinook,Z18,2021,
2021,pilot,Chinook,2021-06-14,06/14,1622,1622,21904,daily,PilotCounts.xlsx,AllChinook,Z19,2021,
2021,pilot,Chinook,2021-06-15,06/15,1109,1109,23013,daily,PilotCounts.xlsx,AllChinook,Z20,2021,
2021,pilot,Chinook,2021-06-16,06/16,1092,1092,24105,daily,PilotCounts.xlsx,AllChinook,Z21,2021,
2021,pilot,Chinook,2021-06-17,06/17,2581,2581,26686,daily,PilotCounts.xlsx,AllChinook,Z22,2021,
2021,pilot,Chinook,2021-06-18,06/18,3320,3320,30006,daily,PilotCounts.xlsx,AllChinook,Z23,2021,
2021,pilot,Chinook,2021-06-19,06/19,3793,3793,33799,daily,PilotCounts.xlsx,AllChinook,Z24,2021,
2021,pilot,Chinook,2021-06-20,06/20,4767,4767,38566,daily,PilotCounts.xlsx,AllChinook,Z25,2021,
2021,pilot,Chinook,2021-06-21,06/21,3835,3835,42401,daily,PilotCounts.xlsx,AllChinook,Z26,2021,
2021,pilot,Chinook,2021-06-22,06/22,2350,2350,44751,daily,PilotCounts.xlsx,AllChinook,Z27,2021,
2021,pilot,Chinook,2021-06-23,06/23,1872,1872,46623,daily,PilotCounts.xlsx,AllChinook,Z28,2021,
2021,pilot,Chinook,2021-06-24,06/24,2744,2744,49367,daily,PilotCounts.xlsx,AllChinook,Z29,2021,
2021,pilot,Chinook,2021-06-25,06/25,2001,2001,51368,daily,PilotCounts.xlsx,AllChinook,Z30,2021,
2021,pilot,Chinook,2021-06-26,06/26,4032,4032,55400,daily,PilotCounts.xlsx,AllChinook,Z31,2021,
2021,pilot,Chinook,2021-06-27,06/27,2598,2598,57998,daily,PilotCounts.xlsx,AllChinook,Z32,2021,
2021,pilot,Chinook,2021-06-28,06/28,3365,3365,61363,daily,PilotCounts.xlsx,AllChinook,Z33,2021,
2021,pilot,Chinook,2021-06-29,06/29,5558,5558,66921,daily,PilotCounts.xlsx,AllChinook,Z34,2021,
2021,pilot,Chinook,2021-06-30,06/30,5886,5886,72807,daily,PilotCounts.xlsx,AllChinook,Z35,2021,
2021,pilot,Chinook,2021-07-01,07/01,6528,6528,79335,daily,PilotCounts.xlsx,AllChinook,Z36,2021,
2021,pilot,Chinook,2021-07-02,07/02,4835,4835,84170,daily,PilotCounts.xlsx,AllChinook,Z37,2021,
2021,pilot,Chinook,2021-07-03,07/03,6138,6138,90308,daily,PilotCounts.xlsx,AllChinook,Z38,2021,
2021,pilot,Chinook,2021-07-04,07/04,5744,5744,96052,daily,PilotCounts.xlsx,AllChinook,Z39,2021,
2021,pilot,Chinook,2021-07-05,07/05,4362,4362,100414,daily,PilotCounts.xlsx,AllChinook,Z40,2021,
2021,pilot,Chinook,2021-07-06,07/06,3510,3510,103924,daily,PilotCounts.xlsx,AllChinook,Z41,2021,
2021,pilot,Chinook,2021-07-07,07/07,2691,2691,106615,daily,PilotCounts.xlsx,AllChinook,Z42,2021,
2021,pilot,Chinook,2021-07-08,07/08,3125,3125,109740,daily,PilotCounts.xlsx,AllChinook,Z43,2021,
2021,pilot,Chinook,2021-07-09,07/09,1939,1939,111679,daily,PilotCounts.xlsx,AllChinook,Z44,2021,
2021,pilot,Chinook,2021-07-10,07/10,1913,1913,113592,daily,PilotCounts.xlsx,AllChinook,Z45,2021,
2021,pilot,Chinook,2021-07-11,07/11,1975,1975,115567,daily,PilotCounts.xlsx,AllChinook,Z46,2021,
2021,pilot,Chinook,2021-07-12,07/12,1674,1674,117241,daily,PilotCounts.xlsx,AllChinook,Z47,2021,
2021,pilot,Chinook,2021-07-13,07/13,1167,1167,118408,daily,PilotCounts.xlsx,AllChinook,Z48,2021,
2021,pilot,Chinook,2021-07-14,07/14,1036,1036,119444,daily,PilotCounts.xlsx,AllChinook,Z49,2021,
2021,pilot,Chinook,2021-07-15,07/15,1017,1017,120461,daily,PilotCounts.xlsx,AllChinook,Z50,2021,
2021,pilot,Chinook,2021-07-16,07/16,390,390,120851,daily,PilotCounts.xlsx,AllChinook,Z51,2021,
2021,pilot,Chinook,2021-07-17,07/17,201,201,121052,daily,PilotCounts.xlsx,AllChinook,Z52,2021,
2021,pilot,Chinook,2021-07-18,07/18,1294,1294,122346,daily,PilotCounts.xlsx,AllChinook,Z53,2021,
2021,pilot,Chinook,2021-07-19,07/19,375,375,122721,daily,PilotCounts.xlsx,AllChinook,Z54,2021,
2021,pilot,Chinook,2021-07-20,07/20,79,79,122800,daily,PilotCounts.xlsx,AllChinook,Z55,2021,
2021,pilot,Chinook,2021-07-21,07/21,281,281,123081,daily,PilotCounts.xlsx,AllChinook,Z56,2021,
2021,pilot,Chinook,2021-07-22,07/22,247,247,123328,daily,PilotCounts.xlsx,AllChinook,Z57,2021,
2021,pilot,Chinook,2021-07-23,07/23,137,137,123465,daily,PilotCounts.xlsx,AllChinook,Z58,2021,
2021,pilot,Chinook,2021-07-24,07/24,138,138,123603,daily,PilotCounts.xlsx,AllChinook,Z59,2021,
2021,pilot,Chinook,2021-07-25,07/25,220,220,123823,daily,PilotCounts.xlsx,AllChinook,Z60,2021,
2021,pilot,Chinook,2021-07-26,07/26,0,0,123823,daily,PilotCounts.xlsx,AllChinook,Z61,2021,
2021,pilot,Chinook,2021-07-27,07/27,0,0,123823,daily,PilotCounts.xlsx,AllChinook,Z62,2021,
2021,pilot,Chinook,2021-07-28,07/28,0,0,123823,daily,PilotCounts.xlsx,AllChinook,Z63,2021,
2021,pilot,Chinook,2021-07-29,07/29,0,0,123823,daily,PilotCounts.xlsx,AllChinook,Z64,2021,
2021,pilot,Chinook,2021-07-30,07/30,0,0,123823,daily,PilotCounts.xlsx,AllChinook,Z65,2021,
2021,pilot,Chinook,2021-07-31,07/31,0,0,123823,daily,PilotCounts.xlsx,AllChinook,Z66,2021,
2021,pilot,Chinook,2021-08-01,08/01,332,332,124155,daily,PilotCounts.xlsx,AllChinook,Z67,2021,
2021,pilot,Chinook,2021-08-02,08/02,0,0,124155,daily,PilotCounts.xlsx,AllChinook,Z68,2021,
2021,pilot,Chinook,2021-08-03,08/03,353,353,124508,daily,PilotCounts.xlsx,AllChinook,Z69,2021,
2021,pilot,Chinook,2021-08-04,08/04,0,0,124508,daily,PilotCounts.xlsx,AllChinook,Z70,2021,
2021,pilot,Chinook,2021-08-05,08/05,0,0,124508,daily,PilotCounts.xlsx,AllChinook,Z71,2021,
2021,pilot,Chinook,2021-08-06,08/06,337,337,124845,daily,PilotCounts.xlsx,AllChinook,Z72,2021,
2021,pilot,Chinook,2021-08-07,08/07,0,0,124845,daily,PilotCounts.xlsx,AllChinook,Z73,2021,
2021,pilot,Chinook,2021-08-08,08/08,0,0,124845,daily,PilotCounts.xlsx,AllChinook,Z74,2021,
2021,pilot,Chinook,2021-08-09,08/09,0,0,124845,daily,PilotCounts.xlsx,AllChinook,Z75,2021,
2021,pilot,Chinook,2021-08-10,08/10,0,0,124845,daily,PilotCounts.xlsx,AllChinook,Z76,2021,
2021,pilot,Chinook,2021-08-11,08/11,0,0,124845,daily,PilotCounts.xlsx,AllChinook,Z77,2021,
2021,pilot,Chinook,2021-08-12,08/12,0,0,124845,daily,PilotCounts.xlsx,AllChinook,Z78,2021,
2021,pilot,Chinook,2021-08-13,08/13,0,0,124845,daily,PilotCounts.xlsx,AllChinook,Z79,2021,
2021,pilot,Chinook,2021-08-14,08/14,0,0,124845,daily,PilotCounts.xlsx,AllChinook,Z80,2021,
2021,pilot,Chinook,2021-08-15,08/15,0,0,124845,daily,PilotCounts.xlsx,AllChinook,Z81,2021,
2021,pilot,Chinook,2021-08-16,08/16,0,0,124845,daily,PilotCounts.xlsx,AllChinook,Z82,2021,
2021,pilot,Chinook,2021-08-17,08/17,0,0,124845,daily,PilotCounts.xlsx,AllChinook,Z83,2021,
2021,pilot,Chinook,2021-08-18,08/18,0,0,124845,daily,PilotCounts.xlsx,AllChinook,Z84,2021,
2021,pilot,Chinook,2021-08-19,08/19,0,0,124845,daily,PilotCounts.xlsx,AllChinook,Z85,2021,
2021,pilot,Chinook,2021-08-20,08/20,0,0,124845,daily,PilotCounts.xlsx,AllChinook,Z86,2021,
2021,pilot,Chinook,2021-08-21,08/21,0,0,124845,daily,PilotCounts.xlsx,AllChinook,Z87,2021,
2021,pilot,Chinook,2021-08-22,08/22,0,0,124845,daily,PilotCounts.xlsx,AllChinook,Z88,2021,
2021,pilot,Chinook,2021-08-23,08/23,0,0,124845,daily,PilotCounts.xlsx,AllChinook,Z89,2021,
2021,pilot,Chinook,2021-08-24,08/24,0,0,124845,daily,PilotCounts.xlsx,AllChinook,Z90,2021,
2021,pilot,Chinook,2021-08-25,08/25,0,0,124845,daily,PilotCounts.xlsx,AllChinook,Z91,2021,
2021,pilot,Chinook,2021-08-26,08/26,0,0,124845,daily,PilotCounts.xlsx,AllChinook,Z92,2021,
2021,pilot,Chinook,2021-08-27,08/27,0,0,124845,daily,PilotCounts.xlsx,AllChinook,Z93,2021,
2021,pilot,Chinook,2021-08-28,08/28,0,0,124845,daily,PilotCounts.xlsx,AllChinook,Z94,2021,
2021,pilot,Chinook,2021-08-29,08/29,0,0,124845,daily,PilotCounts.xlsx,AllChinook,Z95,2021,
2021,pilot,Chinook,2021-08-30,08/30,0,0,124845,daily,PilotCounts.xlsx,AllChinook,Z96,2021,
2021,pilot,Chinook,2021-08-31,08/31,0,0,124845,daily,PilotCounts.xlsx,AllChinook,Z97,2021,
2021,pilot,Chinook,2021-09-01,09/01,0,0,124845,daily,PilotCounts.xlsx,AllChinook,Z98,2021,
2021,pilot,Chinook,2021-09-02,09/02,0,0,124845,daily,PilotCounts.xlsx,AllChinook,Z99,2021,
2021,pilot,Chinook,2021-09-03,09/03,0,0,124845,daily,PilotCounts.xlsx,AllChinook,Z100,2021,
2021,pilot,Chinook,2021-09-04,09/04,0,0,124845,daily,PilotCounts.xlsx,AllChinook,Z101,2021,
2021,pilot,Chinook,2021-09-05,09/05,0,0,124845,daily,PilotCounts.xlsx,AllChinook,Z102,2021,
2021,pilot,Chinook,2021-09-06,09/06,0,0,124845,daily,PilotCounts.xlsx,AllChinook,Z103,2021,
2021,pilot,Chinook,2021-09-07,09/07,0,0,124845,daily,PilotCounts.xlsx,AllChinook,Z104,2021,
2021,pilot,Chum,2021-05-31,05/31,0,0,0,daily,PilotCounts.xlsx,AllChum,AA5,2021,
2021,pilot,Chum,2021-06-01,06/01,0,0,0,daily,PilotCounts.xlsx,AllChum,AA6,2021,
2021,pilot,Chum,2021-06-02,06/02,0,0,0,daily,PilotCounts.xlsx,AllChum,AA7,2021,
2021,pilot,Chum,2021-06-03,06/03,0,0,0,daily,PilotCounts.xlsx,AllChum,AA8,2021,
2021,pilot,Chum,2021-06-04,06/04,0,0,0,daily,PilotCounts.xlsx,AllChum,AA9,2021,
2021,pilot,Chum,2021-06-05,06/05,0,0,0,daily,PilotCounts.xlsx,AllChum,AA10,2021,
2021,pilot,Chum,2021-06-06,06/06,87,87,87,daily,PilotCounts.xlsx,AllChum,AA11,2021,
2021,pilot,Chum,2021-06-07,06/07,531,531,618,daily,PilotCounts.xlsx,AllChum,AA12,2021,
2021,pilot,Chum,2021-06-08,06/08,0,0,618,daily,PilotCounts.xlsx,AllChum,AA13,2021,
2021,pilot,Chum,2021-06-09,06/09,434,434,1052,daily,PilotCounts.xlsx,AllChum,AA14,2021,
2021,pilot,Chum,2021-06-10,06/10,1291,1291,2343,daily,PilotCounts.xlsx,AllChum,AA15,2021,
2021,pilot,Chum,2021-06-11,06/11,0,0,2343,daily,PilotCounts.xlsx,AllChum,AA16,2021,
2021,pilot,Chum,2021-06-12,06/12,1554,1554,3897,daily,PilotCounts.xlsx,AllChum,AA17,2021,
2021,pilot,Chum,2021-06-13,06/13,622,622,4519,daily,PilotCounts.xlsx,AllChum,AA18,2021,
2021,pilot,Chum,2021-06-14,06/14,1035,1035,5554,daily,PilotCounts.xlsx,AllChum,AA19,2021,
2021,pilot,Chum,2021-06-15,06/15,1173,1173,6727,daily,PilotCounts.xlsx,AllChum,AA20,2021,
2021,pilot,Chum,2021-06-16,06/16,1167,1167,7894,daily,PilotCounts.xlsx,AllChum,AA21,2021,
2021,pilot,Chum,2021-06-17,06/17,0,0,7894,daily,PilotCounts.xlsx,AllChum,AA22,2021,
2021,pilot,Chum,2021-06-18,06/18,2855,2855,10749,daily,PilotCounts.xlsx,AllChum,AA23,2021,
2021,pilot,Chum,2021-06-19,06/19,2582,2582,13331,daily,PilotCounts.xlsx,AllChum,AA24,2021,
2021,pilot,Chum,2021-06-20,06/20,914,914,14245,daily,PilotCounts.xlsx,AllChum,AA25,2021,
2021,pilot,Chum,2021-06-21,06/21,2344,2344,16589,daily,PilotCounts.xlsx,AllChum,AA26,2021,
2021,pilot,Chum,2021-06-22,06/22,1360,1360,17949,daily,PilotCounts.xlsx,AllChum,AA27,2021,
2021,pilot,Chum,2021-06-23,06/23,1603,1603,19552,daily,PilotCounts.xlsx,AllChum,AA28,2021,
2021,pilot,Chum,2021-06-24,06/24,2913,2913,22465,daily,PilotCounts.xlsx,AllChum,AA29,2021,
2021,pilot,Chum,2021-06-25,06/25,1094,1094,23559,daily,PilotCounts.xlsx,AllChum,AA30,2021,
2021,pilot,Chum,2021-06-26,06/26,1515,1515,25074,daily,PilotCounts.xlsx,AllChum,AA31,2021,
2021,pilot,Chum,2021-06-27,06/27,3806,3806,28880,daily,PilotCounts.xlsx,AllChum,AA32,2021,
2021,pilot,Chum,2021-06-28,06/28,1550,1550,30430,daily,PilotCounts.xlsx,AllChum,AA33,2021,
2021,pilot,Chum,2021-06-29,06/29,5301,5301,35731,daily,PilotCounts.xlsx,AllChum,AA34,2021,
2021,pilot,Chum,2021-06-30,06/30,7935,7935,43666,daily,PilotCounts.xlsx,AllChum,AA35,2021,
2021,pilot,Chum,2021-07-01,07/01,9755,9755,53421,daily,PilotCounts.xlsx,AllChum,AA36,2021,
2021,pilot,Chum,2021-07-02,07/02,5791,5791,59212,daily,PilotCounts.xlsx,AllChum,AA37,2021,
2021,pilot,Chum,2021-07-03,07/03,3733,3733,62945,daily,PilotCounts.xlsx,AllChum,AA38,2021,
2021,pilot,Chum,2021-07-04,07/04,4408,4408,67353,daily,PilotCounts.xlsx,AllChum,AA39,2021,
2021,pilot,Chum,2021-07-05,07/05,3041,3041,70394,daily,PilotCounts.xlsx,AllChum,AA40,2021,
2021,pilot,Chum,2021-07-06,07/06,8686,8686,79080,daily,PilotCounts.xlsx,AllChum,AA41,2021,
2021,pilot,Chum,2021-07-07,07/07,13189,13189,92269,daily,PilotCounts.xlsx,AllChum,AA42,2021,
2021,pilot,Chum,2021-07-08,07/08,8709,8709,100978,daily,PilotCounts.xlsx,AllChum,AA43,2021,
2021,pilot,Chum,2021-07-09,07/09,5748,5748,106726,daily,PilotCounts.xlsx,AllChum,AA44,2021,
2021,pilot,Chum,2021-07-10,07/10,6406,6406,113132,daily,PilotCounts.xlsx,AllChum,AA45,2021,
2021,pilot,Chum,2021-07-11,07/11,7287,7287,120419,daily,PilotCounts.xlsx,AllChum,AA46,2021,
2021,pilot,Chum,2021-07-12,07/12,5849,5849,126268,daily,PilotCounts.xlsx,AllChum,AA47,2021,
2021,pilot,Chum,2021-07-13,07/13,4662,4662,130930,daily,PilotCounts.xlsx,AllChum,AA48,2021,
2021,pilot,Chum,2021-07-14,07/14,3411,3411,134341,daily,PilotCounts.xlsx,AllChum,AA49,2021,
2021,pilot,Chum,2021-07-15,07/15,1406,1406,135747,daily,PilotCounts.xlsx,AllChum,AA50,2021,
2021,pilot,Chum,2021-07-16,07/16,2657,2657,138404,daily,PilotCounts.xlsx,AllChum,AA51,2021,
2021,pilot,Chum,2021-07-17,07/17,4055,4055,142459,daily,PilotCounts.xlsx,AllChum,AA52,2021,
2021,pilot,Chum,2021-07-18,07/18,11259,11259,153718,daily,PilotCounts.xlsx,AllChum,AA53,2021,
2021,pilot,Chum,2021-07-19,07/19,6817,6817,160535,daily,PilotCounts.xlsx,AllChum,AA54,2021,
2021,pilot,Chum,2021-07-20,07/20,6652,6652,167187,daily,PilotCounts.xlsx,AllChum,AA55,2021,
2021,pilot,Chum,2021-07-21,07/21,3153,3153,170340,daily,PilotCounts.xlsx,AllChum,AA56,2021,
2021,pilot,Chum,2021-07-22,07/22,3005,3005,173345,daily,PilotCounts.xlsx,AllChum,AA57,2021,
2021,pilot,Chum,2021-07-23,07/23,3370,3370,176715,daily,PilotCounts.xlsx,AllChum,AA58,2021,
2021,pilot,Chum,2021-07-24,07/24,1971,1971,178686,daily,PilotCounts.xlsx,AllChum,AA59,2021,
2021,pilot,Chum,2021-07-25,07/25,1878,1878,180564,daily,PilotCounts.xlsx,AllChum,AA60,2021,
2021,pilot,Chum,2021-07-26,07/26,2446,2446,183010,daily,PilotCounts.xlsx,AllChum,AA61,2021,
2021,pilot,Chum,2021-07-27,07/27,2501,2501,185511,daily,PilotCounts.xlsx,AllChum,AA62,2021,
2021,pilot,Chum,2021-07-28,07/28,1133,1133,186644,daily,PilotCounts.xlsx,AllChum,AA63,2021,
2021,pilot,Chum,2021-07-29,07/29,1404,1404,188048,daily,PilotCounts.xlsx,AllChum,AA64,2021,
2021,pilot,Chum,2021-07-30,07/30,6057,6057,194105,daily,PilotCounts.xlsx,AllChum,AA65,2021,
2021,pilot,Chum,2021-07-31,07/31,7313,7313,201418,daily,PilotCounts.xlsx,AllChum,AA66,2021,
2021,pilot,Chum,2021-08-01,08/01,7897,7897,209315,daily,PilotCounts.xlsx,AllChum,AA67,2021,
2021,pilot,Chum,2021-08-02,08/02,3844,3844,213159,daily,PilotCounts.xlsx,AllChum,AA68,2021,
2021,pilot,Chum,2021-08-03,08/03,2492,2492,215651,daily,PilotCounts.xlsx,AllChum,AA69,2021,
2021,pilot,Chum,2021-08-04,08/04,1889,1889,217540,daily,PilotCounts.xlsx,AllChum,AA70,2021,
2021,pilot,Chum,2021-08-05,08/05,1207,1207,218747,daily,PilotCounts.xlsx,AllChum,AA71,2021,
2021,pilot,Chum,2021-08-06,08/06,916,916,219663,daily,PilotCounts.xlsx,AllChum,AA72,2021,
2021,pilot,Chum,2021-08-07,08/07,756,756,220419,daily,PilotCounts.xlsx,AllChum,AA73,2021,
2021,pilot,Chum,2021-08-08,08/08,1823,1823,222242,daily,PilotCounts.xlsx,AllChum,AA74,2021,
2021,pilot,Chum,2021-08-09,08/09,4765,4765,227007,daily,PilotCounts.xlsx,AllChum,AA75,2021,
2021,pilot,Chum,2021-08-10,08/10,4032,4032,231039,daily,PilotCounts.xlsx,AllChum,AA76,2021,
2021,pilot,Chum,2021-08-11,08/11,1596,1596,232635,daily,PilotCounts.xlsx,AllChum,AA77,2021,
2021,pilot,Chum,2021-08-12,08/12,2223,2223,234858,daily,PilotCounts.xlsx,AllChum,AA78,2021,
2021,pilot,Chum,2021-08-13,08/13,1443,1443,236301,daily,PilotCounts.xlsx,AllChum,AA79,2021,
2021,pilot,Chum,2021-08-14,08/14,595,595,236896,daily,PilotCounts.xlsx,AllChum,AA80,2021,
2021,pilot,Chum,2021-08-15,08/15,2561,2561,239457,daily,PilotCounts.xlsx,AllChum,AA81,2021,
2021,pilot,Chum,2021-08-16,08/16,1007,1007,240464,daily,PilotCounts.xlsx,AllChum,AA82,2021,
2021,pilot,Chum,2021-08-17,08/17,653,653,241117,daily,PilotCounts.xlsx,AllChum,AA83,2021,
2021,pilot,Chum,2021-08-18,08/18,1815,1815,242932,daily,PilotCounts.xlsx,AllChum,AA84,2021,
2021,pilot,Chum,2021-08-19,08/19,3891,3891,246823,daily,PilotCounts.xlsx,AllChum,AA85,2021,
2021,pilot,Chum,2021-08-20,08/20,3431,3431,250254,daily,PilotCounts.xlsx,AllChum,AA86,2021,
2021,pilot,Chum,2021-08-21,08/21,4180,4180,254434,daily,PilotCounts.xlsx,AllChum,AA87,2021,
2021,pilot,Chum,2021-08-22,08/22,1969,1969,256403,daily,PilotCounts.xlsx,AllChum,AA88,2021,
2021,pilot,Chum,2021-08-23,08/23,3793,3793,260196,daily,PilotCounts.xlsx,AllChum,AA89,2021,
2021,pilot,Chum,2021-08-24,08/24,6387,6387,266583,daily,PilotCounts.xlsx,AllChum,AA90,2021,
2021,pilot,Chum,2021-08-25,08/25,4014,4014,270597,daily,PilotCounts.xlsx,AllChum,AA91,2021,
2021,pilot,Chum,2021-08-26,08/26,2881,2881,273478,daily,PilotCounts.xlsx,AllChum,AA92,2021,
2021,pilot,Chum,2021-08-27,08/27,3279,3279,276757,daily,PilotCounts.xlsx,AllChum,AA93,2021,
2021,pilot,Chum,2021-08-28,08/28,2215,2215,278972,daily,PilotCounts.xlsx,AllChum,AA94,2021,
2021,pilot,Chum,2021-08-29,08/29,2008,2008,280980,daily,PilotCounts.xlsx,AllChum,AA95,2021,
2021,pilot,Chum,2021-08-30,08/30,2623,2623,283603,daily,PilotCounts.xlsx,AllChum,AA96,2021,
2021,pilot,Chum,2021-08-31,08/31,2735,2735,286338,daily,PilotCounts.xlsx,AllChum,AA97,2021,
2021,pilot,Chum,2021-09-01,09/01,2128,2128,288466,daily,PilotCounts.xlsx,AllChum,AA98,2021,
2021,pilot,Chum,2021-09-02,09/02,1364,1364,289830,daily,PilotCounts.xlsx,AllChum,AA99,2021,
2021,pilot,Chum,2021-09-03,09/03,1662,1662,291492,daily,PilotCounts.xlsx,AllChum,AA100,2021,
2021,pilot,Chum,2021-09-04,09/04,1457,1457,292949,daily,PilotCounts.xlsx,AllChum,AA101,2021,
2021,pilot,Chum,2021-09-05,09/05,2477,2477,295426,daily,PilotCounts.xlsx,AllChum,AA102,2021,
2021,pilot,Chum,2021-09-06,09/06,1787,1787,297213,daily,PilotCounts.xlsx,AllChum,AA103,2021,
2021,pilot,Chum,2021-09-07,09/07,2702,2702,299915,daily,PilotCounts.xlsx,AllChum,AA104,2021,
2021,pilot,Pink,2021-06-02,06/02,0,,0,cumulative,PilotCounts.xlsx,Pink,AA7,2021,
2021,pilot,Pink,2021-06-03,06/03,0,0,0,cumulative,PilotCounts.xlsx,Pink,AA8,2021,
2021,pilot,Pink,2021-06-04,06/04,0,0,0,cumulative,PilotCounts.xlsx,Pink,AA9,2021,
2021,pilot,Pink,2021-06-05,06/05,0,0,0,cumulative,PilotCounts.xlsx,Pink,AA10,2021,
2021,pilot,Pink,2021-06-06,06/06,0,0,0,cumulative,PilotCounts.xlsx,Pink,AA11,2021,
2021,pilot,Pink,2021-06-07,06/07,0,0,0,cumulative,PilotCounts.xlsx,Pink,AA12,2021,
2021,pilot,Pink,2021-06-08,06/08,0,0,0,cumulative,PilotCounts.xlsx,Pink,AA13,2021,
2021,pilot,Pink,2021-06-09,06/09,0,0,0,cumulative,PilotCounts.xlsx,Pink,AA14,2021,
2021,pilot,Pink,2021-06-10,06/10,0,0,0,cumulative,PilotCounts.xlsx,Pink,AA15,2021,
2021,pilot,Pink,2021-06-11,06/11,0,0,0,cumulative,PilotCounts.xlsx,Pink,AA16,2021,
2021,pilot,Pink,2021-06-12,06/12,0,0,0,cumulative,PilotCounts.xlsx,Pink,AA17,2021,
2021,pilot,Pink,2021-06-13,06/13,0,0,0,cumulative,PilotCounts.xlsx,Pink,AA18,2021,
2021,pilot,Pink,2021-06-14,06/14,0,0,0,cumulative,PilotCounts.xlsx,Pink,AA19,2021,
2021,pilot,Pink,2021-06-15,06/15,0,0,0,cumulative,PilotCounts.xlsx,Pink,AA20,2021,
2021,pilot,Pink,2021-06-16,06/16,0,0,0,cumulative,PilotCounts.xlsx,Pink,AA21,2021,
2021,pilot,Pink,2021-06-17,06/17,0,0,0,cumulative,PilotCounts.xlsx,Pink,AA22,2021,
2021,pilot,Pink,2021-06-18,06/18,0,0,0,cumulative,PilotCounts.xlsx,Pink,AA23,2021,
2021,pilot,Pink,2021-06-19,06/19,0,0,0,cumulative,PilotCounts.xlsx,Pink,AA24,2021,
2021,pilot,Pink,2021-06-20,06/20,0,0,0,cumulative,PilotCounts.xlsx,Pink,AA25,2021,
2021,pilot,Pink,2021-06-21,06/21,0,0,0,cumulative,PilotCounts.xlsx,Pink,AA26,2021,
2021,pilot,Pink,2021-06-22,06/22,0,0,0,cumulative,PilotCounts.xlsx,Pink,AA27,2021,
2021,pilot,Pink,2021-06-23,06/23,0,0,0,cumulative,PilotCounts.xlsx,Pink,AA28,2021,
2021,pilot,Pink,2021-06-24,06/24,0,0,0,cumulative,PilotCounts.xlsx,Pink,AA29,2021,
2021,pilot,Pink,2021-06-25,06/25,0,0,0,cumulative,PilotCounts.xlsx,Pink,AA30,2021,
2021,pilot,Pink,2021-06-26,06/26,0,0,0,cumulative,PilotCounts.xlsx,Pink,AA31,2021,
2021,pilot,Pink,2021-06-27,06/27,0,0,0,cumulative,PilotCounts.xlsx,Pink,AA32,2021,
2021,pilot,Pink,2021-06-28,06/28,0,0,0,cumulative,PilotCounts.xlsx,Pink,AA33,2021,
2021,pilot,Pink,2021-06-29,06/29,0,0,0,cumulative,PilotCounts.xlsx,Pink,AA34,2021,
2021,pilot,Pink,2021-06-30,06/30,0,0,0,cumulative,PilotCounts.xlsx,Pink,AA35,2021,
2021,pilot,Pink,2021-07-01,07/01,0,0,0,cumulative,PilotCounts.xlsx,Pink,AA36,2021,
2021,pilot,Pink,2021-07-02,07/02,0,0,0,cumulative,PilotCounts.xlsx,Pink,AA37,2021,
2021,pilot,Pink,2021-07-03,07/03,0,0,0,cumulative,PilotCounts.xlsx,Pink,AA38,2021,
2021,pilot,Pink,2021-07-04,07/04,0,0,0,cumulative,PilotCounts.xlsx,Pink,AA39,2021,
2021,pilot,Pink,2021-07-05,07/05,0,0,0,cumulative,PilotCounts.xlsx,Pink,AA40,2021,
2021,pilot,Pink,2021-07-06,07/06,0,0,0,cumulative,PilotCounts.xlsx,Pink,AA41,2021,
2021,pilot,Pink,2021-07-07,07/07,144,144,144,cumulative,PilotCounts.xlsx,Pink,AA42,2021,
2021,pilot,Pink,2021-07-08,07/08,225,81,225,cumulative,PilotCounts.xlsx,Pink,AA43,2021,
2021,pilot,Pink,2021-07-09,07/09,289,64,289,cumulative,PilotCounts.xlsx,Pink,AA44,2021,
2021,pilot,Pink,2021-07-10,07/10,545,256,545,cumulative,PilotCounts.xlsx,Pink,AA45,2021,
2021,pilot,Pink,2021-07-11,07/11,545,0,545,cumulative,PilotCounts.xlsx,Pink,AA46,2021,
2021,pilot,Pink,2021-07-12,07/12,977,432,977,cumulative,PilotCounts.xlsx,Pink,AA47,2021,
2021,pilot,Pink,2021-07-13,07/13,977,0,977,cumulative,PilotCounts.xlsx,Pink,AA48,2021,
2021,pilot,Pink,2021-07-14,07/14,1123,146,1123,cumulative,PilotCounts.xlsx,Pink,AA49,2021,
2021,pilot,Pink,2021-07-15,07/15,1299,176,1299,cumulative,PilotCounts.xlsx,Pink,AA50,2021,
2021,pilot,Pink,2021-07-16,07/16,1299,0,1299,cumulative,PilotCounts.xlsx,Pink,AA51,2021,
2021,pilot,Pink,2021-07-17,07/17,1588,289,1588,cumulative,PilotCounts.xlsx,Pink,AA52,2021,
2021,pilot,Pink,2021-07-18,07/18,2238,650,2238,cumulative,PilotCounts.xlsx,Pink,AA53,2021,
2021,pilot,Pink,2021-07-19,07/19,2879,641,2879,cumulative,PilotCounts.xlsx,Pink,AA54,2021,
2021,pilot,Pink,2021-07-20,07/20,3683,804,3683,cumulative,PilotCounts.xlsx,Pink,AA55,2021,
2021,pilot,Pink,2021-07-21,07/21,5597,1914,5597,cumulative,PilotCounts.xlsx,Pink,AA56,2021,
2021,pilot,Pink,2021-07-22,07/22,7165,1568,7165,cumulative,PilotCounts.xlsx,Pink,AA57,2021,
2021,pilot,Pink,2021-07-23,07/23,8674,1509,8674,cumulative,PilotCounts.xlsx,Pink,AA58,2021,
2021,pilot,Pink,2021-07-24,07/24,13128,4454,13128,cumulative,PilotCounts.xlsx,Pink,AA59,2021,
2021,pilot,Pink,2021-07-25,07/25,14608,1480,14608,cumulative,PilotCounts.xlsx,Pink,AA60,2021,
2021,pilot,Pink,2021-07-26,07/26,15379,771,15379,cumulative,PilotCounts.xlsx,Pink,AA61,2021,
2021,pilot,Pink,2021-07-27,07/27,15639,260,15639,cumulative,PilotCounts.xlsx,Pink,AA62,2021,
2021,pilot,Pink,2021-07-28,07/28,15902,263,15902,cumulative,PilotCounts.xlsx,Pink,AA63,2021,
2021,pilot,Pink,2021-07-29,07/29,16234,332,16234,cumulative,PilotCounts.xlsx,Pink,AA64,2021,
2021,pilot,Pink,2021-07-30,07/30,16502,268,16502,cumulative,PilotCounts.xlsx,Pink,AA65,2021,
2021,pilot,Pink,2021-07-31,07/31,17204,702,17204,cumulative,PilotCounts.xlsx,Pink,AA66,2021,
2021,pilot,Pink,2021-08-01,08/01,17491,287,17491,cumulative,PilotCounts.xlsx,Pink,AA67,2021,
2021,pilot,Pink,2021-08-02,08/02,17993,502,17993,cumulative,PilotCounts.xlsx,Pink,AA68,2021,
2021,pilot,Pink,2021-08-03,08/03,18245,252,18245,cumulative,PilotCounts.xlsx,Pink,AA69,2021,
2021,pilot,Pink,2021-08-04,08/04,18340,95,18340,cumulative,PilotCounts.xlsx,Pink,AA70,2021,
2021,pilot,Pink,2021-08-05,08/05,18526,186,18526,cumulative,PilotCounts.xlsx,Pink,AA71,2021,
2021,pilot,Pink,2021-08-06,08/06,18918,392,18918,cumulative,PilotCounts.xlsx,Pink,AA72,2021,
2021,pilot,Pink,2021-08-07,08/07,19167,249,19167,cumulative,PilotCounts.xlsx,Pink,AA73,2021,
2021,pilot,Pink,2021-08-08,08/08,20026,859,20026,cumulative,PilotCounts.xlsx,Pink,AA74,2021,
2021,pilot,Pink,2021-08-09,08/09,20921,895,20921,cumulative,PilotCounts.xlsx,Pink,AA75,2021,
2021,pilot,Pink,2021-08-10,08/10,21684,763,21684,cumulative,PilotCounts.xlsx,Pink,AA76,2021,
2021,pilot,Pink,2021-08-11,08/11,21839,155,21839,cumulative,PilotCounts.xlsx,Pink,AA77,2021,
2021,pilot,Pink,2021-08-12,08/12,21839,0,21839,cumulative,PilotCounts.xlsx,Pink,AA78,2021,
2021,pilot,Pink,2021-08-13,08/13,21839,0,21839,cumulative,PilotCounts.xlsx,Pink,AA79,2021,
2021,pilot,Pink,2021-08-14,08/14,22032,193,22032,cumulative,PilotCounts.xlsx,Pink,AA80,2021,
2021,pilot,Pink,2021-08-15,08/15,22032,0,22032,cumulative,PilotCounts.xlsx,Pink,AA81,2021,
2021,pilot,Pink,2021-08-16,08/16,22123,91,22123,cumulative,PilotCounts.xlsx,Pink,AA82,2021,
2021,pilot,Pink,2021-08-17,08/17,22181,58,22181,cumulative,PilotCounts.xlsx,Pink,AA83,2021,
2021,pilot,Pink,2021-08-18,08/18,22181,0,22181,cumulative,PilotCounts.xlsx,Pink,AA84,2021,
2021,pilot,Pink,2021-08-19,08/19,22181,0,22181,cumulative,PilotCounts.xlsx,Pink,AA85,2021,
2021,pilot,Pink,2021-08-20,08/20,22181,0,22181,cumulative,PilotCounts.xlsx,Pink,AA86,2021,
2021,pilot,Pink,2021-08-21,08/21,22181,0,22181,cumulative,PilotCounts.xlsx,Pink,AA87,2021,
2021,pilot,Pink,2021-08-22,08/22,22181,0,22181,cumulative,PilotCounts.xlsx,Pink,AA88,2021,
2021,pilot,Pink,2021-08-23,08/23,22181,0,22181,cumulative,PilotCounts.xlsx,Pink,AA89,2021,
2021,pilot,Pink,2021-08-24,08/24,22181,0,22181,cumulative,PilotCounts.xlsx,Pink,AA90,2021,
2021,pilot,Pink,2021-08-25,08/25,22181,0,22181,cumulative,PilotCounts.xlsx,Pink,AA91,2021,
2021,pilot,Pink,2021-08-26,08/26,22181,0,22181,cumulative,PilotCounts.xlsx,Pink,AA92,2021,
2021,pilot,Pink,2021-08-27,08/27,22181,0,22181,cumulative,PilotCounts.xlsx,Pink,AA93,2021,
2021,pilot,Pink,2021-08-28,08/28,22181,0,22181,cumulative,PilotCounts.xlsx,Pink,AA94,2021,
2021,pilot,Pink,2021-08-29,08/29,22181,0,22181,cumulative,PilotCounts.xlsx,Pink,AA95,2021,
2021,pilot,Pink,2021-08-30,08/30,22181,0,22181,cumulative,PilotCounts.xlsx,Pink,AA96,2021,
2021,pilot,Pink,2021-08-31,08/31,22181,0,22181,cumulative,PilotCounts.xlsx,Pink,AA97,2021,
2021,pilot,Pink,2021-09-01,09/01,22181,0,22181,cumulative,PilotCounts.xlsx,Pink,AA98,2021,
2021,pilot,Pink,2021-09-02,09/02,22181,0,22181,cumulative,PilotCounts.xlsx,Pink,AA99,2021,
2021,pilot,Pink,2021-09-03,09/03,22181,0,22181,cumulative,PilotCounts.xlsx,Pink,AA100,2021,
2021,pilot,Pink,2021-09-04,09/04,22181,0,22181,cumulative,PilotCounts.xlsx,Pink,AA101,2021,
2021,pilot,Pink,2021-09-05,09/05,22181,0,22181,cumulative,PilotCounts.xlsx,Pink,AA102,2021,
2021,pilot,Pink,2021-09-06,09/06,22181,0,22181,cumulative,PilotCounts.xlsx,Pink,AA103,2021,
2021,pilot,Pink,2021-09-07,09/07,22181,0,22181,cumulative,PilotCounts.xlsx,Pink,AA104,2021,
2021,pilot,Pink,2021-09-08,09/08,22181,0,22181,cumulative,PilotCounts.xlsx,Pink,AA105,2021,
2022,Anvik,Pink,2022-06-15,06/15,0,,0,cumulative,Anvik_PinkCounts.xlsx,Sheet1,AX3,2022,
2022,Anvik,Pink,2022-06-16,06/16,0,0,0,cumulative,Anvik_PinkCounts.xlsx,Sheet1,AX4,2022,
2022,Anvik,Pink,2022-06-17,06/17,0,0,0,cumulative,Anvik_PinkCounts.xlsx,Sheet1,AX5,2022,
2022,Anvik,Pink,2022-06-18,06/18,0,0,0,cumulative,Anvik_PinkCounts.xlsx,Sheet1,AX6,2022,
2022,Anvik,Pink,2022-06-19,06/19,0,0,0,cumulative,Anvik_PinkCounts.xlsx,Sheet1,AX7,2022,
2022,Anvik,Pink,2022-06-20,06/20,0,0,0,cumulative,Anvik_PinkCounts.xlsx,Sheet1,AX8,2022,
2022,Anvik,Pink,2022-06-21,06/21,0,0,0,cumulative,Anvik_PinkCounts.xlsx,Sheet1,AX9,2022,
2022,Anvik,Pink,2022-06-22,06/22,0,0,0,cumulative,Anvik_PinkCounts.xlsx,Sheet1,AX10,2022,
2022,Anvik,Pink,2022-06-23,06/23,0,0,0,cumulative,Anvik_PinkCounts.xlsx,Sheet1,AX11,2022,
2022,Anvik,Pink,2022-06-24,06/24,0,0,0,cumulative,Anvik_PinkCounts.xlsx,Sheet1,AX12,2022,
2022,Anvik,Pink,2022-06-25,06/25,0,0,0,cumulative,Anvik_PinkCounts.xlsx,Sheet1,AX13,2022,
2022,Anvik,Pink,2022-06-26,06/26,0,0,0,cumulative,Anvik_PinkCounts.xlsx,Sheet1,AX14,2022,
2022,Anvik,Pink,2022-06-27,06/27,0,0,0,cumulative,Anvik_PinkCounts.xlsx,Sheet1,AX15,2022,
2022,Anvik,Pink,2022-06-28,06/28,0,0,0,cumulative,Anvik_PinkCounts.xlsx,Sheet1,AX16,2022,
2022,Anvik,Pink,2022-06-29,06/29,0,0,0,cumulative,Anvik_PinkCounts.xlsx,Sheet1,AX17,2022,
2022,Anvik,Pink,2022-06-30,06/30,0,0,0,cumulative,Anvik_PinkCounts.xlsx,Sheet1,AX18,2022,
2022,Anvik,Pink,2022-07-01,07/01,0,0,0,cumulative,Anvik_PinkCounts.xlsx,Sheet1,AX19,2022,
2022,Anvik,Pink,2022-07-02,07/02,0,0,0,cumulative,Anvik_PinkCounts.xlsx,Sheet1,AX20,2022,
2022,Anvik,Pink,2022-07-03,07/03,0,0,0,cumulative,Anvik_PinkCounts.xlsx,Sheet1,AX21,2022,
2022,Anvik,Pink,2022-07-04,07/04,0,0,0,cumulative,Anvik_PinkCounts.xlsx,Sheet1,AX22,2022,
2022,Anvik,Pink,2022-07-05,07/05,0,0,0,cumulative,Anvik_PinkCounts.xlsx,Sheet1,AX23,2022,
2022,Anvik,Pink,2022-07-06,07/06,0,0,0,cumulative,Anvik_PinkCounts.xlsx,Sheet1,AX24,2022,
2022,Anvik,Pink,2022-07-07,07/07,0,0,0,cumulative,Anvik_PinkCounts.xlsx,Sheet1,AX25,2022,
2022,Anvik,Pink,2022-07-08,07/08,0,0,0,cumulative,Anvik_PinkCounts.xlsx,Sheet1,AX26,2022,
2022,Anvik,Pink,2022-07-09,07/09,49,49,49,cumulative,Anvik_PinkCounts.xlsx,Sheet1,AX27,2022,
2022,Anvik,Pink,2022-07-10,07/10,127,78,127,cumulative,Anvik_PinkCounts.xlsx,Sheet1,AX28,2022,
2022,Anvik,Pink,2022-07-11,07/11,131,4,131,cumulative,Anvik_PinkCounts.xlsx,Sheet1,AX29,2022,
2022,Anvik,Pink,2022-07-12,07/12,134,3,134,cumulative,Anvik_PinkCounts.xlsx,Sheet1,AX30,2022,
2022,Anvik,Pink,2022-07-13,07/13,203,69,203,cumulative,Anvik_PinkCounts.xlsx,Sheet1,AX31,2022,
2022,Anvik,Pink,2022-07-14,07/14,331,128,331,cumulative,Anvik_PinkCounts.xlsx,Sheet1,AX32,2022,
2022,Anvik,Pink,2022-07-15,07/15,703,372,703,cumulative,Anvik_PinkCounts.xlsx,Sheet1,AX33,2022,
2022,Anvik,Pink,2022-07-16,07/16,1124,421,1124,cumulative,Anvik_PinkCounts.xlsx,Sheet1,AX34,2022,
2022,Anvik,Pink,2022-07-17,07/17,1760,636,1760,cumulative,Anvik_PinkCounts.xlsx,Sheet1,AX35,2022,
2022,Anvik,Pink,2022-07-18,07/18,2416,656,2416,cumulative,Anvik_PinkCounts.xlsx,Sheet1,AX36,2022,
2022,Anvik,Pink,2022-07-19,07/19,2956,540,2956,cumulative,Anvik_PinkCounts.xlsx,Sheet1,AX37,2022,
2022,Anvik,Pink,2022-07-20,07/20,3644,688,3644,cumulative,Anvik_PinkCounts.xlsx,Sheet1,AX38,2022,
2022,Anvik,Pink,2022-07-21,07/21,4247,603,4247,cumulative,Anvik_PinkCounts.xlsx,Sheet1,AX39,2022,
2022,Anvik,Pink,2022-07-22,07/22,5223,976,5223,cumulative,Anvik_PinkCounts.xlsx,Sheet1,AX40,2022,
2022,Anvik,Pink,2022-07-23,07/23,6422,1199,6422,cumulative,Anvik_PinkCounts.xlsx,Sheet1,AX41,2022,
2022,Anvik,Pink,2022-07-24,07/24,6645,223,6645,cumulative,Anvik_PinkCounts.xlsx,Sheet1,AX42,2022,
2022,Anvik,Pink,2022-07-25,07/25,7708,1063,7708,cumulative,Anvik_PinkCounts.xlsx,Sheet1,AX43,2022,
2022,Anvik,Pink,2022-07-26,07/26,8597,889,8597,cumulative,Anvik_PinkCounts.xlsx,Sheet1,AX44,2022,
2022,Anvik,Pink,2022-07-27,07/27,8597,0,8597,cumulative,Anvik_PinkCounts.xlsx,Sheet1,AX45,2022,
2022,pilot,Chinook,2022-06-01,06/01,0,0,0,daily,PilotCounts.xlsx,AllChinook,AA6,2022,
2022,pilot,Chinook,2022-06-02,06/02,0,0,0,daily,PilotCounts.xlsx,AllChinook,AA7,2022,
2022,pilot,Chinook,2022-06-03,06/03,0,0,0,daily,PilotCounts.xlsx,AllChinook,AA8,2022,
2022,pilot,Chinook,2022-06-04,06/04,0,0,0,daily,PilotCounts.xlsx,AllChinook,AA9,2022,
2022,pilot,Chinook,2022-06-05,06/05,0,0,0,daily,PilotCounts.xlsx,AllChinook,AA10,2022,
2022,pilot,Chinook,2022-06-06,06/06,92,92,92,daily,PilotCounts.xlsx,AllChinook,AA11,2022,
2022,pilot,Chinook,2022-06-07,06/07,217,217,309,daily,PilotCounts.xlsx,AllChinook,AA12,2022,
2022,pilot,Chinook,2022-06-08,06/08,320,320,629,daily,PilotCounts.xlsx,AllChinook,AA13,2022,
2022,pilot,Chinook,2022-06-09,06/09,310,310,939,daily,PilotCounts.xlsx,AllChinook,AA14,2022,
2022,pilot,Chinook,2022-06-10,06/10,443,443,1382,daily,PilotCounts.xlsx,AllChinook,AA15,2022,
2022,pilot,Chinook,2022-06-11,06/11,425,425,1807,daily,PilotCounts.xlsx,AllChinook,AA16,2022,
2022,pilot,Chinook,2022-06-12,06/12,313,313,2120,daily,PilotCounts.xlsx,AllChinook,AA17,2022,
2022,pilot,Chinook,2022-06-13,06/13,278,278,2398,daily,PilotCounts.xlsx,AllChinook,AA18,2022,
2022,pilot,Chinook,2022-06-14,06/14,815,815,3213,daily,PilotCounts.xlsx,AllChinook,AA19,2022,
2022,pilot,Chinook,2022-06-15,06/15,991,991,4204,daily,PilotCounts.xlsx,AllChinook,AA20,2022,
2022,pilot,Chinook,2022-06-16,06/16,765,765,4969,daily,PilotCounts.xlsx,AllChinook,AA21,2022,
2022,pilot,Chinook,2022-06-17,06/17,886,886,5855,daily,PilotCounts.xlsx,AllChinook,AA22,2022,
2022,pilot,Chinook,2022-06-18,06/18,1403,1403,7258,daily,PilotCounts.xlsx,AllChinook,AA23,2022,
2022,pilot,Chinook,2022-06-19,06/19,758,758,8016,daily,PilotCounts.xlsx,AllChinook,AA24,2022,
2022,pilot,Chinook,2022-06-20,06/20,845,845,8861,daily,PilotCounts.xlsx,AllChinook,AA25,2022,
2022,pilot,Chinook,2022-06-21,06/21,804,804,9665,daily,PilotCounts.xlsx,AllChinook,AA26,2022,
2022,pilot,Chinook,2022-06-22,06/22,826,826,10491,daily,PilotCounts.xlsx,AllChinook,AA27,2022,
2022,pilot,Chinook,2022-06-23,06/23,1266,1266,11757,daily,PilotCounts.xlsx,AllChinook,AA28,2022,
2022,pilot,Chinook,2022-06-24,06/24,1879,1879,13636,daily,PilotCounts.xlsx,AllChinook,AA29,2022,
2022,pilot,Chinook,2022-06-25,06/25,2971,2971,16607,daily,PilotCounts.xlsx,AllChinook,AA30,2022,
2022,pilot,Chinook,2022-06-26,06/26,4650,4650,21257,daily,PilotCounts.xlsx,AllChinook,AA31,2022,
2022,pilot,Chinook,2022-06-27,06/27,1717,1717,22974,daily,PilotCounts.xlsx,AllChinook,AA32,2022,
2022,pilot,Chinook,2022-06-28,06/28,3822,3822,26796,daily,PilotCounts.xlsx,AllChinook,AA33,2022,
2022,pilot,Chinook,2022-06-29,06/29,2254,2254,29050,daily,PilotCounts.xlsx,AllChinook,AA34,2022,
2022,pilot,Chinook,2022-06-30,06/30,2589,2589,31639,daily,PilotCounts.xlsx,AllChinook,AA35,2022,
2022,pilot,Chinook,2022-07-01,07/01,1921,1921,33560,daily,PilotCounts.xlsx,AllChinook,AA36,2022,
2022,pilot,Chinook,2022-07-02,07/02,1835,1835,35395,daily,PilotCounts.xlsx,AllChinook,AA37,2022,
2022,pilot,Chinook,2022-07-03,07/03,1345,1345,36740,daily,PilotCounts.xlsx,AllChinook,AA38,2022,
2022,pilot,Chinook,2022-07-04,07/04,1697,1697,38437,daily,PilotCounts.xlsx,AllChinook,AA39,2022,
2022,pilot,Chinook,2022-07-05,07/05,685,685,39122,daily,PilotCounts.xlsx,AllChinook,AA40,2022,
2022,pilot,Chinook,2022-07-06,07/06,1579,1579,40701,daily,PilotCounts.xlsx,AllChinook,AA41,2022,
2022,pilot,Chinook,2022-07-07,07/07,1035,1035,41736,daily,PilotCounts.xlsx,AllChinook,AA42,2022,
2022,pilot,Chinook,2022-07-08,07/08,413,413,42149,daily,PilotCounts.xlsx,AllChinook,AA43,2022,
2022,pilot,Chinook,2022-07-09,07/09,622,622,42771,daily,PilotCounts.xlsx,AllChinook,AA44,2022,
2022,pilot,Chinook,2022-07-10,07/10,1011,1011,43782,daily,PilotCounts.xlsx,AllChinook,AA45,2022,
2022,pilot,Chinook,2022-07-11,07/11,564,564,44346,daily,PilotCounts.xlsx,AllChinook,AA46,2022,
2022,pilot,Chinook,2022-07-12,07/12,496,496,44842,daily,PilotCounts.xlsx,AllChinook,AA47,2022,
2022,pilot,Chinook,2022-07-13,07/13,104,104,44946,daily,PilotCounts.xlsx,AllChinook,AA48,2022,
2022,pilot,Chinook,2022-07-14,07/14,700,700,45646,daily,PilotCounts.xlsx,AllChinook,AA49,2022,
2022,pilot,Chinook,2022-07-15,07/15,815,815,46461,daily,PilotCounts.xlsx,AllChinook,AA50,2022,
2022,pilot,Chinook,2022-07-16,07/16,0,0,46461,daily,PilotCounts.xlsx,AllChinook,AA51,2022,
2022,pilot,Chinook,2022-07-17,07/17,157,157,46618,daily,PilotCounts.xlsx,AllChinook,AA52,2022,
2022,pilot,Chinook,2022-07-18,07/18,385,385,47003,daily,PilotCounts.xlsx,AllChinook,AA53,2022,
2022,pilot,Chinook,2022-07-19,07/19,379,379,47382,daily,PilotCounts.xlsx,AllChinook,AA54,2022,
2022,pilot,Chinook,2022-07-20,07/20,157,157,47539,daily,PilotCounts.xlsx,AllChinook,AA55,2022,
2022,pilot,Chinook,2022-07-21,07/21,243,243,47782,daily,PilotCounts.xlsx,AllChinook,AA56,2022,
2022,pilot,Chinook,2022-07-22,07/22,288,288,48070,daily,PilotCounts.xlsx,AllChinook,AA57,2022,
2022,pilot,Chinook,2022-07-23,07/23,163,163,48233,daily,PilotCounts.xlsx,AllChinook,AA58,2022,
2022,pilot,Chinook,2022-07-24,07/24,50,50,48283,daily,PilotCounts.xlsx,AllChinook,AA59,2022,
2022,pilot,Chinook,2022-07-25,07/25,0,0,48283,daily,PilotCounts.xlsx,AllChinook,AA60,2022,
2022,pilot,Chinook,2022-07-26,07/26,0,0,48283,daily,PilotCounts.xlsx,AllChinook,AA61,2022,
2022,pilot,Chinook,2022-07-27,07/27,156,156,48439,daily,PilotCounts.xlsx,AllChinook,AA62,2022,
2022,pilot,Chinook,2022-07-28,07/28,0,0,48439,daily,PilotCounts.xlsx,AllChinook,AA63,2022,
2022,pilot,Chinook,2022-07-29,07/29,0,0,48439,daily,PilotCounts.xlsx,AllChinook,AA64,2022,
2022,pilot,Chinook,2022-07-30,07/30,0,0,48439,daily,PilotCounts.xlsx,AllChinook,AA65,2022,
2022,pilot,Chinook,2022-07-31,07/31,0,0,48439,daily,PilotCounts.xlsx,AllChinook,AA66,2022,
2022,pilot,Chinook,2022-08-01,08/01,0,0,48439,daily,PilotCounts.xlsx,AllChinook,AA67,2022,
2022,pilot,Chinook,2022-08-02,08/02,0,0,48439,daily,PilotCounts.xlsx,AllChinook,AA68,2022,
2022,pilot,Chinook,2022-08-03,08/03,0,0,48439,daily,PilotCounts.xlsx,AllChinook,AA69,2022,
2022,pilot,Chinook,2022-08-04,08/04,0,0,48439,daily,PilotCounts.xlsx,AllChinook,AA70,2022,
2022,pilot,Chinook,2022-08-05,08/05,0,0,48439,daily,PilotCounts.xlsx,AllChinook,AA71,2022,
2022,pilot,Chinook,2022-08-06,08/06,0,0,48439,daily,PilotCounts.xlsx,AllChinook,AA72,2022,
2022,pilot,Chinook,2022-08-07,08/07,0,0,48439,daily,PilotCounts.xlsx,AllChinook,AA73,2022,
2022,pilot,Chinook,2022-08-08,08/08,0,0,48439,daily,PilotCounts.xlsx,AllChinook,AA74,2022,
2022,pilot,Chinook,2022-08-09,08/09,0,0,48439,daily,PilotCounts.xlsx,AllChinook,AA75,2022,
2022,pilot,Chinook,2022-08-10,08/10,0,0,48439,daily,PilotCounts.xlsx,AllChinook,AA76,2022,
2022,pilot,Chinook,2022-08-11,08/11,0,0,48439,daily,PilotCounts.xlsx,AllChinook,AA77,2022,
2022,pilot,Chinook,2022-08-12,08/12,0,0,48439,daily,PilotCounts.xlsx,AllChinook,AA78,2022,
2022,pilot,Chinook,2022-08-13,08/13,0,0,48439,daily,PilotCounts.xlsx,AllChinook,AA79,2022,
2022,pilot,Chinook,2022-08-14,08/14,0,0,48439,daily,PilotCounts.xlsx,AllChinook,AA80,2022,
2022,pilot,Chinook,2022-08-15,08/15,0,0,48439,daily,PilotCounts.xlsx,AllChinook,AA81,2022,
2022,pilot,Chinook,2022-08-16,08/16,0,0,48439,daily,PilotCounts.xlsx,AllChinook,AA82,2022,
2022,pilot,Chinook,2022-08-17,08/17,0,0,48439,daily,PilotCounts.xlsx,AllChinook,AA83,2022,
2022,pilot,Chinook,2022-08-18,08/18,0,0,48439,daily,PilotCounts.xlsx,AllChinook,AA84,2022,
2022,pilot,Chinook,2022-08-19,08/19,0,0,48439,daily,PilotCounts.xlsx,AllChinook,AA85,2022,
2022,pilot,Chinook,2022-08-20,08/20,0,0,48439,daily,PilotCounts.xlsx,AllChinook,AA86,2022,
2022,pilot,Chinook,2022-08-21,08/21,0,0,48439,daily,PilotCounts.xlsx,AllChinook,AA87,2022,
2022,pilot,Chinook,2022-08-22,08/22,0,0,48439,daily,PilotCounts.xlsx,AllChinook,AA88,2022,
2022,pilot,Chinook,2022-08-23,08/23,0,0,48439,daily,PilotCounts.xlsx,AllChinook,AA89,2022,
2022,pilot,Chinook,2022-08-24,08/24,0,0,48439,daily,PilotCounts.xlsx,AllChinook,AA90,2022,
2022,pilot,Chinook,2022-08-25,08/25,0,0,48439,daily,PilotCounts.xlsx,AllChinook,AA91,2022,
2022,pilot,Chinook,2022-08-26,08/26,0,0,48439,daily,PilotCounts.xlsx,AllChinook,AA92,2022,
2022,pilot,Chinook,2022-08-27,08/27,0,0,48439,daily,PilotCounts.xlsx,AllChinook,AA93,2022,
2022,pilot,Chinook,2022-08-28,08/28,0,0,48439,daily,PilotCounts.xlsx,AllChinook,AA94,2022,
2022,pilot,Chinook,2022-08-29,08/29,0,0,48439,daily,PilotCounts.xlsx,AllChinook,AA95,2022,
2022,pilot,Chinook,2022-08-30,08/30,0,0,48439,daily,PilotCounts.xlsx,AllChinook,AA96,2022,
2022,pilot,Chinook,2022-08-31,08/31,0,0,48439,daily,PilotCounts.xlsx,AllChinook,AA97,2022,
2022,pilot,Chinook,2022-09-01,09/01,0,0,48439,daily,PilotCounts.xlsx,AllChinook,AA98,2022,
2022,pilot,Chinook,2022-09-02,09/02,0,0,48439,daily,PilotCounts.xlsx,AllChinook,AA99,2022,
2022,pilot,Chinook,2022-09-03,09/03,0,0,48439,daily,PilotCounts.xlsx,AllChinook,AA100,2022,
2022,pilot,Chinook,2022-09-04,09/04,0,0,48439,daily,PilotCounts.xlsx,AllChinook,AA101,2022,
2022,pilot,Chinook,2022-09-05,09/05,0,0,48439,daily,PilotCounts.xlsx,AllChinook,AA102,2022,
2022,pilot,Chinook,2022-09-06,09/06,0,0,48439,daily,PilotCounts.xlsx,AllChinook,AA103,2022,
2022,pilot,Chinook,2022-09-07,09/07,0,0,48439,daily,PilotCounts.xlsx,AllChinook,AA104,2022,
2022,pilot,Chum,2022-06-01,06/01,0,0,0,daily,PilotCounts.xlsx,AllChum,AB6,2022,
2022,pilot,Chum,2022-06-02,06/02,0,0,0,daily,PilotCounts.xlsx,AllChum,AB7,2022,
2022,pilot,Chum,2022-06-03,06/03,0,0,0,daily,PilotCounts.xlsx,AllChum,AB8,2022,
2022,pilot,Chum,2022-06-04,06/04,0,0,0,daily,PilotCounts.xlsx,AllChum,AB9,2022,
2022,pilot,Chum,2022-06-05,06/05,0,0,0,daily,PilotCounts.xlsx,AllChum,AB10,2022,
2022,pilot,Chum,2022-06-06,06/06,0,0,0,daily,PilotCounts.xlsx,AllChum,AB11,2022,
2022,pilot,Chum,2022-06-07,06/07,0,0,0,daily,PilotCounts.xlsx,AllChum,AB12,2022,
2022,pilot,Chum,2022-06-08,06/08,0,0,0,daily,PilotCounts.xlsx,AllChum,AB13,2022,
2022,pilot,Chum,2022-06-09,06/09,1,1,1,daily,PilotCounts.xlsx,AllChum,AB14,2022,
2022,pilot,Chum,2022-06-10,06/10,0,0,1,daily,PilotCounts.xlsx,AllChum,AB15,2022,
2022,pilot,Chum,2022-06-11,06/11,1,1,2,daily,PilotCounts.xlsx,AllChum,AB16,2022,
2022,pilot,Chum,2022-06-12,06/12,327,327,329,daily,PilotCounts.xlsx,AllChum,AB17,2022,
2022,pilot,Chum,2022-06-13,06/13,290,290,619,daily,PilotCounts.xlsx,AllChum,AB18,2022,
2022,pilot,Chum,2022-06-14,06/14,1072,1072,1691,daily,PilotCounts.xlsx,AllChum,AB19,2022,
2022,pilot,Chum,2022-06-15,06/15,1296,1296,2987,daily,PilotCounts.xlsx,AllChum,AB20,2022,
2022,pilot,Chum,2022-06-16,06/16,1226,1226,4213,daily,PilotCounts.xlsx,AllChum,AB21,2022,
2022,pilot,Chum,2022-06-17,06/17,1586,1586,5799,daily,PilotCounts.xlsx,AllChum,AB22,2022,
2022,pilot,Chum,2022-06-18,06/18,1604,1604,7403,daily,PilotCounts.xlsx,AllChum,AB23,2022,
2022,pilot,Chum,2022-06-19,06/19,2549,2549,9952,daily,PilotCounts.xlsx,AllChum,AB24,2022,
2022,pilot,Chum,2022-06-20,06/20,1815,1815,11767,daily,PilotCounts.xlsx,AllChum,AB25,2022,
2022,pilot,Chum,2022-06-21,06/21,1436,1436,13203,daily,PilotCounts.xlsx,AllChum,AB26,2022,
2022,pilot,Chum,2022-06-22,06/22,708,708,13911,daily,PilotCounts.xlsx,AllChum,AB27,2022,
2022,pilot,Chum,2022-06-23,06/23,349,349,14260,daily,PilotCounts.xlsx,AllChum,AB28,2022,
2022,pilot,Chum,2022-06-24,06/24,5962,5962,20222,daily,PilotCounts.xlsx,AllChum,AB29,2022,
2022,pilot,Chum,2022-06-25,06/25,35735,35735,55957,daily,PilotCounts.xlsx,AllChum,AB30,2022,
2022,pilot,Chum,2022-06-26,06/26,48685,48685,104642,daily,PilotCounts.xlsx,AllChum,AB31,2022,
2022,pilot,Chum,2022-06-27,06/27,29621,29621,134263,daily,PilotCounts.xlsx,AllChum,AB32,2022,
2022,pilot,Chum,2022-06-28,06/28,18884,18884,153147,daily,PilotCounts.xlsx,AllChum,AB33,2022,
2022,pilot,Chum,2022-06-29,06/29,15473,15473,168620,daily,PilotCounts.xlsx,AllChum,AB34,2022,
2022,pilot,Chum,2022-06-30,06/30,22620,22620,191240,daily,PilotCounts.xlsx,AllChum,AB35,2022,
2022,pilot,Chum,2022-07-01,07/01,26358,26358,217598,daily,PilotCounts.xlsx,AllChum,AB36,2022,
2022,pilot,Chum,2022-07-02,07/02,18640,18640,236238,daily,PilotCounts.xlsx,AllChum,AB37,2022,
2022,pilot,Chum,2022-07-03,07/03,7634,7634,243872,daily,PilotCounts.xlsx,AllChum,AB38,2022,
2022,pilot,Chum,2022-07-04,07/04,6156,6156,250028,daily,PilotCounts.xlsx,AllChum,AB39,2022,
2022,pilot,Chum,2022-07-05,07/05,19105,19105,269133,daily,PilotCounts.xlsx,AllChum,AB40,2022,
2022,pilot,Chum,2022-07-06,07/06,18816,18816,287949,daily,PilotCounts.xlsx,AllChum,AB41,2022,
2022,pilot,Chum,2022-07-07,07/07,11227,11227,299176,daily,PilotCounts.xlsx,AllChum,AB42,2022,
2022,pilot,Chum,2022-07-08,07/08,8473,8473,307649,daily,PilotCounts.xlsx,AllChum,AB43,2022,
2022,pilot,Chum,2022-07-09,07/09,5940,5940,313589,daily,PilotCounts.xlsx,AllChum,AB44,2022,
2022,pilot,Chum,2022-07-10,07/10,9445,9445,323034,daily,PilotCounts.xlsx,AllChum,AB45,2022,
2022,pilot,Chum,2022-07-11,07/11,13030,13030,336064,daily,PilotCounts.xlsx,AllChum,AB46,2022,
2022,pilot,Chum,2022-07-12,07/12,18875,18875,354939,daily,PilotCounts.xlsx,AllChum,AB47,2022,
2022,pilot,Chum,2022-07-13,07/13,26494,26494,381433,daily,PilotCounts.xlsx,AllChum,AB48,2022,
2022,pilot,Chum,2022-07-14,07/14,16111,16111,397544,daily,PilotCounts.xlsx,AllChum,AB49,2022,
2022,pilot,Chum,2022-07-15,07/15,12451,12451,409995,daily,PilotCounts.xlsx,AllChum,AB50,2022,
2022,pilot,Chum,2022-07-16,07/16,23610,23610,433605,daily,PilotCounts.xlsx,AllChum,AB51,2022,
2022,pilot,Chum,2022-07-17,07/17,16832,16832,450437,daily,PilotCounts.xlsx,AllChum,AB52,2022,
2022,pilot,Chum,2022-07-18,07/18,13369,13369,463806,daily,PilotCounts.xlsx,AllChum,AB53,2022,
2022,pilot,Chum,2022-07-19,07/19,13098,13098,476904,daily,PilotCounts.xlsx,AllChum,AB54,2022,
2022,pilot,Chum,2022-07-20,07/20,9280,9280,486184,daily,PilotCounts.xlsx,AllChum,AB55,2022,
2022,pilot,Chum,2022-07-21,07/21,13727,13727,499911,daily,PilotCounts.xlsx,AllChum,AB56,2022,
2022,pilot,Chum,2022-07-22,07/22,12212,12212,512123,daily,PilotCounts.xlsx,AllChum,AB57,2022,
2022,pilot,Chum,2022-07-23,07/23,7738,7738,519861,daily,PilotCounts.xlsx,AllChum,AB58,2022,
2022,pilot,Chum,2022-07-24,07/24,4229,4229,524090,daily,PilotCounts.xlsx,AllChum,AB59,2022,
2022,pilot,Chum,2022-07-25,07/25,7261,7261,531351,daily,PilotCounts.xlsx,AllChum,AB60,2022,
2022,pilot,Chum,2022-07-26,07/26,3574,3574,534925,daily,PilotCounts.xlsx,AllChum,AB61,2022,
2022,pilot,Chum,2022-07-27,07/27,3974,3974,538899,daily,PilotCounts.xlsx,AllChum,AB62,2022,
2022,pilot,Chum,2022-07-28,07/28,1550,1550,540449,daily,PilotCounts.xlsx,AllChum,AB63,2022,
2022,pilot,Chum,2022-07-29,07/29,2612,2612,543061,daily,PilotCounts.xlsx,AllChum,AB64,2022,
2022,pilot,Chum,2022-07-30,07/30,5198,5198,548259,daily,PilotCounts.xlsx,AllChum,AB65,2022,
2022,pilot,Chum,2022-07-31,07/31,4103,4103,552362,daily,PilotCounts.xlsx,AllChum,AB66,2022,
2022,pilot,Chum,2022-08-01,08/01,2271,2271,554633,daily,PilotCounts.xlsx,AllChum,AB67,2022,
2022,pilot,Chum,2022-08-02,08/02,3390,3390,558023,daily,PilotCounts.xlsx,AllChum,AB68,2022,
2022,pilot,Chum,2022-08-03,08/03,4309,4309,562332,daily,PilotCounts.xlsx,AllChum,AB69,2022,
2022,pilot,Chum,2022-08-04,08/04,1742,1742,564074,daily,PilotCounts.xlsx,AllChum,AB70,2022,
2022,pilot,Chum,2022-08-05,08/05,299,299,564373,daily,PilotCounts.xlsx,AllChum,AB71,2022,
2022,pilot,Chum,2022-08-06,08/06,594,594,564967,daily,PilotCounts.xlsx,AllChum,AB72,2022,
2022,pilot,Chum,2022-08-07,08/07,919,919,565886,daily,PilotCounts.xlsx,AllChum,AB73,2022,
2022,pilot,Chum,2022-08-08,08/08,2708,2708,568594,daily,PilotCounts.xlsx,AllChum,AB74,2022,
2022,pilot,Chum,2022-08-09,08/09,25152,25152,593746,daily,PilotCounts.xlsx,AllChum,AB75,2022,
2022,pilot,Chum,2022-08-10,08/10,22412,22412,616158,daily,PilotCounts.xlsx,AllChum,AB76,2022,
2022,pilot,Chum,2022-08-11,08/11,18721,18721,634879,daily,PilotCounts.xlsx,AllChum,AB77,2022,
2022,pilot,Chum,2022-08-12,08/12,16374,16374,651253,daily,PilotCounts.xlsx,AllChum,AB78,2022,
2022,pilot,Chum,2022-08-13,08/13,6435,6435,657688,daily,PilotCounts.xlsx,AllChum,AB79,2022,
2022,pilot,Chum,2022-08-14,08/14,2556,2556,660244,daily,PilotCounts.xlsx,AllChum,AB80,2022,
2022,pilot,Chum,2022-08-15,08/15,1891,1891,662135,daily,PilotCounts.xlsx,AllChum,AB81,2022,
2022,pilot,Chum,2022-08-16,08/16,1525,1525,663660,daily,PilotCounts.xlsx,AllChum,AB82,2022,
2022,pilot,Chum,2022-08-17,08/17,7794,7794,671454,daily,PilotCounts.xlsx,AllChum,AB83,2022,
2022,pilot,Chum,2022-08-18,08/18,25687,25687,697141,daily,PilotCounts.xlsx,AllChum,AB84,2022,
2022,pilot,Chum,2022-08-19,08/19,14216,14216,711357,daily,PilotCounts.xlsx,AllChum,AB85,2022,
2022,pilot,Chum,2022-08-20,08/20,15009,15009,726366,daily,PilotCounts.xlsx,AllChum,AB86,2022,
2022,pilot,Chum,2022-08-21,08/21,11467,11467,737833,daily,PilotCounts.xlsx,AllChum,AB87,2022,
2022,pilot,Chum,2022-08-22,08/22,5796,5796,743629,daily,PilotCounts.xlsx,AllChum,AB88,2022,
2022,pilot,Chum,2022-08-23,08/23,2941,2941,746570,daily,PilotCounts.xlsx,AllChum,AB89,2022,
2022,pilot,Chum,2022-08-24,08/24,2581,2581,749151,daily,PilotCounts.xlsx,AllChum,AB90,2022,
2022,pilot,Chum,2022-08-25,08/25,2583,2583,751734,daily,PilotCounts.xlsx,AllChum,AB91,2022,
2022,pilot,Chum,2022-08-26,08/26,2493,2493,754227,daily,PilotCounts.xlsx,AllChum,AB92,2022,
2022,pilot,Chum,2022-08-27,08/27,1261,1261,755488,daily,PilotCounts.xlsx,AllChum,AB93,2022,
2022,pilot,Chum,2022-08-28,08/28,1931,1931,757419,daily,PilotCounts.xlsx,AllChum,AB94,2022,
2022,pilot,Chum,2022-08-29,08/29,5869,5869,763288,daily,PilotCounts.xlsx,AllChum,AB95,2022,
2022,pilot,Chum,2022-08-30,08/30,5538,5538,768826,daily,PilotCounts.xlsx,AllChum,AB96,2022,
2022,pilot,Chum,2022-08-31,08/31,3616,3616,772442,daily,PilotCounts.xlsx,AllChum,AB97,2022,
2022,pilot,Chum,2022-09-01,09/01,5489,5489,777931,daily,PilotCounts.xlsx,AllChum,AB98,2022,
2022,pilot,Chum,2022-09-02,09/02,4302,4302,782233,daily,PilotCounts.xlsx,AllChum,AB99,2022,
2022,pilot,Chum,2022-09-03,09/03,1957,1957,784190,daily,PilotCounts.xlsx,AllChum,AB100,2022,
2022,pilot,Chum,2022-09-04,09/04,1672,1672,785862,daily,PilotCounts.xlsx,AllChum,AB101,2022,
2022,pilot,Chum,2022-09-05,09/05,690,690,786552,daily,PilotCounts.xlsx,AllChum,AB102,2022,
2022,pilot,Chum,2022-09-06,09/06,1162,1162,787714,daily,PilotCounts.xlsx,AllChum,AB103,2022,
2022,pilot,Chum,2022-09-07,09/07,1809,1809,789523,daily,PilotCounts.xlsx,AllChum,AB104,2022,
2022,pilot,Pink,2022-06-02,06/02,0,,0,cumulative,PilotCounts.xlsx,Pink,AB7,2022,
2022,pilot,Pink,2022-06-03,06/03,0,0,0,cumulative,PilotCounts.xlsx,Pink,AB8,2022,
2022,pilot,Pink,2022-06-04,06/04,0,0,0,cumulative,PilotCounts.xlsx,Pink,AB9,2022,
2022,pilot,Pink,2022-06-05,06/05,0,0,0,cumulative,PilotCounts.xlsx,Pink,AB10,2022,
2022,pilot,Pink,2022-06-06,06/06,0,0,0,cumulative,PilotCounts.xlsx,Pink,AB11,2022,
2022,pilot,Pink,2022-06-07,06/07,0,0,0,cumulative,PilotCounts.xlsx,Pink,AB12,2022,
2022,pilot,Pink,2022-06-08,06/08,0,0,0,cumulative,PilotCounts.xlsx,Pink,AB13,2022,
2022,pilot,Pink,2022-06-09,06/09,0,0,0,cumulative,PilotCounts.xlsx,Pink,AB14,2022,
2022,pilot,Pink,2022-06-10,06/10,0,0,0,cumulative,PilotCounts.xlsx,Pink,AB15,2022,
2022,pilot,Pink,2022-06-11,06/11,0,0,0,cumulative,PilotCounts.xlsx,Pink,AB16,2022,
2022,pilot,Pink,2022-06-12,06/12,0,0,0,cumulative,PilotCounts.xlsx,Pink,AB17,2022,
2022,pilot,Pink,2022-06-13,06/13,0,0,0,cumulative,PilotCounts.xlsx,Pink,AB18,2022,
2022,pilot,Pink,2022-06-14,06/14,0,0,0,cumulative,PilotCounts.xlsx,Pink,AB19,2022,
2022,pilot,Pink,2022-06-15,06/15,0,0,0,cumulative,PilotCounts.xlsx,Pink,AB20,2022,
2022,pilot,Pink,2022-06-16,06/16,0,0,0,cumulative,PilotCounts.xlsx,Pink,AB21,2022,
2022,pilot,Pink,2022-06-17,06/17,0,0,0,cumulative,PilotCounts.xlsx,Pink,AB22,2022,
2022,pilot,Pink,2022-06-18,06/18,0,0,0,cumulative,PilotCounts.xlsx,Pink,AB23,2022,
2022,pilot,Pink,2022-06-19,06/19,0,0,0,cumulative,PilotCounts.xlsx,Pink,AB24,2022,
2022,pilot,Pink,2022-06-20,06/20,0,0,0,cumulative,PilotCounts.xlsx,Pink,AB25,2022,
2022,pilot,Pink,2022-06-21,06/21,0,0,0,cumulative,PilotCounts.xlsx,Pink,AB26,2022,
2022,pilot,Pink,2022-06-22,06/22,0,0,0,cumulative,PilotCounts.xlsx,Pink,AB27,2022,
2022,pilot,Pink,2022-06-23,06/23,0,0,0,cumulative,PilotCounts.xlsx,Pink,AB28,2022,
2022,pilot,Pink,2022-06-24,06/24,0,0,0,cumulative,PilotCounts.xlsx,Pink,AB29,2022,
2022,pilot,Pink,2022-06-25,06/25,0,0,0,cumulative,PilotCounts.xlsx,Pink,AB30,2022,
2022,pilot,Pink,2022-06-26,06/26,0,0,0,cumulative,PilotCounts.xlsx,Pink,AB31,2022,
2022,pilot,Pink,2022-06-27,06/27,0,0,0,cumulative,PilotCounts.xlsx,Pink,AB32,2022,
2022,pilot,Pink,2022-06-28,06/28,378,378,378,cumulative,PilotCounts.xlsx,Pink,AB33,2022,
2022,pilot,Pink,2022-06-29,06/29,1146,768,1146,cumulative,PilotCounts.xlsx,Pink,AB34,2022,
2022,pilot,Pink,2022-06-30,06/30,2149,1003,2149,cumulative,PilotCounts.xlsx,Pink,AB35,2022,
2022,pilot,Pink,2022-07-01,07/01,2452,303,2452,cumulative,PilotCounts.xlsx,Pink,AB36,2022,
2022,pilot,Pink,2022-07-02,07/02,2842,390,2842,cumulative,PilotCounts.xlsx,Pink,AB37,2022,
2022,pilot,Pink,2022-07-03,07/03,4662,1820,4662,cumulative,PilotCounts.xlsx,Pink,AB38,2022,
2022,pilot,Pink,2022-07-04,07/04,9435,4773,9435,cumulative,PilotCounts.xlsx,Pink,AB39,2022,
2022,pilot,Pink,2022-07-05,07/05,13184,3749,13184,cumulative,PilotCounts.xlsx,Pink,AB40,2022,
2022,pilot,Pink,2022-07-06,07/06,15122,1938,15122,cumulative,PilotCounts.xlsx,Pink,AB41,2022,
2022,pilot,Pink,2022-07-07,07/07,19636,4514,19636,cumulative,PilotCounts.xlsx,Pink,AB42,2022,
2022,pilot,Pink,2022-07-08,07/08,23208,3572,23208,cumulative,PilotCounts.xlsx,Pink,AB43,2022,
2022,pilot,Pink,2022-07-09,07/09,29633,6425,29633,cumulative,PilotCounts.xlsx,Pink,AB44,2022,
2022,pilot,Pink,2022-07-10,07/10,33589,3956,33589,cumulative,PilotCounts.xlsx,Pink,AB45,2022,
2022,pilot,Pink,2022-07-11,07/11,36953,3364,36953,cumulative,PilotCounts.xlsx,Pink,AB46,2022,
2022,pilot,Pink,2022-07-12,07/12,43973,7020,43973,cumulative,PilotCounts.xlsx,Pink,AB47,2022,
2022,pilot,Pink,2022-07-13,07/13,49615,5642,49615,cumulative,PilotCounts.xlsx,Pink,AB48,2022,
2022,pilot,Pink,2022-07-14,07/14,60528,10913,60528,cumulative,PilotCounts.xlsx,Pink,AB49,2022,
2022,pilot,Pink,2022-07-15,07/15,71675,11147,71675,cumulative,PilotCounts.xlsx,Pink,AB50,2022,
2022,pilot,Pink,2022-07-16,07/16,83032,11357,83032,cumulative,PilotCounts.xlsx,Pink,AB51,2022,
2022,pilot,Pink,2022-07-17,07/17,90267,7235,90267,cumulative,PilotCounts.xlsx,Pink,AB52,2022,
2022,pilot,Pink,2022-07-18,07/18,99712,9445,99712,cumulative,PilotCounts.xlsx,Pink,AB53,2022,
2022,pilot,Pink,2022-07-19,07/19,108785,9073,108785,cumulative,PilotCounts.xlsx,Pink,AB54,2022,
2022,pilot,Pink,2022-07-20,07/20,116172,7387,116172,cumulative,PilotCounts.xlsx,Pink,AB55,2022,
2022,pilot,Pink,2022-07-21,07/21,119118,2946,119118,cumulative,PilotCounts.xlsx,Pink,AB56,2022,
2022,pilot,Pink,2022-07-22,07/22,121595,2477,121595,cumulative,PilotCounts.xlsx,Pink,AB57,2022,
2022,pilot,Pink,2022-07-23,07/23,126307,4712,126307,cumulative,PilotCounts.xlsx,Pink,AB58,2022,
2022,pilot,Pink,2022-07-24,07/24,133278,6971,133278,cumulative,PilotCounts.xlsx,Pink,AB59,2022,
2022,pilot,Pink,2022-07-25,07/25,134119,841,134119,cumulative,PilotCounts.xlsx,Pink,AB60,2022,
2022,pilot,Pink,2022-07-26,07/26,136121,2002,136121,cumulative,PilotCounts.xlsx,Pink,AB61,2022,
2022,pilot,Pink,2022-07-27,07/27,139158,3037,139158,cumulative,PilotCounts.xlsx,Pink,AB62,2022,
2022,pilot,Pink,2022-07-28,07/28,143990,4832,143990,cumulative,PilotCounts.xlsx,Pink,AB63,2022,
2022,pilot,Pink,2022-07-29,07/29,146058,2068,146058,cumulative,PilotCounts.xlsx,Pink,AB64,2022,
2022,pilot,Pink,2022-07-30,07/30,148136,2078,148136,cumulative,PilotCounts.xlsx,Pink,AB65,2022,
2022,pilot,Pink,2022-07-31,07/31,149409,1273,149409,cumulative,PilotCounts.xlsx,Pink,AB66,2022,
2022,pilot,Pink,2022-08-01,08/01,151053,1644,151053,cumulative,PilotCounts.xlsx,Pink,AB67,2022,
2022,pilot,Pink,2022-08-02,08/02,152162,1109,152162,cumulative,PilotCounts.xlsx,Pink,AB68,2022,
2022,pilot,Pink,2022-08-03,08/03,153341,1179,153341,cumulative,PilotCounts.xlsx,Pink,AB69,2022,
2022,pilot,Pink,2022-08-04,08/04,153879,538,153879,cumulative,PilotCounts.xlsx,Pink,AB70,2022,
2022,pilot,Pink,2022-08-05,08/05,154398,519,154398,cumulative,PilotCounts.xlsx,Pink,AB71,2022,
2022,pilot,Pink,2022-08-06,08/06,154681,283,154681,cumulative,PilotCounts.xlsx,Pink,AB72,2022,
2022,pilot,Pink,2022-08-07,08/07,155740,1059,155740,cumulative,PilotCounts.xlsx,Pink,AB73,2022,
2022,pilot,Pink,2022-08-08,08/08,156207,467,156207,cumulative,PilotCounts.xlsx,Pink,AB74,2022,
2022,pilot,Pink,2022-08-09,08/09,156842,635,156842,cumulative,PilotCounts.xlsx,Pink,AB75,2022,
2022,pilot,Pink,2022-08-10,08/10,158608,1766,158608,cumulative,PilotCounts.xlsx,Pink,AB76,2022,
2022,pilot,Pink,2022-08-11,08/11,158714,106,158714,cumulative,PilotCounts.xlsx,Pink,AB77,2022,
2022,pilot,Pink,2022-08-12,08/12,158714,0,158714,cumulative,PilotCounts.xlsx,Pink,AB78,2022,
2022,pilot,Pink,2022-08-13,08/13,158714,0,158714,cumulative,PilotCounts.xlsx,Pink,AB79,2022,
2022,pilot,Pink,2022-08-14,08/14,158767,53,158767,cumulative,PilotCounts.xlsx,Pink,AB80,2022,
2022,pilot,Pink,2022-08-15,08/15,158767,0,158767,cumulative,PilotCounts.xlsx,Pink,AB81,2022,
2022,pilot,Pink,2022-08-16,08/16,158767,0,158767,cumulative,PilotCounts.xlsx,Pink,AB82,2022,
2022,pilot,Pink,2022-08-17,08/17,158767,0,158767,cumulative,PilotCounts.xlsx,Pink,AB83,2022,
2022,pilot,Pink,2022-08-18,08/18,158767,0,158767,cumulative,PilotCounts.xlsx,Pink,AB84,2022,
2022,pilot,Pink,2022-08-19,08/19,158767,0,158767,cumulative,PilotCounts.xlsx,Pink,AB85,2022,
2022,pilot,Pink,2022-08-20,08/20,158767,0,158767,cumulative,PilotCounts.xlsx,Pink,AB86,2022,
2022,pilot,Pink,2022-08-21,08/21,158767,0,158767,cumulative,PilotCounts.xlsx,Pink,AB87,2022,
2022,pilot,Pink,2022-08-22,08/22,158767,0,158767,cumulative,PilotCounts.xlsx,Pink,AB88,2022,
2022,pilot,Pink,2022-08-23,08/23,158767,0,158767,cumulative,PilotCounts.xlsx,Pink,AB89,2022,
2022,pilot,Pink,2022-08-24,08/24,158767,0,158767,cumulative,PilotCounts.xlsx,Pink,AB90,2022,
2022,pilot,Pink,2022-08-25,08/25,158767,0,158767,cumulative,PilotCounts.xlsx,Pink,AB91,2022,
2022,pilot,Pink,2022-08-26,08/26,158767,0,158767,cumulative,PilotCounts.xlsx,Pink,AB92,2022,
2022,pilot,Pink,2022-08-27,08/27,158767,0,158767,cumulative,PilotCounts.xlsx,Pink,AB93,2022,
2022,pilot,Pink,2022-08-28,08/28,158767,0,158767,cumulative,PilotCounts.xlsx,Pink,AB94,2022,
2022,pilot,Pink,2022-08-29,08/29,158767,0,158767,cumulative,PilotCounts.xlsx,Pink,AB95,2022,
2022,pilot,Pink,2022-08-30,08/30,158767,0,158767,cumulative,PilotCounts.xlsx,Pink,AB96,2022,
2022,pilot,Pink,2022-08-31,08/31,158767,0,158767,cumulative,PilotCounts.xlsx,Pink,AB97,2022,
2022,pilot,Pink,2022-09-01,09/01,158767,0,158767,cumulative,PilotCounts.xlsx,Pink,AB98,2022,
2022,pilot,Pink,2022-09-02,09/02,158767,0,158767,cumulative,PilotCounts.xlsx,Pink,AB99,2022,
2022,pilot,Pink,2022-09-03,09/03,158767,0,158767,cumulative,PilotCounts.xlsx,Pink,AB100,2022,
2022,pilot,Pink,2022-09-04,09/04,158767,0,158767,cumulative,PilotCounts.xlsx,Pink,AB101,2022,
2022,pilot,Pink,2022-09-05,09/05,158767,0,158767,cumulative,PilotCounts.xlsx,Pink,AB102,2022,
2022,pilot,Pink,2022-09-06,09/06,158767,0,158767,cumulative,PilotCounts.xlsx,Pink,AB103,2022,
2022,pilot,Pink,2022-09-07,09/07,158767,0,158767,cumulative,PilotCounts.xlsx,Pink,AB104,2022,
2023,Anvik,Pink,2023-06-14,06/14,0,,0,cumulative,Anvik_PinkCounts.xlsx,Sheet1,AY2,2023,
2023,Anvik,Pink,2023-06-15,06/15,0,0,0,cumulative,Anvik_PinkCounts.xlsx,Sheet1,AY3,2023,
2023,Anvik,Pink,2023-06-16,06/16,0,0,0,cumulative,Anvik_PinkCounts.xlsx,Sheet1,AY4,2023,
2023,Anvik,Pink,2023-06-17,06/17,0,0,0,cumulative,Anvik_PinkCounts.xlsx,Sheet1,AY5,2023,
2023,Anvik,Pink,2023-06-18,06/18,0,0,0,cumulative,Anvik_PinkCounts.xlsx,Sheet1,AY6,2023,
2023,Anvik,Pink,2023-06-19,06/19,0,0,0,cumulative,Anvik_PinkCounts.xlsx,Sheet1,AY7,2023,
2023,Anvik,Pink,2023-06-20,06/20,0,0,0,cumulative,Anvik_PinkCounts.xlsx,Sheet1,AY8,2023,
2023,Anvik,Pink,2023-06-21,06/21,0,0,0,cumulative,Anvik_PinkCounts.xlsx,Sheet1,AY9,2023,
2023,Anvik,Pink,2023-06-22,06/22,0,0,0,cumulative,Anvik_PinkCounts.xlsx,Sheet1,AY10,2023,
2023,Anvik,Pink,2023-06-23,06/23,0,0,0,cumulative,Anvik_PinkCounts.xlsx,Sheet1,AY11,2023,
2023,Anvik,Pink,2023-06-24,06/24,0,0,0,cumulative,Anvik_PinkCounts.xlsx,Sheet1,AY12,2023,
2023,Anvik,Pink,2023-06-25,06/25,0,0,0,cumulative,Anvik_PinkCounts.xlsx,Sheet1,AY13,2023,
2023,Anvik,Pink,2023-06-26,06/26,0,0,0,cumulative,Anvik_PinkCounts.xlsx,Sheet1,AY14,2023,
2023,Anvik,Pink,2023-06-27,06/27,0,0,0,cumulative,Anvik_PinkCounts.xlsx,Sheet1,AY15,2023,
2023,Anvik,Pink,2023-06-28,06/28,0,0,0,cumulative,Anvik_PinkCounts.xlsx,Sheet1,AY16,2023,
2023,Anvik,Pink,2023-06-29,06/29,0,0,0,cumulative,Anvik_PinkCounts.xlsx,Sheet1,AY17,2023,
2023,Anvik,Pink,2023-06-30,06/30,0,0,0,cumulative,Anvik_PinkCounts.xlsx,Sheet1,AY18,2023,
2023,Anvik,Pink,2023-07-01,07/01,0,0,0,cumulative,Anvik_PinkCounts.xlsx,Sheet1,AY19,2023,
2023,Anvik,Pink,2023-07-02,07/02,0,0,0,cumulative,Anvik_PinkCounts.xlsx,Sheet1,AY20,2023,
2023,Anvik,Pink,2023-07-03,07/03,0,0,0,cumulative,Anvik_PinkCounts.xlsx,Sheet1,AY21,2023,
2023,Anvik,Pink,2023-07-04,07/04,0,0,0,cumulative,Anvik_PinkCounts.xlsx,Sheet1,AY22,2023,
2023,Anvik,Pink,2023-07-05,07/05,0,0,0,cumulative,Anvik_PinkCounts.xlsx,Sheet1,AY23,2023,
2023,Anvik,Pink,2023-07-06,07/06,0,0,0,cumulative,Anvik_PinkCounts.xlsx,Sheet1,AY24,2023,
2023,Anvik,Pink,2023-07-07,07/07,0,0,0,cumulative,Anvik_PinkCounts.xlsx,Sheet1,AY25,2023,
2023,Anvik,Pink,2023-07-08,07/08,0,0,0,cumulative,Anvik_PinkCounts.xlsx,Sheet1,AY26,2023,
2023,Anvik,Pink,2023-07-09,07/09,0,0,0,cumulative,Anvik_PinkCounts.xlsx,Sheet1,AY27,2023,
2023,Anvik,Pink,2023-07-10,07/10,0,0,0,cumulative,Anvik_PinkCounts.xlsx,Sheet1,AY28,2023,
2023,Anvik,Pink,2023-07-11,07/11,0,0,0,cumulative,Anvik_PinkCounts.xlsx,Sheet1,AY29,2023,
2023,Anvik,Pink,2023-07-12,07/12,0,0,0,cumulative,Anvik_PinkCounts.xlsx,Sheet1,AY30,2023,
2023,Anvik,Pink,2023-07-13,07/13,0,0,0,cumulative,Anvik_PinkCounts.xlsx,Sheet1,AY31,2023,
2023,Anvik,Pink,2023-07-14,07/14,0,0,0,cumulative,Anvik_PinkCounts.xlsx,Sheet1,AY32,2023,
2023,Anvik,Pink,2023-07-15,07/15,0,0,0,cumulative,Anvik_PinkCounts.xlsx,Sheet1,AY33,2023,
2023,Anvik,Pink,2023-07-16,07/16,0,0,0,cumulative,Anvik_PinkCounts.xlsx,Sheet1,AY34,2023,
2023,Anvik,Pink,2023-07-17,07/17,0,0,0,cumulative,Anvik_PinkCounts.xlsx,Sheet1,AY35,2023,
2023,Anvik,Pink,2023-07-18,07/18,0,0,0,cumulative,Anvik_PinkCounts.xlsx,Sheet1,AY36,2023,
2023,Anvik,Pink,2023-07-19,07/19,0,0,0,cumulative,Anvik_PinkCounts.xlsx,Sheet1,AY37,2023,
2023,Anvik,Pink,2023-07-20,07/20,0,0,0,cumulative,Anvik_PinkCounts.xlsx,Sheet1,AY38,2023,
2023,Anvik,Pink,2023-07-21,07/21,0,0,0,cumulative,Anvik_PinkCounts.xlsx,Sheet1,AY39,2023,
2023,Anvik,Pink,2023-07-22,07/22,0,0,0,cumulative,Anvik_PinkCounts.xlsx,Sheet1,AY40,2023,
2023,Anvik,Pink,2023-07-23,07/23,0,0,0,cumulative,Anvik_PinkCounts.xlsx,Sheet1,AY41,2023,
2023,Anvik,Pink,2023-07-24,07/24,0,0,0,cumulative,Anvik_PinkCounts.xlsx,Sheet1,AY42,2023,
2023,Anvik,Pink,2023-07-25,07/25,0,0,0,cumulative,Anvik_PinkCounts.xlsx,Sheet1,AY43,2023,
2023,Anvik,Pink,2023-07-26,07/26,0,0,0,cumulative,Anvik_PinkCounts.xlsx,Sheet1,AY44,2023,
2023,EF_Andreafsky,Pink,2023-07-09,07/09,1,,1,cumulative,EF_Andreafsky_PinkCounts.xlsx,Sheet1,AL27,2023,
2023,EF_Andreafsky,Pink,2023-07-10,07/10,1,0,1,cumulative,EF_Andreafsky_PinkCounts.xlsx,Sheet1,AL28,2023,
2023,EF_Andreafsky,Pink,2023-07-11,07/11,1,0,1,cumulative,EF_Andreafsky_PinkCounts.xlsx,Sheet1,AL29,2023,
2023,EF_Andreafsky,Pink,2023-07-12,07/12,3,2,3,cumulative,EF_Andreafsky_PinkCounts.xlsx,Sheet1,AL30,2023,
2023,EF_Andreafsky,Pink,2023-07-13,07/13,3,0,3,cumulative,EF_Andreafsky_PinkCounts.xlsx,Sheet1,AL31,2023,
2023,EF_Andreafsky,Pink,2023-07-14,07/14,3,0,3,cumulative,EF_Andreafsky_PinkCounts.xlsx,Sheet1,AL32,2023,
2023,EF_Andreafsky,Pink,2023-07-15,07/15,3,0,3,cumulative,EF_Andreafsky_PinkCounts.xlsx,Sheet1,AL33,2023,
2023,EF_Andreafsky,Pink,2023-07-16,07/16,7,4,7,cumulative,EF_Andreafsky_PinkCounts.xlsx,Sheet1,AL34,2023,
2023,EF_Andreafsky,Pink,2023-07-17,07/17,13,6,13,cumulative,EF_Andreafsky_PinkCounts.xlsx,Sheet1,AL35,2023,
2023,EF_Andreafsky,Pink,2023-07-18,07/18,17,4,17,cumulative,EF_Andreafsky_PinkCounts.xlsx,Sheet1,AL36,2023,
2023,EF_Andreafsky,Pink,2023-07-19,07/19,23,6,23,cumulative,EF_Andreafsky_PinkCounts.xlsx,Sheet1,AL37,2023,
2023,EF_Andreafsky,Pink,2023-07-20,07/20,29,6,29,cumulative,EF_Andreafsky_PinkCounts.xlsx,Sheet1,AL38,2023,
2023,EF_Andreafsky,Pink,2023-07-21,07/21,35,6,35,cumulative,EF_Andreafsky_PinkCounts.xlsx,Sheet1,AL39,2023,
2023,EF_Andreafsky,Pink,2023-07-22,07/22,38,3,38,cumulative,EF_Andreafsky_PinkCounts.xlsx,Sheet1,AL40,2023,
2023,EF_Andreafsky,Pink,2023-07-23,07/23,42,4,42,cumulative,EF_Andreafsky_PinkCounts.xlsx,Sheet1,AL41,2023,
2023,EF_Andreafsky,Pink,2023-07-24,07/24,54,12,54,cumulative,EF_Andreafsky_PinkCounts.xlsx,Sheet1,AL42,2023,
2023,EF_Andreafsky,Pink,2023-07-25,07/25,59,5,59,cumulative,EF_Andreafsky_PinkCounts.xlsx,Sheet1,AL43,2023,
2023,EF_Andreafsky,Pink,2023-07-26,07/26,62,3,62,cumulative,EF_Andreafsky_PinkCounts.xlsx,Sheet1,AL44,2023,
2023,EF_Andreafsky,Pink,2023-07-27,07/27,71,9,71,cumulative,EF_Andreafsky_PinkCounts.xlsx,Sheet1,AL45,2023,
2023,EF_Andreafsky,Pink,2023-07-28,07/28,71,0,71,cumulative,EF_Andreafsky_PinkCounts.xlsx,Sheet1,AL46,2023,
2023,EF_Andreafsky,Pink,2023-07-29,07/29,71,0,71,cumulative,EF_Andreafsky_PinkCounts.xlsx,Sheet1,AL47,2023,
2023,EF_Andreafsky,Pink,2023-07-30,07/30,71,0,71,cumulative,EF_Andreafsky_PinkCounts.xlsx,Sheet1,AL48,2023,
2023,EF_Andreafsky,Pink,2023-07-31,07/31,71,0,71,cumulative,EF_Andreafsky_PinkCounts.xlsx,Sheet1,AL49,2023,
2023,pilot,Chinook,2023-06-07,06/07,0,0,0,daily,PilotCounts.xlsx,AllChinook,AB12,2023,
2023,pilot,Chinook,2023-06-08,06/08,0,0,0,daily,PilotCounts.xlsx,AllChinook,AB13,2023,
2023,pilot,Chinook,2023-06-09,06/09,0,0,0,daily,PilotCounts.xlsx,AllChinook,AB14,2023,
2023,pilot,Chinook,2023-06-10,06/10,459,459,459,daily,PilotCounts.xlsx,AllChinook,AB15,2023,
2023,pilot,Chinook,2023-06-11,06/11,229,229,688,daily,PilotCounts.xlsx,AllChinook,AB16,2023,
2023,pilot,Chinook,2023-06-12,06/12,386,386,1074,daily,PilotCounts.xlsx,AllChinook,AB17,2023,
2023,pilot,Chinook,2023-06-13,06/13,837,837,1911,daily,PilotCounts.xlsx,AllChinook,AB18,2023,
2023,pilot,Chinook,2023-06-14,06/14,0,0,1911,daily,PilotCounts.xlsx,AllChinook,AB19,2023,
2023,pilot,Chinook,2023-06-15,06/15,441,441,2352,daily,PilotCounts.xlsx,AllChinook,AB20,2023,
2023,pilot,Chinook,2023-06-16,06/16,942,942,3294,daily,PilotCounts.xlsx,AllChinook,AB21,2023,
2023,pilot,Chinook,2023-06-17,06/17,3294,3294,6588,daily,PilotCounts.xlsx,AllChinook,AB22,2023,
2023,pilot,Chinook,2023-06-18,06/18,3048,3048,9636,daily,PilotCounts.xlsx,AllChinook,AB23,2023,
2023,pilot,Chinook,2023-06-19,06/19,1664,1664,11300,daily,PilotCounts.xlsx,AllChinook,AB24,2023,
2023,pilot,Chinook,2023-06-20,06/20,2322,2322,13622,daily,PilotCounts.xlsx,AllChinook,AB25,2023,
2023,pilot,Chinook,2023-06-21,06/21,2163,2163,15785,daily,PilotCounts.xlsx,AllChinook,AB26,2023,
2023,pilot,Chinook,2023-06-22,06/22,1427,1427,17212,daily,PilotCounts.xlsx,AllChinook,AB27,2023,
2023,pilot,Chinook,2023-06-23,06/23,2748,2748,19960,daily,PilotCounts.xlsx,AllChinook,AB28,2023,
2023,pilot,Chinook,2023-06-24,06/24,1092,1092,21052,daily,PilotCounts.xlsx,AllChinook,AB29,2023,
2023,pilot,Chinook,2023-06-25,06/25,559,559,21611,daily,PilotCounts.xlsx,AllChinook,AB30,2023,
2023,pilot,Chinook,2023-06-26,06/26,523,523,22134,daily,PilotCounts.xlsx,AllChinook,AB31,2023,
2023,pilot,Chinook,2023-06-27,06/27,274,274,22408,daily,PilotCounts.xlsx,AllChinook,AB32,2023,
2023,pilot,Chinook,2023-06-28,06/28,1085,1085,23493,daily,PilotCounts.xlsx,AllChinook,AB33,2023,
2023,pilot,Chinook,2023-06-29,06/29,2003,2003,25496,daily,PilotCounts.xlsx,AllChinook,AB34,2023,
2023,pilot,Chinook,2023-06-30,06/30,3546,3546,29042,daily,PilotCounts.xlsx,AllChinook,AB35,2023,
2023,pilot,Chinook,2023-07-01,07/01,2039,2039,31081,daily,PilotCounts.xlsx,AllChinook,AB36,2023,
2023,pilot,Chinook,2023-07-02,07/02,1458,1458,32539,daily,PilotCounts.xlsx,AllChinook,AB37,2023,
2023,pilot,Chinook,2023-07-03,07/03,1968,1968,34507,daily,PilotCounts.xlsx,AllChinook,AB38,2023,
2023,pilot,Chinook,2023-07-04,07/04,2184,2184,36691,daily,PilotCounts.xlsx,AllChinook,AB39,2023,
2023,pilot,Chinook,2023-07-05,07/05,3663,3663,40354,daily,PilotCounts.xlsx,AllChinook,AB40,2023,
2023,pilot,Chinook,2023-07-06,07/06,3463,3463,43817,daily,PilotCounts.xlsx,AllChinook,AB41,2023,
2023,pilot,Chinook,2023-07-07,07/07,1604,1604,45421,daily,PilotCounts.xlsx,AllChinook,AB42,2023,
2023,pilot,Chinook,2023-07-08,07/08,853,853,46274,daily,PilotCounts.xlsx,AllChinook,AB43,2023,
2023,pilot,Chinook,2023-07-09,07/09,852,852,47126,daily,PilotCounts.xlsx,AllChinook,AB44,2023,
2023,pilot,Chinook,2023-07-10,07/10,1540,1540,48666,daily,PilotCounts.xlsx,AllChinook,AB45,2023,
2023,pilot,Chinook,2023-07-11,07/11,2142,2142,50808,daily,PilotCounts.xlsx,AllChinook,AB46,2023,
2023,pilot,Chinook,2023-07-12,07/12,2675,2675,53483,daily,PilotCounts.xlsx,AllChinook,AB47,2023,
2023,pilot,Chinook,2023-07-13,07/13,1263,1263,54746,daily,PilotCounts.xlsx,AllChinook,AB48,2023,
2023,pilot,Chinook,2023-07-14,07/14,1674,1674,56420,daily,PilotCounts.xlsx,AllChinook,AB49,2023,
2023,pilot,Chinook,2023-07-15,07/15,1379,1379,57799,daily,PilotCounts.xlsx,AllChinook,AB50,2023,
2023,pilot,Chinook,2023-07-16,07/16,110,110,57909,daily,PilotCounts.xlsx,AllChinook,AB51,2023,
2023,pilot,Chinook,2023-07-17,07/17,232,232,58141,daily,PilotCounts.xlsx,AllChinook,AB52,2023,
2023,pilot,Chinook,2023-07-18,07/18,0,0,58141,daily,PilotCounts.xlsx,AllChinook,AB53,2023,
2023,pilot,Chinook,2023-07-19,07/19,192,192,58333,daily,PilotCounts.xlsx,AllChinook,AB54,2023,
2023,pilot,Chinook,2023-07-20,07/20,0,0,58333,daily,PilotCounts.xlsx,AllChinook,AB55,2023,
2023,pilot,Chinook,2023-07-21,07/21,0,0,58333,daily,PilotCounts.xlsx,AllChinook,AB56,2023,
2023,pilot,Chinook,2023-07-22,07/22,0,0,58333,daily,PilotCounts.xlsx,AllChinook,AB57,2023,
2023,pilot,Chinook,2023-07-23,07/23,196,196,58529,daily,PilotCounts.xlsx,AllChinook,AB58,2023,
2023,pilot,Chinook,2023-07-24,07/24,0,0,58529,daily,PilotCounts.xlsx,AllChinook,AB59,2023,
2023,pilot,Chinook,2023-07-25,07/25,0,0,58529,daily,PilotCounts.xlsx,AllChinook,AB60,2023,
2023,pilot,Chinook,2023-07-26,07/26,0,0,58529,daily,PilotCounts.xlsx,AllChinook,AB61,2023,
2023,pilot,Chinook,2023-07-27,07/27,0,0,58529,daily,PilotCounts.xlsx,AllChinook,AB62,2023,
2023,pilot,Chinook,2023-07-28,07/28,0,0,58529,daily,PilotCounts.xlsx,AllChinook,AB63,2023,
2023,pilot,Chinook,2023-07-29,07/29,0,0,58529,daily,PilotCounts.xlsx,AllChinook,AB64,2023,
2023,pilot,Chinook,2023-07-30,07/30,0,0,58529,daily,PilotCounts.xlsx,AllChinook,AB65,2023,
2023,pilot,Chinook,2023-07-31,07/31,0,0,58529,daily,PilotCounts.xlsx,AllChinook,AB66,2023,
2023,pilot,Chinook,2023-08-01,08/01,0,0,58529,daily,PilotCounts.xlsx,AllChinook,AB67,2023,
2023,pilot,Chinook,2023-08-02,08/02,0,0,58529,daily,PilotCounts.xlsx,AllChinook,AB68,2023,
2023,pilot,Chinook,2023-08-03,08/03,0,0,58529,daily,PilotCounts.xlsx,AllChinook,AB69,2023,
2023,pilot,Chinook,2023-08-04,08/04,0,0,58529,daily,PilotCounts.xlsx,AllChinook,AB70,2023,
2023,pilot,Chinook,2023-08-05,08/05,0,0,58529,daily,PilotCounts.xlsx,AllChinook,AB71,2023,
2023,pilot,Chinook,2023-08-06,08/06,0,0,58529,daily,PilotCounts.xlsx,AllChinook,AB72,2023,
2023,pilot,Chinook,2023-08-07,08/07,0,0,58529,daily,PilotCounts.xlsx,AllChinook,AB73,2023,
2023,pilot,Chinook,2023-08-08,08/08,0,0,58529,daily,PilotCounts.xlsx,AllChinook,AB74,2023,
2023,pilot,Chinook,2023-08-09,08/09,0,0,58529,daily,PilotCounts.xlsx,AllChinook,AB75,2023,
2023,pilot,Chinook,2023-08-10,08/10,0,0,58529,daily,PilotCounts.xlsx,AllChinook,AB76,2023,
2023,pilot,Chinook,2023-08-11,08/11,0,0,58529,daily,PilotCounts.xlsx,AllChinook,AB77,2023,
2023,pilot,Chinook,2023-08-12,08/12,0,0,58529,daily,PilotCounts.xlsx,AllChinook,AB78,2023,
2023,pilot,Chinook,2023-08-13,08/13,0,0,58529,daily,PilotCounts.xlsx,AllChinook,AB79,2023,
2023,pilot,Chinook,2023-08-14,08/14,0,0,58529,daily,PilotCounts.xlsx,AllChinook,AB80,2023,
2023,pilot,Chinook,2023-08-15,08/15,0,0,58529,daily,PilotCounts.xlsx,AllChinook,AB81,2023,
2023,pilot,Chinook,2023-08-16,08/16,0,0,58529,daily,PilotCounts.xlsx,AllChinook,AB82,2023,
2023,pilot,Chinook,2023-08-17,08/17,0,0,58529,daily,PilotCounts.xlsx,AllChinook,AB83,2023,
2023,pilot,Chinook,2023-08-18,08/18,0,0,58529,daily,PilotCounts.xlsx,AllChinook,AB84,2023,
2023,pilot,Chinook,2023-08-19,08/19,0,0,58529,daily,PilotCounts.xlsx,AllChinook,AB85,2023,
2023,pilot,Chinook,2023-08-20,08/20,0,0,58529,daily,PilotCounts.xlsx,AllChinook,AB86,2023,
2023,pilot,Chinook,2023-08-21,08/21,0,0,58529,daily,PilotCounts.xlsx,AllChinook,AB87,2023,
2023,pilot,Chinook,2023-08-22,08/22,0,0,58529,daily,PilotCounts.xlsx,AllChinook,AB88,2023,
2023,pilot,Chinook,2023-08-23,08/23,0,0,58529,daily,PilotCounts.xlsx,AllChinook,AB89,2023,
2023,pilot,Chinook,2023-08-24,08/24,0,0,58529,daily,PilotCounts.xlsx,AllChinook,AB90,2023,
2023,pilot,Chinook,2023-08-25,08/25,0,0,58529,daily,PilotCounts.xlsx,AllChinook,AB91,2023,
2023,pilot,Chinook,2023-08-26,08/26,0,0,58529,daily,PilotCounts.xlsx,AllChinook,AB92,2023,
2023,pilot,Chinook,2023-08-27,08/27,0,0,58529,daily,PilotCounts.xlsx,AllChinook,AB93,2023,
2023,pilot,Chinook,2023-08-28,08/28,0,0,58529,daily,PilotCounts.xlsx,AllChinook,AB94,2023,
2023,pilot,Chinook,2023-08-29,08/29,0,0,58529,daily,PilotCounts.xlsx,AllChinook,AB95,2023,
2023,pilot,Chinook,2023-08-30,08/30,0,0,58529,daily,PilotCounts.xlsx,AllChinook,AB96,2023,
2023,pilot,Chinook,2023-08-31,08/31,0,0,58529,daily,PilotCounts.xlsx,AllChinook,AB97,2023,
2023,pilot,Chinook,2023-09-01,09/01,0,0,58529,daily,PilotCounts.xlsx,AllChinook,AB98,2023,
2023,pilot,Chinook,2023-09-02,09/02,0,0,58529,daily,PilotCounts.xlsx,AllChinook,AB99,2023,
2023,pilot,Chinook,2023-09-03,09/03,0,0,58529,daily,PilotCounts.xlsx,AllChinook,AB100,2023,
2023,pilot,Chinook,2023-09-04,09/04,0,0,58529,daily,PilotCounts.xlsx,AllChinook,AB101,2023,
2023,pilot,Chinook,2023-09-05,09/05,0,0,58529,daily,PilotCounts.xlsx,AllChinook,AB102,2023,
2023,pilot,Chinook,2023-09-06,09/06,0,0,58529,daily,PilotCounts.xlsx,AllChinook,AB103,2023,
2023,pilot,Chinook,2023-09-07,09/07,0,0,58529,daily,PilotCounts.xlsx,AllChinook,AB104,2023,
2023,pilot,Chum,2023-06-07,06/07,0,0,0,daily,PilotCounts.xlsx,AllChum,AC12,2023,
2023,pilot,Chum,2023-06-08,06/08,0,0,0,daily,PilotCounts.xlsx,AllChum,AC13,2023,
2023,pilot,Chum,2023-06-09,06/09,0,0,0,daily,PilotCounts.xlsx,AllChum,AC14,2023,
2023,pilot,Chum,2023-06-10,06/10,0,0,0,daily,PilotCounts.xlsx,AllChum,AC15,2023,
2023,pilot,Chum,2023-06-11,06/11,0,0,0,daily,PilotCounts.xlsx,AllChum,AC16,2023,
2023,pilot,Chum,2023-06-12,06/12,227,227,227,daily,PilotCounts.xlsx,AllChum,AC17,2023,
2023,pilot,Chum,2023-06-13,06/13,491,491,718,daily,PilotCounts.xlsx,AllChum,AC18,2023,
2023,pilot,Chum,2023-06-14,06/14,1140,1140,1858,daily,PilotCounts.xlsx,AllChum,AC19,2023,
2023,pilot,Chum,2023-06-15,06/15,1925,1925,3783,daily,PilotCounts.xlsx,AllChum,AC20,2023,
2023,pilot,Chum,2023-06-16,06/16,1236,1236,5019,daily,PilotCounts.xlsx,AllChum,AC21,2023,
2023,pilot,Chum,2023-06-17,06/17,5469,5469,10488,daily,PilotCounts.xlsx,AllChum,AC22,2023,
2023,pilot,Chum,2023-06-18,06/18,22792,22792,33280,daily,PilotCounts.xlsx,AllChum,AC23,2023,
2023,pilot,Chum,2023-06-19,06/19,35332,35332,68612,daily,PilotCounts.xlsx,AllChum,AC24,2023,
2023,pilot,Chum,2023-06-20,06/20,39911,39911,108523,daily,PilotCounts.xlsx,AllChum,AC25,2023,
2023,pilot,Chum,2023-06-21,06/21,35380,35380,143903,daily,PilotCounts.xlsx,AllChum,AC26,2023,
2023,pilot,Chum,2023-06-22,06/22,44520,44520,188423,daily,PilotCounts.xlsx,AllChum,AC27,2023,
2023,pilot,Chum,2023-06-23,06/23,33921,33921,222344,daily,PilotCounts.xlsx,AllChum,AC28,2023,
2023,pilot,Chum,2023-06-24,06/24,35194,35194,257538,daily,PilotCounts.xlsx,AllChum,AC29,2023,
2023,pilot,Chum,2023-06-25,06/25,20676,20676,278214,daily,PilotCounts.xlsx,AllChum,AC30,2023,
2023,pilot,Chum,2023-06-26,06/26,15303,15303,293517,daily,PilotCounts.xlsx,AllChum,AC31,2023,
2023,pilot,Chum,2023-06-27,06/27,7975,7975,301492,daily,PilotCounts.xlsx,AllChum,AC32,2023,
2023,pilot,Chum,2023-06-28,06/28,11958,11958,313450,daily,PilotCounts.xlsx,AllChum,AC33,2023,
2023,pilot,Chum,2023-06-29,06/29,19836,19836,333286,daily,PilotCounts.xlsx,AllChum,AC34,2023,
2023,pilot,Chum,2023-06-30,06/30,12471,12471,345757,daily,PilotCounts.xlsx,AllChum,AC35,2023,
2023,pilot,Chum,2023-07-01,07/01,8092,8092,353849,daily,PilotCounts.xlsx,AllChum,AC36,2023,
2023,pilot,Chum,2023-07-02,07/02,4804,4804,358653,daily,PilotCounts.xlsx,AllChum,AC37,2023,
2023,pilot,Chum,2023-07-03,07/03,7135,7135,365788,daily,PilotCounts.xlsx,AllChum,AC38,2023,
2023,pilot,Chum,2023-07-04,07/04,19941,19941,385729,daily,PilotCounts.xlsx,AllChum,AC39,2023,
2023,pilot,Chum,2023-07-05,07/05,52026,52026,437755,daily,PilotCounts.xlsx,AllChum,AC40,2023,
2023,pilot,Chum,2023-07-06,07/06,44894,44894,482649,daily,PilotCounts.xlsx,AllChum,AC41,2023,
2023,pilot,Chum,2023-07-07,07/07,18230,18230,500879,daily,PilotCounts.xlsx,AllChum,AC42,2023,
2023,pilot,Chum,2023-07-08,07/08,8945,8945,509824,daily,PilotCounts.xlsx,AllChum,AC43,2023,
2023,pilot,Chum,2023-07-09,07/09,6731,6731,516555,daily,PilotCounts.xlsx,AllChum,AC44,2023,
2023,pilot,Chum,2023-07-10,07/10,37740,37740,554295,daily,PilotCounts.xlsx,AllChum,AC45,2023,
2023,pilot,Chum,2023-07-11,07/11,56487,56487,610782,daily,PilotCounts.xlsx,AllChum,AC46,2023,
2023,pilot,Chum,2023-07-12,07/12,64074,64074,674856,daily,PilotCounts.xlsx,AllChum,AC47,2023,
2023,pilot,Chum,2023-07-13,07/13,56948,56948,731804,daily,PilotCounts.xlsx,AllChum,AC48,2023,
2023,pilot,Chum,2023-07-14,07/14,24182,24182,755986,daily,PilotCounts.xlsx,AllChum,AC49,2023,
2023,pilot,Chum,2023-07-15,07/15,19412,19412,775398,daily,PilotCounts.xlsx,AllChum,AC50,2023,
2023,pilot,Chum,2023-07-16,07/16,17473,17473,792871,daily,PilotCounts.xlsx,AllChum,AC51,2023,
2023,pilot,Chum,2023-07-17,07/17,25380,25380,818251,daily,PilotCounts.xlsx,AllChum,AC52,2023,
2023,pilot,Chum,2023-07-18,07/18,28399,28399,846650,daily,PilotCounts.xlsx,AllChum,AC53,2023,
2023,pilot,Chum,2023-07-19,07/19,15837,15837,862487,daily,PilotCounts.xlsx,AllChum,AC54,2023,
2023,pilot,Chum,2023-07-20,07/20,13475,13475,875962,daily,PilotCounts.xlsx,AllChum,AC55,2023,
2023,pilot,Chum,2023-07-21,07/21,4992,4992,880954,daily,PilotCounts.xlsx,AllChum,AC56,2023,
2023,pilot,Chum,2023-07-22,07/22,4533,4533,885487,daily,PilotCounts.xlsx,AllChum,AC57,2023,
2023,pilot,Chum,2023-07-23,07/23,5363,5363,890850,daily,PilotCounts.xlsx,AllChum,AC58,2023,
2023,pilot,Chum,2023-07-24,07/24,7646,7646,898496,daily,PilotCounts.xlsx,AllChum,AC59,2023,
2023,pilot,Chum,2023-07-25,07/25,3159,3159,901655,daily,PilotCounts.xlsx,AllChum,AC60,2023,
2023,pilot,Chum,2023-07-26,07/26,4593,4593,906248,daily,PilotCounts.xlsx,AllChum,AC61,2023,
2023,pilot,Chum,2023-07-27,07/27,2312,2312,908560,daily,PilotCounts.xlsx,AllChum,AC62,2023,
2023,pilot,Chum,2023-07-28,07/28,2355,2355,910915,daily,PilotCounts.xlsx,AllChum,AC63,2023,
2023,pilot,Chum,2023-07-29,07/29,9608,9608,920523,daily,PilotCounts.xlsx,AllChum,AC64,2023,
2023,pilot,Chum,2023-07-30,07/30,6428,6428,926951,daily,PilotCounts.xlsx,AllChum,AC65,2023,
2023,pilot,Chum,2023-07-31,07/31,1915,1915,928866,daily,PilotCounts.xlsx,AllChum,AC66,2023,
2023,pilot,Chum,2023-08-01,08/01,5480,5480,934346,daily,PilotCounts.xlsx,AllChum,AC67,2023,
2023,pilot,Chum,2023-08-02,08/02,12249,12249,946595,daily,PilotCounts.xlsx,AllChum,AC68,2023,
2023,pilot,Chum,2023-08-03,08/03,2123,2123,948718,daily,PilotCounts.xlsx,AllChum,AC69,2023,
2023,pilot,Chum,2023-08-04,08/04,345,345,949063,daily,PilotCounts.xlsx,AllChum,AC70,2023,
2023,pilot,Chum,2023-08-05,08/05,99,99,949162,daily,PilotCounts.xlsx,AllChum,AC71,2023,
2023,pilot,Chum,2023-08-06,08/06,337,337,949499,daily,PilotCounts.xlsx,AllChum,AC72,2023,
2023,pilot,Chum,2023-08-07,08/07,7396,7396,956895,daily,PilotCounts.xlsx,AllChum,AC73,2023,
2023,pilot,Chum,2023-08-08,08/08,31361,31361,988256,daily,PilotCounts.xlsx,AllChum,AC74,2023,
2023,pilot,Chum,2023-08-09,08/09,49977,49977,1038233,daily,PilotCounts.xlsx,AllChum,AC75,2023,
2023,pilot,Chum,2023-08-10,08/10,22277,22277,1060510,daily,PilotCounts.xlsx,AllChum,AC76,2023,
2023,pilot,Chum,2023-08-11,08/11,6135,6135,1066645,daily,PilotCounts.xlsx,AllChum,AC77,2023,
2023,pilot,Chum,2023-08-12,08/12,1879,1879,1068524,daily,PilotCounts.xlsx,AllChum,AC78,2023,
2023,pilot,Chum,2023-08-13,08/13,1830,1830,1070354,daily,PilotCounts.xlsx,AllChum,AC79,2023,
2023,pilot,Chum,2023-08-14,08/14,2161,2161,1072515,daily,PilotCounts.xlsx,AllChum,AC80,2023,
2023,pilot,Chum,2023-08-15,08/15,1282,1282,1073797,daily,PilotCounts.xlsx,AllChum,AC81,2023,
2023,pilot,Chum,2023-08-16,08/16,1856,1856,1075653,daily,PilotCounts.xlsx,AllChum,AC82,2023,
2023,pilot,Chum,2023-08-17,08/17,785,785,1076438,daily,PilotCounts.xlsx,AllChum,AC83,2023,
2023,pilot,Chum,2023-08-18,08/18,1334,1334,1077772,daily,PilotCounts.xlsx,AllChum,AC84,2023,
2023,pilot,Chum,2023-08-19,08/19,3741,3741,1081513,daily,PilotCounts.xlsx,AllChum,AC85,2023,
2023,pilot,Chum,2023-08-20,08/20,10734,10734,1092247,daily,PilotCounts.xlsx,AllChum,AC86,2023,
2023,pilot,Chum,2023-08-21,08/21,26633,26633,1118880,daily,PilotCounts.xlsx,AllChum,AC87,2023,
2023,pilot,Chum,2023-08-22,08/22,18720,18720,1137600,daily,PilotCounts.xlsx,AllChum,AC88,2023,
2023,pilot,Chum,2023-08-23,08/23,12987,12987,1150587,daily,PilotCounts.xlsx,AllChum,AC89,2023,
2023,pilot,Chum,2023-08-24,08/24,9179,9179,1159766,daily,PilotCounts.xlsx,AllChum,AC90,2023,
2023,pilot,Chum,2023-08-25,08/25,5177,5177,1164943,daily,PilotCounts.xlsx,AllChum,AC91,2023,
2023,pilot,Chum,2023-08-26,08/26,5389,5389,1170332,daily,PilotCounts.xlsx,AllChum,AC92,2023,
2023,pilot,Chum,2023-08-27,08/27,4072,4072,1174404,daily,PilotCounts.xlsx,AllChum,AC93,2023,
2023,pilot,Chum,2023-08-28,08/28,2957,2957,1177361,daily,PilotCounts.xlsx,AllChum,AC94,2023,
2023,pilot,Chum,2023-08-29,08/29,2942,2942,1180303,daily,PilotCounts.xlsx,AllChum,AC95,2023,
2023,pilot,Chum,2023-08-30,08/30,1999,1999,1182302,daily,PilotCounts.xlsx,AllChum,AC96,2023,
2023,pilot,Chum,2023-08-31,08/31,1501,1501,1183803,daily,PilotCounts.xlsx,AllChum,AC97,2023,
2023,pilot,Chum,2023-09-01,09/01,4982,4982,1188785,daily,PilotCounts.xlsx,AllChum,AC98,2023,
2023,pilot,Chum,2023-09-02,09/02,12493,12493,1201278,daily,PilotCounts.xlsx,AllChum,AC99,2023,
2023,pilot,Chum,2023-09-03,09/03,6107,6107,1207385,daily,PilotCounts.xlsx,AllChum,AC100,2023,
2023,pilot,Chum,2023-09-04,09/04,4269,4269,1211654,daily,PilotCounts.xlsx,AllChum,AC101,2023,
2023,pilot,Chum,2023-09-05,09/05,2164,2164,1213818,daily,PilotCounts.xlsx,AllChum,AC102,2023,
2023,pilot,Chum,2023-09-06,09/06,1505,1505,1215323,daily,PilotCounts.xlsx,AllChum,AC103,2023,
2023,pilot,Chum,2023-09-07,09/07,1342,1342,1216665,daily,PilotCounts.xlsx,AllChum,AC104,2023,
2023,pilot,Pink,2023-06-07,06/07,0,,0,cumulative,PilotCounts.xlsx,Pink,AC12,2023,
2023,pilot,Pink,2023-06-08,06/08,0,0,0,cumulative,PilotCounts.xlsx,Pink,AC13,2023,
2023,pilot,Pink,2023-06-09,06/09,0,0,0,cumulative,PilotCounts.xlsx,Pink,AC14,2023,
2023,pilot,Pink,2023-06-10,06/10,0,0,0,cumulative,PilotCounts.xlsx,Pink,AC15,2023,
2023,pilot,Pink,2023-06-11,06/11,0,0,0,cumulative,PilotCounts.xlsx,Pink,AC16,2023,
2023,pilot,Pink,2023-06-12,06/12,0,0,0,cumulative,PilotCounts.xlsx,Pink,AC17,2023,
2023,pilot,Pink,2023-06-13,06/13,0,0,0,cumulative,PilotCounts.xlsx,Pink,AC18,2023,
2023,pilot,Pink,2023-06-14,06/14,0,0,0,cumulative,PilotCounts.xlsx,Pink,AC19,2023,
2023,pilot,Pink,2023-06-15,06/15,0,0,0,cumulative,PilotCounts.xlsx,Pink,AC20,2023,
2023,pilot,Pink,2023-06-16,06/16,0,0,0,cumulative,PilotCounts.xlsx,Pink,AC21,2023,
2023,pilot,Pink,2023-06-17,06/17,0,0,0,cumulative,PilotCounts.xlsx,Pink,AC22,2023,
2023,pilot,Pink,2023-06-18,06/18,0,0,0,cumulative,PilotCounts.xlsx,Pink,AC23,2023,
2023,pilot,Pink,2023-06-19,06/19,0,0,0,cumulative,PilotCounts.xlsx,Pink,AC24,2023,
2023,pilot,Pink,2023-06-20,06/20,0,0,0,cumulative,PilotCounts.xlsx,Pink,AC25,2023,
2023,pilot,Pink,2023-06-21,06/21,0,0,0,cumulative,PilotCounts.xlsx,Pink,AC26,2023,
2023,pilot,Pink,2023-06-22,06/22,0,0,0,cumulative,PilotCounts.xlsx,Pink,AC27,2023,
2023,pilot,Pink,2023-06-23,06/23,0,0,0,cumulative,PilotCounts.xlsx,Pink,AC28,2023,
2023,pilot,Pink,2023-06-24,06/24,0,0,0,cumulative,PilotCounts.xlsx,Pink,AC29,2023,
2023,pilot,Pink,2023-06-25,06/25,0,0,0,cumulative,PilotCounts.xlsx,Pink,AC30,2023,
2023,pilot,Pink,2023-06-26,06/26,0,0,0,cumulative,PilotCounts.xlsx,Pink,AC31,2023,
2023,pilot,Pink,2023-06-27,06/27,0,0,0,cumulative,PilotCounts.xlsx,Pink,AC32,2023,
2023,pilot,Pink,2023-06-28,06/28,0,0,0,cumulative,PilotCounts.xlsx,Pink,AC33,2023,
2023,pilot,Pink,2023-06-29,06/29,0,0,0,cumulative,PilotCounts.xlsx,Pink,AC34,2023,
2023,pilot,Pink,2023-06-30,06/30,0,0,0,cumulative,PilotCounts.xlsx,Pink,AC35,2023,
2023,pilot,Pink,2023-07-01,07/01,0,0,0,cumulative,PilotCounts.xlsx,Pink,AC36,2023,
2023,pilot,Pink,2023-07-02,07/02,0,0,0,cumulative,PilotCounts.xlsx,Pink,AC37,2023,
2023,pilot,Pink,2023-07-03,07/03,0,0,0,cumulative,PilotCounts.xlsx,Pink,AC38,2023,
2023,pilot,Pink,2023-07-04,07/04,0,0,0,cumulative,PilotCounts.xlsx,Pink,AC39,2023,
2023,pilot,Pink,2023-07-05,07/05,0,0,0,cumulative,PilotCounts.xlsx,Pink,AC40,2023,
2023,pilot,Pink,2023-07-06,07/06,0,0,0,cumulative,PilotCounts.xlsx,Pink,AC41,2023,
2023,pilot,Pink,2023-07-07,07/07,0,0,0,cumulative,PilotCounts.xlsx,Pink,AC42,2023,
2023,pilot,Pink,2023-07-08,07/08,0,0,0,cumulative,PilotCounts.xlsx,Pink,AC43,2023,
2023,pilot,Pink,2023-07-09,07/09,0,0,0,cumulative,PilotCounts.xlsx,Pink,AC44,2023,
2023,pilot,Pink,2023-07-10,07/10,0,0,0,cumulative,PilotCounts.xlsx,Pink,AC45,2023,
2023,pilot,Pink,2023-07-11,07/11,0,0,0,cumulative,PilotCounts.xlsx,Pink,AC46,2023,
2023,pilot,Pink,2023-07-12,07/12,0,0,0,cumulative,PilotCounts.xlsx,Pink,AC47,2023,
2023,pilot,Pink,2023-07-13,07/13,0,0,0,cumulative,PilotCounts.xlsx,Pink,AC48,2023,
2023,pilot,Pink,2023-07-14,07/14,0,0,0,cumulative,PilotCounts.xlsx,Pink,AC49,2023,
2023,pilot,Pink,2023-07-15,07/15,0,0,0,cumulative,PilotCounts.xlsx,Pink,AC50,2023,
2023,pilot,Pink,2023-07-16,07/16,780,780,780,cumulative,PilotCounts.xlsx,Pink,AC51,2023,
2023,pilot,Pink,2023-07-17,07/17,780,0,780,cumulative,PilotCounts.xlsx,Pink,AC52,2023,
2023,pilot,Pink,2023-07-18,07/18,780,0,780,cumulative,PilotCounts.xlsx,Pink,AC53,2023,
2023,pilot,Pink,2023-07-19,07/19,1983,1203,1983,cumulative,PilotCounts.xlsx,Pink,AC54,2023,
2023,pilot,Pink,2023-07-20,07/20,1983,0,1983,cumulative,PilotCounts.xlsx,Pink,AC55,2023,
2023,pilot,Pink,2023-07-21,07/21,2900,917,2900,cumulative,PilotCounts.xlsx,Pink,AC56,2023,
2023,pilot,Pink,2023-07-22,07/22,3480,580,3480,cumulative,PilotCounts.xlsx,Pink,AC57,2023,
2023,pilot,Pink,2023-07-23,07/23,4227,747,4227,cumulative,PilotCounts.xlsx,Pink,AC58,2023,
2023,pilot,Pink,2023-07-24,07/24,4857,630,4857,cumulative,PilotCounts.xlsx,Pink,AC59,2023,
2023,pilot,Pink,2023-07-25,07/25,5227,370,5227,cumulative,PilotCounts.xlsx,Pink,AC60,2023,
2023,pilot,Pink,2023-07-26,07/26,5525,298,5525,cumulative,PilotCounts.xlsx,Pink,AC61,2023,
2023,pilot,Pink,2023-07-27,07/27,5799,274,5799,cumulative,PilotCounts.xlsx,Pink,AC62,2023,
2023,pilot,Pink,2023-07-28,07/28,5799,0,5799,cumulative,PilotCounts.xlsx,Pink,AC63,2023,
2023,pilot,Pink,2023-07-29,07/29,6234,435,6234,cumulative,PilotCounts.xlsx,Pink,AC64,2023,
2023,pilot,Pink,2023-07-30,07/30,6656,422,6656,cumulative,PilotCounts.xlsx,Pink,AC65,2023,
2023,pilot,Pink,2023-07-31,07/31,6971,315,6971,cumulative,PilotCounts.xlsx,Pink,AC66,2023,
2023,pilot,Pink,2023-08-01,08/01,7224,253,7224,cumulative,PilotCounts.xlsx,Pink,AC67,2023,
2023,pilot,Pink,2023-08-02,08/02,7374,150,7374,cumulative,PilotCounts.xlsx,Pink,AC68,2023,
2023,pilot,Pink,2023-08-03,08/03,8118,744,8118,cumulative,PilotCounts.xlsx,Pink,AC69,2023,
2023,pilot,Pink,2023-08-04,08/04,8118,0,8118,cumulative,PilotCounts.xlsx,Pink,AC70,2023,
2023,pilot,Pink,2023-08-05,08/05,8118,0,8118,cumulative,PilotCounts.xlsx,Pink,AC71,2023,
2023,pilot,Pink,2023-08-06,08/06,8118,0,8118,cumulative,PilotCounts.xlsx,Pink,AC72,2023,
2023,pilot,Pink,2023-08-07,08/07,8118,0,8118,cumulative,PilotCounts.xlsx,Pink,AC73,2023,
2023,pilot,Pink,2023-08-08,08/08,9038,920,9038,cumulative,PilotCounts.xlsx,Pink,AC74,2023,
2023,pilot,Pink,2023-08-09,08/09,9038,0,9038,cumulative,PilotCounts.xlsx,Pink,AC75,2023,
2023,pilot,Pink,2023-08-10,08/10,9038,0,9038,cumulative,PilotCounts.xlsx,Pink,AC76,2023,
2023,pilot,Pink,2023-08-11,08/11,9169,131,9169,cumulative,PilotCounts.xlsx,Pink,AC77,2023,
2023,pilot,Pink,2023-08-12,08/12,9534,365,9534,cumulative,PilotCounts.xlsx,Pink,AC78,2023,
2023,pilot,Pink,2023-08-13,08/13,9534,0,9534,cumulative,PilotCounts.xlsx,Pink,AC79,2023,
2023,pilot,Pink,2023-08-14,08/14,9534,0,9534,cumulative,PilotCounts.xlsx,Pink,AC80,2023,
2023,pilot,Pink,2023-08-15,08/15,9534,0,9534,cumulative,PilotCounts.xlsx,Pink,AC81,2023,
2023,pilot,Pink,2023-08-16,08/16,9534,0,9534,cumulative,PilotCounts.xlsx,Pink,AC82,2023,
2023,pilot,Pink,2023-08-17,08/17,9534,0,9534,cumulative,PilotCounts.xlsx,Pink,AC83,2023,
2023,pilot,Pink,2023-08-18,08/18,9534,0,9534,cumulative,PilotCounts.xlsx,Pink,AC84,2023,
2023,pilot,Pink,2023-08-19,08/19,9534,0,9534,cumulative,PilotCounts.xlsx,Pink,AC85,2023,
2023,pilot,Pink,2023-08-20,08/20,9534,0,9534,cumulative,PilotCounts.xlsx,Pink,AC86,2023,
2023,pilot,Pink,2023-08-21,08/21,9735,201,9735,cumulative,PilotCounts.xlsx,Pink,AC87,2023,
2023,pilot,Pink,2023-08-22,08/22,9735,0,9735,cumulative,PilotCounts.xlsx,Pink,AC88,2023,
2023,pilot,Pink,2023-08-23,08/23,9735,0,9735,cumulative,PilotCounts.xlsx,Pink,AC89,2023,
2023,pilot,Pink,2023-08-24,08/24,9735,0,9735,cumulative,PilotCounts.xlsx,Pink,AC90,2023,
2023,pilot,Pink,2023-08-25,08/25,9735,0,9735,cumulative,PilotCounts.xlsx,Pink,AC91,2023,
2023,pilot,Pink,2023-08-26,08/26,9735,0,9735,cumulative,PilotCounts.xlsx,Pink,AC92,2023,
2023,pilot,Pink,2023-08-27,08/27,9735,0,9735,cumulative,PilotCounts.xlsx,Pink,AC93,2023,
2023,pilot,Pink,2023-08-28,08/28,9735,0,9735,cumulative,PilotCounts.xlsx,Pink,AC94,2023,
2023,pilot,Pink,2023-08-29,08/29,9735,0,9735,cumulative,PilotCounts.xlsx,Pink,AC95,2023,
2023,pilot,Pink,2023-08-30,08/30,9735,0,9735,cumulative,PilotCounts.xlsx,Pink,AC96,2023,
2023,pilot,Pink,2023-08-31,08/31,9735,0,9735,cumulative,PilotCounts.xlsx,Pink,AC97,2023,
2023,pilot,Pink,2023-09-01,09/01,9735,0,9735,cumulative,PilotCounts.xlsx,Pink,AC98,2023,
2023,pilot,Pink,2023-09-02,09/02,9735,0,9735,cumulative,PilotCounts.xlsx,Pink,AC99,2023,
2023,pilot,Pink,2023-09-03,09/03,9735,0,9735,cumulative,PilotCounts.xlsx,Pink,AC100,2023,
2023,pilot,Pink,2023-09-04,09/04,9735,0,9735,cumulative,PilotCounts.xlsx,Pink,AC101,2023,
2023,pilot,Pink,2023-09-05,09/05,9735,0,9735,cumulative,PilotCounts.xlsx,Pink,AC102,2023,
2023,pilot,Pink,2023-09-06,09/06,9735,0,9735,cumulative,PilotCounts.xlsx,Pink,AC103,2023,
2023,pilot,Pink,2023-09-07,09/07,9735,0,9735,cumulative,PilotCounts.xlsx,Pink,AC104,2023,
2024,Anvik,Pink,2024-06-16,06/16,0,,0,cumulative,Anvik_PinkCounts.xlsx,Sheet1,AZ4,2024,
2024,Anvik,Pink,2024-06-17,06/17,0,0,0,cumulative,Anvik_PinkCounts.xlsx,Sheet1,AZ5,2024,
2024,Anvik,Pink,2024-06-18,06/18,0,0,0,cumulative,Anvik_PinkCounts.xlsx,Sheet1,AZ6,2024,
2024,Anvik,Pink,2024-06-19,06/19,0,0,0,cumulative,Anvik_PinkCounts.xlsx,Sheet1,AZ7,2024,
2024,Anvik,Pink,2024-06-20,06/20,0,0,0,cumulative,Anvik_PinkCounts.xlsx,Sheet1,AZ8,2024,
2024,Anvik,Pink,2024-06-21,06/21,0,0,0,cumulative,Anvik_PinkCounts.xlsx,Sheet1,AZ9,2024,
2024,Anvik,Pink,2024-06-22,06/22,0,0,0,cumulative,Anvik_PinkCounts.xlsx,Sheet1,AZ10,2024,
2024,Anvik,Pink,2024-06-23,06/23,0,0,0,cumulative,Anvik_PinkCounts.xlsx,Sheet1,AZ11,2024,
2024,Anvik,Pink,2024-06-24,06/24,0,0,0,cumulative,Anvik_PinkCounts.xlsx,Sheet1,AZ12,2024,
2024,Anvik,Pink,2024-06-25,06/25,0,0,0,cumulative,Anvik_PinkCounts.xlsx,Sheet1,AZ13,2024,
2024,Anvik,Pink,2024-06-26,06/26,0,0,0,cumulative,Anvik_PinkCounts.xlsx,Sheet1,AZ14,2024,
2024,Anvik,Pink,2024-06-27,06/27,0,0,0,cumulative,Anvik_PinkCounts.xlsx,Sheet1,AZ15,2024,
2024,Anvik,Pink,2024-06-28,06/28,0,0,0,cumulative,Anvik_PinkCounts.xlsx,Sheet1,AZ16,2024,
2024,Anvik,Pink,2024-06-29,06/29,0,0,0,cumulative,Anvik_PinkCounts.xlsx,Sheet1,AZ17,2024,
2024,Anvik,Pink,2024-06-30,06/30,0,0,0,cumulative,Anvik_PinkCounts.xlsx,Sheet1,AZ18,2024,
2024,Anvik,Pink,2024-07-01,07/01,0,0,0,cumulative,Anvik_PinkCounts.xlsx,Sheet1,AZ19,2024,
2024,Anvik,Pink,2024-07-02,07/02,0,0,0,cumulative,Anvik_PinkCounts.xlsx,Sheet1,AZ20,2024,
2024,Anvik,Pink,2024-07-03,07/03,246,246,246,cumulative,Anvik_PinkCounts.xlsx,Sheet1,AZ21,2024,
2024,Anvik,Pink,2024-07-04,07/04,364,118,364,cumulative,Anvik_PinkCounts.xlsx,Sheet1,AZ22,2024,
2024,Anvik,Pink,2024-07-05,07/05,364,0,364,cumulative,Anvik_PinkCounts.xlsx,Sheet1,AZ23,2024,
2024,Anvik,Pink,2024-07-06,07/06,440,76,440,cumulative,Anvik_PinkCounts.xlsx,Sheet1,AZ24,2024,
2024,Anvik,Pink,2024-07-07,07/07,464,24,464,cumulative,Anvik_PinkCounts.xlsx,Sheet1,AZ25,2024,
2024,Anvik,Pink,2024-07-08,07/08,536,72,536,cumulative,Anvik_PinkCounts.xlsx,Sheet1,AZ26,2024,
2024,Anvik,Pink,2024-07-09,07/09,578,42,578,cumulative,Anvik_PinkCounts.xlsx,Sheet1,AZ27,2024,
2024,Anvik,Pink,2024-07-10,07/10,681,103,681,cumulative,Anvik_PinkCounts.xlsx,Sheet1,AZ28,2024,
2024,Anvik,Pink,2024-07-11,07/11,819,138,819,cumulative,Anvik_PinkCounts.xlsx,Sheet1,AZ29,2024,
2024,Anvik,Pink,2024-07-12,07/12,1031,212,1031,cumulative,Anvik_PinkCounts.xlsx,Sheet1,AZ30,2024,
2024,Anvik,Pink,2024-07-13,07/13,1168,137,1168,cumulative,Anvik_PinkCounts.xlsx,Sheet1,AZ31,2024,
2024,Anvik,Pink,2024-07-14,07/14,1309,141,1309,cumulative,Anvik_PinkCounts.xlsx,Sheet1,AZ32,2024,
2024,Anvik,Pink,2024-07-15,07/15,1309,0,1309,cumulative,Anvik_PinkCounts.xlsx,Sheet1,AZ33,2024,
2024,Anvik,Pink,2024-07-16,07/16,1309,0,1309,cumulative,Anvik_PinkCounts.xlsx,Sheet1,AZ34,2024,
2024,Anvik,Pink,2024-07-17,07/17,1309,0,1309,cumulative,Anvik_PinkCounts.xlsx,Sheet1,AZ35,2024,
2024,Anvik,Pink,2024-07-18,07/18,1309,0,1309,cumulative,Anvik_PinkCounts.xlsx,Sheet1,AZ36,2024,
2024,Anvik,Pink,2024-07-19,07/19,18898,17589,18898,cumulative,Anvik_PinkCounts.xlsx,Sheet1,AZ37,2024,
2024,Anvik,Pink,2024-07-20,07/20,51480,32582,51480,cumulative,Anvik_PinkCounts.xlsx,Sheet1,AZ38,2024,
2024,Anvik,Pink,2024-07-21,07/21,76954,25474,76954,cumulative,Anvik_PinkCounts.xlsx,Sheet1,AZ39,2024,
2024,Anvik,Pink,2024-07-22,07/22,94193,17239,94193,cumulative,Anvik_PinkCounts.xlsx,Sheet1,AZ40,2024,
2024,Anvik,Pink,2024-07-23,07/23,106061,11868,106061,cumulative,Anvik_PinkCounts.xlsx,Sheet1,AZ41,2024,
2024,Anvik,Pink,2024-07-24,07/24,115403,9342,115403,cumulative,Anvik_PinkCounts.xlsx,Sheet1,AZ42,2024,
2024,Anvik,Pink,2024-07-25,07/25,123289,7886,123289,cumulative,Anvik_PinkCounts.xlsx,Sheet1,AZ43,2024,
2024,Anvik,Pink,2024-07-26,07/26,126731,3442,126731,cumulative,Anvik_PinkCounts.xlsx,Sheet1,AZ44,2024,
2024,Anvik,Pink,2024-07-27,07/27,126731,0,126731,cumulative,Anvik_PinkCounts.xlsx,Sheet1,AZ45,2024,
2024,EF_Andreafsky,Pink,2024-06-21,06/21,0,,0,cumulative,EF_Andreafsky_PinkCounts.xlsx,Sheet1,AM9,2024,
2024,EF_Andreafsky,Pink,2024-06-22,06/22,0,0,0,cumulative,EF_Andreafsky_PinkCounts.xlsx,Sheet1,AM10,2024,
2024,EF_Andreafsky,Pink,2024-06-23,06/23,0,0,0,cumulative,EF_Andreafsky_PinkCounts.xlsx,Sheet1,AM11,2024,
2024,EF_Andreafsky,Pink,2024-06-24,06/24,0,0,0,cumulative,EF_Andreafsky_PinkCounts.xlsx,Sheet1,AM12,2024,
2024,EF_Andreafsky,Pink,2024-06-25,06/25,2,2,2,cumulative,EF_Andreafsky_PinkCounts.xlsx,Sheet1,AM13,2024,
2024,EF_Andreafsky,Pink,2024-06-26,06/26,6,4,6,cumulative,EF_Andreafsky_PinkCounts.xlsx,Sheet1,AM14,2024,
2024,EF_Andreafsky,Pink,2024-06-27,06/27,6,0,6,cumulative,EF_Andreafsky_PinkCounts.xlsx,Sheet1,AM15,2024,
2024,EF_Andreafsky,Pink,2024-06-28,06/28,7,1,7,cumulative,EF_Andreafsky_PinkCounts.xlsx,Sheet1,AM16,2024,
2024,EF_Andreafsky,Pink,2024-06-29,06/29,7,0,7,cumulative,EF_Andreafsky_PinkCounts.xlsx,Sheet1,AM17,2024,
2024,EF_Andreafsky,Pink,2024-06-30,06/30,13,6,13,cumulative,EF_Andreafsky_PinkCounts.xlsx,Sheet1,AM18,2024,
2024,EF_Andreafsky,Pink,2024-07-01,07/01,27,14,27,cumulative,EF_Andreafsky_PinkCounts.xlsx,Sheet1,AM19,2024,
2024,EF_Andreafsky,Pink,2024-07-02,07/02,48,21,48,cumulative,EF_Andreafsky_PinkCounts.xlsx,Sheet1,AM20,2024,
2024,EF_Andreafsky,Pink,2024-07-03,07/03,56,8,56,cumulative,EF_Andreafsky_PinkCounts.xlsx,Sheet1,AM21,2024,
2024,EF_Andreafsky,Pink,2024-07-04,07/04,56,0,56,cumulative,EF_Andreafsky_PinkCounts.xlsx,Sheet1,AM22,2024,
2024,EF_Andreafsky,Pink,2024-07-05,07/05,56,0,56,cumulative,EF_Andreafsky_PinkCounts.xlsx,Sheet1,AM23,2024,
2024,EF_Andreafsky,Pink,2024-07-06,07/06,56,0,56,cumulative,EF_Andreafsky_PinkCounts.xlsx,Sheet1,AM24,2024,
2024,EF_Andreafsky,Pink,2024-07-07,07/07,56,0,56,cumulative,EF_Andreafsky_PinkCounts.xlsx,Sheet1,AM25,2024,
2024,EF_Andreafsky,Pink,2024-07-08,07/08,57,1,57,cumulative,EF_Andreafsky_PinkCounts.xlsx,Sheet1,AM26,2024,
2024,EF_Andreafsky,Pink,2024-07-09,07/09,57,0,57,cumulative,EF_Andreafsky_PinkCounts.xlsx,Sheet1,AM27,2024,
2024,EF_Andreafsky,Pink,2024-07-10,07/10,64,7,64,cumulative,EF_Andreafsky_PinkCounts.xlsx,Sheet1,AM28,2024,
2024,EF_Andreafsky,Pink,2024-07-11,07/11,71,7,71,cumulative,EF_Andreafsky_PinkCounts.xlsx,Sheet1,AM29,2024,
2024,EF_Andreafsky,Pink,2024-07-12,07/12,94,23,94,cumulative,EF_Andreafsky_PinkCounts.xlsx,Sheet1,AM30,2024,
2024,EF_Andreafsky,Pink,2024-07-13,07/13,272,178,272,cumulative,EF_Andreafsky_PinkCounts.xlsx,Sheet1,AM31,2024,
2024,EF_Andreafsky,Pink,2024-07-14,07/14,370,98,370,cumulative,EF_Andreafsky_PinkCounts.xlsx,Sheet1,AM32,2024,
2024,EF_Andreafsky,Pink,2024-07-15,07/15,439,69,439,cumulative,EF_Andreafsky_PinkCounts.xlsx,Sheet1,AM33,2024,
2024,EF_Andreafsky,Pink,2024-07-16,07/16,457,18,457,cumulative,EF_Andreafsky_PinkCounts.xlsx,Sheet1,AM34,2024,
2024,EF_Andreafsky,Pink,2024-07-17,07/17,468,11,468,cumulative,EF_Andreafsky_PinkCounts.xlsx,Sheet1,AM35,2024,
2024,EF_Andreafsky,Pink,2024-07-18,07/18,508,40,508,cumulative,EF_Andreafsky_PinkCounts.xlsx,Sheet1,AM36,2024,
2024,EF_Andreafsky,Pink,2024-07-19,07/19,536,28,536,cumulative,EF_Andreafsky_PinkCounts.xlsx,Sheet1,AM37,2024,
2024,EF_Andreafsky,Pink,2024-07-20,07/20,548,12,548,cumulative,EF_Andreafsky_PinkCounts.xlsx,Sheet1,AM38,2024,
2024,EF_Andreafsky,Pink,2024-07-21,07/21,570,22,570,cumulative,EF_Andreafsky_PinkCounts.xlsx,Sheet1,AM39,2024,
2024,EF_Andreafsky,Pink,2024-07-22,07/22,576,6,576,cumulative,EF_Andreafsky_PinkCounts.xlsx,Sheet1,AM40,2024,
2024,EF_Andreafsky,Pink,2024-07-23,07/23,576,0,576,cumulative,EF_Andreafsky_PinkCounts.xlsx,Sheet1,AM41,2024,
2024,EF_Andreafsky,Pink,2024-07-24,07/24,576,0,576,cumulative,EF_Andreafsky_PinkCounts.xlsx,Sheet1,AM42,2024,
2024,EF_Andreafsky,Pink,2024-07-25,07/25,576,0,576,cumulative,EF_Andreafsky_PinkCounts.xlsx,Sheet1,AM43,2024,
2024,EF_Andreafsky,Pink,2024-07-26,07/26,576,0,576,cumulative,EF_Andreafsky_PinkCounts.xlsx,Sheet1,AM44,2024,
2024,EF_Andreafsky,Pink,2024-07-27,07/27,576,0,576,cumulative,EF_Andreafsky_PinkCounts.xlsx,Sheet1,AM45,2024,
2024,EF_Andreafsky,Pink,2024-07-28,07/28,576,0,576,cumulative,EF_Andreafsky_PinkCounts.xlsx,Sheet1,AM46,2024,
2024,EF_Andreafsky,Pink,2024-07-29,07/29,576,0,576,cumulative,EF_Andreafsky_PinkCounts.xlsx,Sheet1,AM47,2024,
2024,EF_Andreafsky,Pink,2024-07-30,07/30,576,0,576,cumulative,EF_Andreafsky_PinkCounts.xlsx,Sheet1,AM48,2024,
2024,EF_Andreafsky,Pink,2024-07-31,07/31,576,0,576,cumulative,EF_Andreafsky_PinkCounts.xlsx,Sheet1,AM49,2024,
2024,pilot,Chinook,2024-06-05,06/05,0,0,0,daily,PilotCounts.xlsx,AllChinook,AC10,2024,
2024,pilot,Chinook,2024-06-06,06/06,0,0,0,daily,PilotCounts.xlsx,AllChinook,AC11,2024,
2024,pilot,Chinook,2024-06-07,06/07,0,0,0,daily,PilotCounts.xlsx,AllChinook,AC12,2024,
2024,pilot,Chinook,2024-06-08,06/08,0,0,0,daily,PilotCounts.xlsx,AllChinook,AC13,2024,
2024,pilot,Chinook,2024-06-09,06/09,0,0,0,daily,PilotCounts.xlsx,AllChinook,AC14,2024,
2024,pilot,Chinook,2024-06-10,06/10,0,0,0,daily,PilotCounts.xlsx,AllChinook,AC15,2024,
2024,pilot,Chinook,2024-06-11,06/11,0,0,0,daily,PilotCounts.xlsx,AllChinook,AC16,2024,
2024,pilot,Chinook,2024-06-12,06/12,621,621,621,daily,PilotCounts.xlsx,AllChinook,AC17,2024,
2024,pilot,Chinook,2024-06-13,06/13,672,672,1293,daily,PilotCounts.xlsx,AllChinook,AC18,2024,
2024,pilot,Chinook,2024-06-14,06/14,2683,2683,3976,daily,PilotCounts.xlsx,AllChinook,AC19,2024,
2024,pilot,Chinook,2024-06-15,06/15,740,740,4716,daily,PilotCounts.xlsx,AllChinook,AC20,2024,
2024,pilot,Chinook,2024-06-16,06/16,604,604,5320,daily,PilotCounts.xlsx,AllChinook,AC21,2024,
2024,pilot,Chinook,2024-06-17,06/17,1165,1165,6485,daily,PilotCounts.xlsx,AllChinook,AC22,2024,
2024,pilot,Chinook,2024-06-18,06/18,599,599,7084,daily,PilotCounts.xlsx,AllChinook,AC23,2024,
2024,pilot,Chinook,2024-06-19,06/19,903,903,7987,daily,PilotCounts.xlsx,AllChinook,AC24,2024,
2024,pilot,Chinook,2024-06-20,06/20,753,753,8740,daily,PilotCounts.xlsx,AllChinook,AC25,2024,
2024,pilot,Chinook,2024-06-21,06/21,1096,1096,9836,daily,PilotCounts.xlsx,AllChinook,AC26,2024,
2024,pilot,Chinook,2024-06-22,06/22,1411,1411,11247,daily,PilotCounts.xlsx,AllChinook,AC27,2024,
2024,pilot,Chinook,2024-06-23,06/23,975,975,12222,daily,PilotCounts.xlsx,AllChinook,AC28,2024,
2024,pilot,Chinook,2024-06-24,06/24,1338,1338,13560,daily,PilotCounts.xlsx,AllChinook,AC29,2024,
2024,pilot,Chinook,2024-06-25,06/25,6831,6831,20391,daily,PilotCounts.xlsx,AllChinook,AC30,2024,
2024,pilot,Chinook,2024-06-26,06/26,3194,3194,23585,daily,PilotCounts.xlsx,AllChinook,AC31,2024,
2024,pilot,Chinook,2024-06-27,06/27,2976,2976,26561,daily,PilotCounts.xlsx,AllChinook,AC32,2024,
2024,pilot,Chinook,2024-06-28,06/28,1231,1231,27792,daily,PilotCounts.xlsx,AllChinook,AC33,2024,
2024,pilot,Chinook,2024-06-29,06/29,1019,1019,28811,daily,PilotCounts.xlsx,AllChinook,AC34,2024,
2024,pilot,Chinook,2024-06-30,06/30,859,859,29670,daily,PilotCounts.xlsx,AllChinook,AC35,2024,
2024,pilot,Chinook,2024-07-01,07/01,1963,1963,31633,daily,PilotCounts.xlsx,AllChinook,AC36,2024,
2024,pilot,Chinook,2024-07-02,07/02,5539,5539,37172,daily,PilotCounts.xlsx,AllChinook,AC37,2024,
2024,pilot,Chinook,2024-07-03,07/03,1400,1400,38572,daily,PilotCounts.xlsx,AllChinook,AC38,2024,
2024,pilot,Chinook,2024-07-04,07/04,2913,2913,41485,daily,PilotCounts.xlsx,AllChinook,AC39,2024,
2024,pilot,Chinook,2024-07-05,07/05,2668,2668,44153,daily,PilotCounts.xlsx,AllChinook,AC40,2024,
2024,pilot,Chinook,2024-07-06,07/06,4298,4298,48451,daily,PilotCounts.xlsx,AllChinook,AC41,2024,
2024,pilot,Chinook,2024-07-07,07/07,4989,4989,53440,daily,PilotCounts.xlsx,AllChinook,AC42,2024,
2024,pilot,Chinook,2024-07-08,07/08,5017,5017,58457,daily,PilotCounts.xlsx,AllChinook,AC43,2024,
2024,pilot,Chinook,2024-07-09,07/09,1425,1425,59882,daily,PilotCounts.xlsx,AllChinook,AC44,2024,
2024,pilot,Chinook,2024-07-10,07/10,561,561,60443,daily,PilotCounts.xlsx,AllChinook,AC45,2024,
2024,pilot,Chinook,2024-07-11,07/11,648,648,61091,daily,PilotCounts.xlsx,AllChinook,AC46,2024,
2024,pilot,Chinook,2024-07-12,07/12,894,894,61985,daily,PilotCounts.xlsx,AllChinook,AC47,2024,
2024,pilot,Chinook,2024-07-13,07/13,314,314,62299,daily,PilotCounts.xlsx,AllChinook,AC48,2024,
2024,pilot,Chinook,2024-07-14,07/14,627,627,62926,daily,PilotCounts.xlsx,AllChinook,AC49,2024,
2024,pilot,Chinook,2024-07-15,07/15,0,0,62926,daily,PilotCounts.xlsx,AllChinook,AC50,2024,
2024,pilot,Chinook,2024-07-16,07/16,63,63,62989,daily,PilotCounts.xlsx,AllChinook,AC51,2024,
2024,pilot,Chinook,2024-07-17,07/17,139,139,63128,daily,PilotCounts.xlsx,AllChinook,AC52,2024,
2024,pilot,Chinook,2024-07-18,07/18,397,397,63525,daily,PilotCounts.xlsx,AllChinook,AC53,2024,
2024,pilot,Chinook,2024-07-19,07/19,238,238,63763,daily,PilotCounts.xlsx,AllChinook,AC54,2024,
2024,pilot,Chinook,2024-07-20,07/20,173,173,63936,daily,PilotCounts.xlsx,AllChinook,AC55,2024,
2024,pilot,Chinook,2024-07-21,07/21,113,113,64049,daily,PilotCounts.xlsx,AllChinook,AC56,2024,
2024,pilot,Chinook,2024-07-22,07/22,73,73,64122,daily,PilotCounts.xlsx,AllChinook,AC57,2024,
2024,pilot,Chinook,2024-07-23,07/23,0,0,64122,daily,PilotCounts.xlsx,AllChinook,AC58,2024,
2024,pilot,Chinook,2024-07-24,07/24,0,0,64122,daily,PilotCounts.xlsx,AllChinook,AC59,2024,
2024,pilot,Chinook,2024-07-25,07/25,76,76,64198,daily,PilotCounts.xlsx,AllChinook,AC60,2024,
2024,pilot,Chinook,2024-07-26,07/26,0,0,64198,daily,PilotCounts.xlsx,AllChinook,AC61,2024,
2024,pilot,Chinook,2024-07-27,07/27,0,0,64198,daily,PilotCounts.xlsx,AllChinook,AC62,2024,
2024,pilot,Chinook,2024-07-28,07/28,0,0,64198,daily,PilotCounts.xlsx,AllChinook,AC63,2024,
2024,pilot,Chinook,2024-07-29,07/29,0,0,64198,daily,PilotCounts.xlsx,AllChinook,AC64,2024,
2024,pilot,Chinook,2024-07-30,07/30,0,0,64198,daily,PilotCounts.xlsx,AllChinook,AC65,2024,
2024,pilot,Chinook,2024-07-31,07/31,0,0,64198,daily,PilotCounts.xlsx,AllChinook,AC66,2024,
2024,pilot,Chinook,2024-08-01,08/01,0,0,64198,daily,PilotCounts.xlsx,AllChinook,AC67,2024,
2024,pilot,Chinook,2024-08-02,08/02,0,0,64198,daily,PilotCounts.xlsx,AllChinook,AC68,2024,
2024,pilot,Chinook,2024-08-03,08/03,0,0,64198,daily,PilotCounts.xlsx,AllChinook,AC69,2024,
2024,pilot,Chinook,2024-08-04,08/04,0,0,64198,daily,PilotCounts.xlsx,AllChinook,AC70,2024,
2024,pilot,Chinook,2024-08-05,08/05,0,0,64198,daily,PilotCounts.xlsx,AllChinook,AC71,2024,
2024,pilot,Chinook,2024-08-06,08/06,0,0,64198,daily,PilotCounts.xlsx,AllChinook,AC72,2024,
2024,pilot,Chinook,2024-08-07,08/07,0,0,64198,daily,PilotCounts.xlsx,AllChinook,AC73,2024,
2024,pilot,Chinook,2024-08-08,08/08,0,0,64198,daily,PilotCounts.xlsx,AllChinook,AC74,2024,
2024,pilot,Chinook,2024-08-09,08/09,0,0,64198,daily,PilotCounts.xlsx,AllChinook,AC75,2024,
2024,pilot,Chinook,2024-08-10,08/10,0,0,64198,daily,PilotCounts.xlsx,AllChinook,AC76,2024,
2024,pilot,Chinook,2024-08-11,08/11,0,0,64198,daily,PilotCounts.xlsx,AllChinook,AC77,2024,
2024,pilot,Chinook,2024-08-12,08/12,0,0,64198,daily,PilotCounts.xlsx,AllChinook,AC78,2024,
2024,pilot,Chinook,2024-08-13,08/13,0,0,64198,daily,PilotCounts.xlsx,AllChinook,AC79,2024,
2024,pilot,Chinook,2024-08-14,08/14,0,0,64198,daily,PilotCounts.xlsx,AllChinook,AC80,2024,
2024,pilot,Chinook,2024-08-15,08/15,0,0,64198,daily,PilotCounts.xlsx,AllChinook,AC81,2024,
2024,pilot,Chinook,2024-08-16,08/16,0,0,64198,daily,PilotCounts.xlsx,AllChinook,AC82,2024,
2024,pilot,Chinook,2024-08-17,08/17,0,0,64198,daily,PilotCounts.xlsx,AllChinook,AC83,2024,
2024,pilot,Chinook,2024-08-18,08/18,0,0,64198,daily,PilotCounts.xlsx,AllChinook,AC84,2024,
2024,pilot,Chinook,2024-08-19,08/19,0,0,64198,daily,PilotCounts.xlsx,AllChinook,AC85,2024,
2024,pilot,Chinook,2024-08-20,08/20,0,0,64198,daily,PilotCounts.xlsx,AllChinook,AC86,2024,
2024,pilot,Chinook,2024-08-21,08/21,0,0,64198,daily,PilotCounts.xlsx,AllChinook,AC87,2024,
2024,pilot,Chinook,2024-08-22,08/22,0,0,64198,daily,PilotCounts.xlsx,AllChinook,AC88,2024,
2024,pilot,Chinook,2024-08-23,08/23,0,0,64198,daily,PilotCounts.xlsx,AllChinook,AC89,2024,
2024,pilot,Chinook,2024-08-24,08/24,0,0,64198,daily,PilotCounts.xlsx,AllChinook,AC90,2024,
2024,pilot,Chinook,2024-08-25,08/25,0,0,64198,daily,PilotCounts.xlsx,AllChinook,AC91,2024,
2024,pilot,Chinook,2024-08-26,08/26,0,0,64198,daily,PilotCounts.xlsx,AllChinook,AC92,2024,
2024,pilot,Chinook,2024-08-27,08/27,0,0,64198,daily,PilotCounts.xlsx,AllChinook,AC93,2024,
2024,pilot,Chinook,2024-08-28,08/28,0,0,64198,daily,PilotCounts.xlsx,AllChinook,AC94,2024,
2024,pilot,Chinook,2024-08-29,08/29,0,0,64198,daily,PilotCounts.xlsx,AllChinook,AC95,2024,
2024,pilot,Chinook,2024-08-30,08/30,0,0,64198,daily,PilotCounts.xlsx,AllChinook,AC96,2024,
2024,pilot,Chinook,2024-08-31,08/31,0,0,64198,daily,PilotCounts.xlsx,AllChinook,AC97,2024,
2024,pilot,Chinook,2024-09-01,09/01,0,0,64198,daily,PilotCounts.xlsx,AllChinook,AC98,2024,
2024,pilot,Chinook,2024-09-02,09/02,0,0,64198,daily,PilotCounts.xlsx,AllChinook,AC99,2024,
2024,pilot,Chinook,2024-09-03,09/03,0,0,64198,daily,PilotCounts.xlsx,AllChinook,AC100,2024,
2024,pilot,Chinook,2024-09-04,09/04,0,0,64198,daily,PilotCounts.xlsx,AllChinook,AC101,2024,
2024,pilot,Chinook,2024-09-05,09/05,0,0,64198,daily,PilotCounts.xlsx,AllChinook,AC102,2024,
2024,pilot,Chinook,2024-09-06,09/06,0,0,64198,daily,PilotCounts.xlsx,AllChinook,AC103,2024,
2024,pilot,Chinook,2024-09-07,09/07,0,0,64198,daily,PilotCounts.xlsx,AllChinook,AC104,2024,
2024,pilot,Chum,2024-06-05,06/05,0,0,0,daily,PilotCounts.xlsx,AllChum,AD10,2024,
2024,pilot,Chum,2024-06-06,06/06,275,275,275,daily,PilotCounts.xlsx,AllChum,AD11,2024,
2024,pilot,Chum,2024-06-07,06/07,672,672,947,daily,PilotCounts.xlsx,AllChum,AD12,2024,
2024,pilot,Chum,2024-06-08,06/08,309,309,1256,daily,PilotCounts.xlsx,AllChum,AD13,2024,
2024,pilot,Chum,2024-06-09,06/09,399,399,1655,daily,PilotCounts.xlsx,AllChum,AD14,2024,
2024,pilot,Chum,2024-06-10,06/10,468,468,2123,daily,PilotCounts.xlsx,AllChum,AD15,2024,
2024,pilot,Chum,2024-06-11,06/11,413,413,2536,daily,PilotCounts.xlsx,AllChum,AD16,2024,
2024,pilot,Chum,2024-06-12,06/12,1114,1114,3650,daily,PilotCounts.xlsx,AllChum,AD17,2024,
2024,pilot,Chum,2024-06-13,06/13,1189,1189,4839,daily,PilotCounts.xlsx,AllChum,AD18,2024,
2024,pilot,Chum,2024-06-14,06/14,2859,2859,7698,daily,PilotCounts.xlsx,AllChum,AD19,2024,
2024,pilot,Chum,2024-06-15,06/15,6083,6083,13781,daily,PilotCounts.xlsx,AllChum,AD20,2024,
2024,pilot,Chum,2024-06-16,06/16,5415,5415,19196,daily,PilotCounts.xlsx,AllChum,AD21,2024,
2024,pilot,Chum,2024-06-17,06/17,8095,8095,27291,daily,PilotCounts.xlsx,AllChum,AD22,2024,
2024,pilot,Chum,2024-06-18,06/18,11795,11795,39086,daily,PilotCounts.xlsx,AllChum,AD23,2024,
2024,pilot,Chum,2024-06-19,06/19,8854,8854,47940,daily,PilotCounts.xlsx,AllChum,AD24,2024,
2024,pilot,Chum,2024-06-20,06/20,12554,12554,60494,daily,PilotCounts.xlsx,AllChum,AD25,2024,
2024,pilot,Chum,2024-06-21,06/21,10043,10043,70537,daily,PilotCounts.xlsx,AllChum,AD26,2024,
2024,pilot,Chum,2024-06-22,06/22,10036,10036,80573,daily,PilotCounts.xlsx,AllChum,AD27,2024,
2024,pilot,Chum,2024-06-23,06/23,7101,7101,87674,daily,PilotCounts.xlsx,AllChum,AD28,2024,
2024,pilot,Chum,2024-06-24,06/24,19683,19683,107357,daily,PilotCounts.xlsx,AllChum,AD29,2024,
2024,pilot,Chum,2024-06-25,06/25,50863,50863,158220,daily,PilotCounts.xlsx,AllChum,AD30,2024,
2024,pilot,Chum,2024-06-26,06/26,42743,42743,200963,daily,PilotCounts.xlsx,AllChum,AD31,2024,
2024,pilot,Chum,2024-06-27,06/27,30436,30436,231399,daily,PilotCounts.xlsx,AllChum,AD32,2024,
2024,pilot,Chum,2024-06-28,06/28,11746,11746,243145,daily,PilotCounts.xlsx,AllChum,AD33,2024,
2024,pilot,Chum,2024-06-29,06/29,18158,18158,261303,daily,PilotCounts.xlsx,AllChum,AD34,2024,
2024,pilot,Chum,2024-06-30,06/30,43143,43143,304446,daily,PilotCounts.xlsx,AllChum,AD35,2024,
2024,pilot,Chum,2024-07-01,07/01,30234,30234,334680,daily,PilotCounts.xlsx,AllChum,AD36,2024,
2024,pilot,Chum,2024-07-02,07/02,54295,54295,388975,daily,PilotCounts.xlsx,AllChum,AD37,2024,
2024,pilot,Chum,2024-07-03,07/03,26294,26294,415269,daily,PilotCounts.xlsx,AllChum,AD38,2024,
2024,pilot,Chum,2024-07-04,07/04,13358,13358,428627,daily,PilotCounts.xlsx,AllChum,AD39,2024,
2024,pilot,Chum,2024-07-05,07/05,40071,40071,468698,daily,PilotCounts.xlsx,AllChum,AD40,2024,
2024,pilot,Chum,2024-07-06,07/06,88376,88376,557074,daily,PilotCounts.xlsx,AllChum,AD41,2024,
2024,pilot,Chum,2024-07-07,07/07,57837,57837,614911,daily,PilotCounts.xlsx,AllChum,AD42,2024,
2024,pilot,Chum,2024-07-08,07/08,34193,34193,649104,daily,PilotCounts.xlsx,AllChum,AD43,2024,
2024,pilot,Chum,2024-07-09,07/09,16702,16702,665806,daily,PilotCounts.xlsx,AllChum,AD44,2024,
2024,pilot,Chum,2024-07-10,07/10,19305,19305,685111,daily,PilotCounts.xlsx,AllChum,AD45,2024,
2024,pilot,Chum,2024-07-11,07/11,6772,6772,691883,daily,PilotCounts.xlsx,AllChum,AD46,2024,
2024,pilot,Chum,2024-07-12,07/12,10228,10228,702111,daily,PilotCounts.xlsx,AllChum,AD47,2024,
2024,pilot,Chum,2024-07-13,07/13,14783,14783,716894,daily,PilotCounts.xlsx,AllChum,AD48,2024,
2024,pilot,Chum,2024-07-14,07/14,7938,7938,724832,daily,PilotCounts.xlsx,AllChum,AD49,2024,
2024,pilot,Chum,2024-07-15,07/15,10849,10849,735681,daily,PilotCounts.xlsx,AllChum,AD50,2024,
2024,pilot,Chum,2024-07-16,07/16,7530,7530,743211,daily,PilotCounts.xlsx,AllChum,AD51,2024,
2024,pilot,Chum,2024-07-17,07/17,9052,9052,752263,daily,PilotCounts.xlsx,AllChum,AD52,2024,
2024,pilot,Chum,2024-07-18,07/18,5997,5997,758260,daily,PilotCounts.xlsx,AllChum,AD53,2024,
2024,pilot,Chum,2024-07-19,07/19,8339,8339,766599,daily,PilotCounts.xlsx,AllChum,AD54,2024,
2024,pilot,Chum,2024-07-20,07/20,5114,5114,771713,daily,PilotCounts.xlsx,AllChum,AD55,2024,
2024,pilot,Chum,2024-07-21,07/21,3230,3230,774943,daily,PilotCounts.xlsx,AllChum,AD56,2024,
2024,pilot,Chum,2024-07-22,07/22,4325,4325,779268,daily,PilotCounts.xlsx,AllChum,AD57,2024,
2024,pilot,Chum,2024-07-23,07/23,7877,7877,787145,daily,PilotCounts.xlsx,AllChum,AD58,2024,
2024,pilot,Chum,2024-07-24,07/24,6488,6488,793633,daily,PilotCounts.xlsx,AllChum,AD59,2024,
2024,pilot,Chum,2024-07-25,07/25,1066,1066,794699,daily,PilotCounts.xlsx,AllChum,AD60,2024,
2024,pilot,Chum,2024-07-26,07/26,624,624,795323,daily,PilotCounts.xlsx,AllChum,AD61,2024,
2024,pilot,Chum,2024-07-27,07/27,473,473,795796,daily,PilotCounts.xlsx,AllChum,AD62,2024,
2024,pilot,Chum,2024-07-28,07/28,432,432,796228,daily,PilotCounts.xlsx,AllChum,AD63,2024,
2024,pilot,Chum,2024-07-29,07/29,4182,4182,800410,daily,PilotCounts.xlsx,AllChum,AD64,2024,
2024,pilot,Chum,2024-07-30,07/30,4284,4284,804694,daily,PilotCounts.xlsx,AllChum,AD65,2024,
2024,pilot,Chum,2024-07-31,07/31,4209,4209,808903,daily,PilotCounts.xlsx,AllChum,AD66,2024,
2024,pilot,Chum,2024-08-01,08/01,4599,4599,813502,daily,PilotCounts.xlsx,AllChum,AD67,2024,
2024,pilot,Chum,2024-08-02,08/02,13594,13594,827096,daily,PilotCounts.xlsx,AllChum,AD68,2024,
2024,pilot,Chum,2024-08-03,08/03,10527,10527,837623,daily,PilotCounts.xlsx,AllChum,AD69,2024,
2024,pilot,Chum,2024-08-04,08/04,7982,7982,845605,daily,PilotCounts.xlsx,AllChum,AD70,2024,
2024,pilot,Chum,2024-08-05,08/05,4412,4412,850017,daily,PilotCounts.xlsx,AllChum,AD71,2024,
2024,pilot,Chum,2024-08-06,08/06,6000,6000,856017,daily,PilotCounts.xlsx,AllChum,AD72,2024,
2024,pilot,Chum,2024-08-07,08/07,8278,8278,864295,daily,PilotCounts.xlsx,AllChum,AD73,2024,
2024,pilot,Chum,2024-08-08,08/08,10667,10667,874962,daily,PilotCounts.xlsx,AllChum,AD74,2024,
2024,pilot,Chum,2024-08-09,08/09,3434,3434,878396,daily,PilotCounts.xlsx,AllChum,AD75,2024,
2024,pilot,Chum,2024-08-10,08/10,2176,2176,880572,daily,PilotCounts.xlsx,AllChum,AD76,2024,
2024,pilot,Chum,2024-08-11,08/11,1301,1301,881873,daily,PilotCounts.xlsx,AllChum,AD77,2024,
2024,pilot,Chum,2024-08-12,08/12,441,441,882314,daily,PilotCounts.xlsx,AllChum,AD78,2024,
2024,pilot,Chum,2024-08-13,08/13,621,621,882935,daily,PilotCounts.xlsx,AllChum,AD79,2024,
2024,pilot,Chum,2024-08-14,08/14,1202,1202,884137,daily,PilotCounts.xlsx,AllChum,AD80,2024,
2024,pilot,Chum,2024-08-15,08/15,2745,2745,886882,daily,PilotCounts.xlsx,AllChum,AD81,2024,
2024,pilot,Chum,2024-08-16,08/16,3762,3762,890644,daily,PilotCounts.xlsx,AllChum,AD82,2024,
2024,pilot,Chum,2024-08-17,08/17,10138,10138,900782,daily,PilotCounts.xlsx,AllChum,AD83,2024,
2024,pilot,Chum,2024-08-18,08/18,8094,8094,908876,daily,PilotCounts.xlsx,AllChum,AD84,2024,
2024,pilot,Chum,2024-08-19,08/19,5562,5562,914438,daily,PilotCounts.xlsx,AllChum,AD85,2024,
2024,pilot,Chum,2024-08-20,08/20,6146,6146,920584,daily,PilotCounts.xlsx,AllChum,AD86,2024,
2024,pilot,Chum,2024-08-21,08/21,5262,5262,925846,daily,PilotCounts.xlsx,AllChum,AD87,2024,
2024,pilot,Chum,2024-08-22,08/22,9007,9007,934853,daily,PilotCounts.xlsx,AllChum,AD88,2024,
2024,pilot,Chum,2024-08-23,08/23,12994,12994,947847,daily,PilotCounts.xlsx,AllChum,AD89,2024,
2024,pilot,Chum,2024-08-24,08/24,7415,7415,955262,daily,PilotCounts.xlsx,AllChum,AD90,2024,
2024,pilot,Chum,2024-08-25,08/25,12485,12485,967747,daily,PilotCounts.xlsx,AllChum,AD91,2024,
2024,pilot,Chum,2024-08-26,08/26,8514,8514,976261,daily,PilotCounts.xlsx,AllChum,AD92,2024,
2024,pilot,Chum,2024-08-27,08/27,5717,5717,981978,daily,PilotCounts.xlsx,AllChum,AD93,2024,
2024,pilot,Chum,2024-08-28,08/28,4541,4541,986519,daily,PilotCounts.xlsx,AllChum,AD94,2024,
2024,pilot,Chum,2024-08-29,08/29,1958,1958,988477,daily,PilotCounts.xlsx,AllChum,AD95,2024,
2024,pilot,Chum,2024-08-30,08/30,2354,2354,990831,daily,PilotCounts.xlsx,AllChum,AD96,2024,
2024,pilot,Chum,2024-08-31,08/31,634,634,991465,daily,PilotCounts.xlsx,AllChum,AD97,2024,
2024,pilot,Chum,2024-09-01,09/01,401,401,991866,daily,PilotCounts.xlsx,AllChum,AD98,2024,
2024,pilot,Chum,2024-09-02,09/02,1047,1047,992913,daily,PilotCounts.xlsx,AllChum,AD99,2024,
2024,pilot,Chum,2024-09-03,09/03,1675,1675,994588,daily,PilotCounts.xlsx,AllChum,AD100,2024,
2024,pilot,Chum,2024-09-04,09/04,4214,4214,998802,daily,PilotCounts.xlsx,AllChum,AD101,2024,
2024,pilot,Chum,2024-09-05,09/05,1670,1670,1000472,daily,PilotCounts.xlsx,AllChum,AD102,2024,
2024,pilot,Chum,2024-09-06,09/06,2052,2052,1002524,daily,PilotCounts.xlsx,AllChum,AD103,2024,
2024,pilot,Chum,2024-09-07,09/07,2400,2400,1004924,daily,PilotCounts.xlsx,AllChum,AD104,2024,
2024,pilot,Pink,2024-06-05,06/05,0,,0,cumulative,PilotCounts.xlsx,Pink,AD10,2024,
2024,pilot,Pink,2024-06-06,06/06,0,0,0,cumulative,PilotCounts.xlsx,Pink,AD11,2024,
2024,pilot,Pink,2024-06-07,06/07,0,0,0,cumulative,PilotCounts.xlsx,Pink,AD12,2024,
2024,pilot,Pink,2024-06-08,06/08,0,0,0,cumulative,PilotCounts.xlsx,Pink,AD13,2024,
2024,pilot,Pink,2024-06-09,06/09,0,0,0,cumulative,PilotCounts.xlsx,Pink,AD14,2024,
2024,pilot,Pink,2024-06-10,06/10,0,0,0,cumulative,PilotCounts.xlsx,Pink,AD15,2024,
2024,pilot,Pink,2024-06-11,06/11,0,0,0,cumulative,PilotCounts.xlsx,Pink,AD16,2024,
2024,pilot,Pink,2024-06-12,06/12,0,0,0,cumulative,PilotCounts.xlsx,Pink,AD17,2024,
2024,pilot,Pink,2024-06-13,06/13,0,0,0,cumulative,PilotCounts.xlsx,Pink,AD18,2024,
2024,pilot,Pink,2024-06-14,06/14,0,0,0,cumulative,PilotCounts.xlsx,Pink,AD19,2024,
2024,pilot,Pink,2024-06-15,06/15,0,0,0,cumulative,PilotCounts.xlsx,Pink,AD20,2024,
2024,pilot,Pink,2024-06-16,06/16,0,0,0,cumulative,PilotCounts.xlsx,Pink,AD21,2024,
2024,pilot,Pink,2024-06-17,06/17,0,0,0,cumulative,PilotCounts.xlsx,Pink,AD22,2024,
2024,pilot,Pink,2024-06-18,06/18,0,0,0,cumulative,PilotCounts.xlsx,Pink,AD23,2024,
2024,pilot,Pink,2024-06-19,06/19,0,0,0,cumulative,PilotCounts.xlsx,Pink,AD24,2024,
2024,pilot,Pink,2024-06-20,06/20,0,0,0,cumulative,PilotCounts.xlsx,Pink,AD25,2024,
2024,pilot,Pink,2024-06-21,06/21,0,0,0,cumulative,PilotCounts.xlsx,Pink,AD26,2024,
2024,pilot,Pink,2024-06-22,06/22,0,0,0,cumulative,PilotCounts.xlsx,Pink,AD27,2024,
2024,pilot,Pink,2024-06-23,06/23,0,0,0,cumulative,PilotCounts.xlsx,Pink,AD28,2024,
2024,pilot,Pink,2024-06-24,06/24,0,0,0,cumulative,PilotCounts.xlsx,Pink,AD29,2024,
2024,pilot,Pink,2024-06-25,06/25,226,226,226,cumulative,PilotCounts.xlsx,Pink,AD30,2024,
2024,pilot,Pink,2024-06-26,06/26,5602,5376,5602,cumulative,PilotCounts.xlsx,Pink,AD31,2024,
2024,pilot,Pink,2024-06-27,06/27,5859,257,5859,cumulative,PilotCounts.xlsx,Pink,AD32,2024,
2024,pilot,Pink,2024-06-28,06/28,11191,5332,11191,cumulative,PilotCounts.xlsx,Pink,AD33,2024,
2024,pilot,Pink,2024-06-29,06/29,12244,1053,12244,cumulative,PilotCounts.xlsx,Pink,AD34,2024,
2024,pilot,Pink,2024-06-30,06/30,14194,1950,14194,cumulative,PilotCounts.xlsx,Pink,AD35,2024,
2024,pilot,Pink,2024-07-01,07/01,14559,365,14559,cumulative,PilotCounts.xlsx,Pink,AD36,2024,
2024,pilot,Pink,2024-07-02,07/02,16331,1772,16331,cumulative,PilotCounts.xlsx,Pink,AD37,2024,
2024,pilot,Pink,2024-07-03,07/03,16957,626,16957,cumulative,PilotCounts.xlsx,Pink,AD38,2024,
2024,pilot,Pink,2024-07-04,07/04,19864,2907,19864,cumulative,PilotCounts.xlsx,Pink,AD39,2024,
2024,pilot,Pink,2024-07-05,07/05,21944,2080,21944,cumulative,PilotCounts.xlsx,Pink,AD40,2024,
2024,pilot,Pink,2024-07-06,07/06,23308,1364,23308,cumulative,PilotCounts.xlsx,Pink,AD41,2024,
2024,pilot,Pink,2024-07-07,07/07,26237,2929,26237,cumulative,PilotCounts.xlsx,Pink,AD42,2024,
2024,pilot,Pink,2024-07-08,07/08,29600,3363,29600,cumulative,PilotCounts.xlsx,Pink,AD43,2024,
2024,pilot,Pink,2024-07-09,07/09,33354,3754,33354,cumulative,PilotCounts.xlsx,Pink,AD44,2024,
2024,pilot,Pink,2024-07-10,07/10,37852,4498,37852,cumulative,PilotCounts.xlsx,Pink,AD45,2024,
2024,pilot,Pink,2024-07-11,07/11,45636,7784,45636,cumulative,PilotCounts.xlsx,Pink,AD46,2024,
2024,pilot,Pink,2024-07-12,07/12,54325,8689,54325,cumulative,PilotCounts.xlsx,Pink,AD47,2024,
2024,pilot,Pink,2024-07-13,07/13,58085,3760,58085,cumulative,PilotCounts.xlsx,Pink,AD48,2024,
2024,pilot,Pink,2024-07-14,07/14,65592,7507,65592,cumulative,PilotCounts.xlsx,Pink,AD49,2024,
2024,pilot,Pink,2024-07-15,07/15,67680,2088,67680,cumulative,PilotCounts.xlsx,Pink,AD50,2024,
2024,pilot,Pink,2024-07-16,07/16,68587,907,68587,cumulative,PilotCounts.xlsx,Pink,AD51,2024,
2024,pilot,Pink,2024-07-17,07/17,72943,4356,72943,cumulative,PilotCounts.xlsx,Pink,AD52,2024,
2024,pilot,Pink,2024-07-18,07/18,80878,7935,80878,cumulative,PilotCounts.xlsx,Pink,AD53,2024,
2024,pilot,Pink,2024-07-19,07/19,81971,1093,81971,cumulative,PilotCounts.xlsx,Pink,AD54,2024,
2024,pilot,Pink,2024-07-20,07/20,84403,2432,84403,cumulative,PilotCounts.xlsx,Pink,AD55,2024,
2024,pilot,Pink,2024-07-21,07/21,87585,3182,87585,cumulative,PilotCounts.xlsx,Pink,AD56,2024,
2024,pilot,Pink,2024-07-22,07/22,93165,5580,93165,cumulative,PilotCounts.xlsx,Pink,AD57,2024,
2024,pilot,Pink,2024-07-23,07/23,94818,1653,94818,cumulative,PilotCounts.xlsx,Pink,AD58,2024,
2024,pilot,Pink,2024-07-24,07/24,98853,4035,98853,cumulative,PilotCounts.xlsx,Pink,AD59,2024,
2024,pilot,Pink,2024-07-25,07/25,102572,3719,102572,cumulative,PilotCounts.xlsx,Pink,AD60,2024,
2024,pilot,Pink,2024-07-26,07/26,106542,3970,106542,cumulative,PilotCounts.xlsx,Pink,AD61,2024,
2024,pilot,Pink,2024-07-27,07/27,112642,6100,112642,cumulative,PilotCounts.xlsx,Pink,AD62,2024,
2024,pilot,Pink,2024-07-28,07/28,115811,3169,115811,cumulative,PilotCounts.xlsx,Pink,AD63,2024,
2024,pilot,Pink,2024-07-29,07/29,116154,343,116154,cumulative,PilotCounts.xlsx,Pink,AD64,2024,
2024,pilot,Pink,2024-07-30,07/30,119948,3794,119948,cumulative,PilotCounts.xlsx,Pink,AD65,2024,
2024,pilot,Pink,2024-07-31,07/31,122492,2544,122492,cumulative,PilotCounts.xlsx,Pink,AD66,2024,
2024,pilot,Pink,2024-08-01,08/01,123612,1120,123612,cumulative,PilotCounts.xlsx,Pink,AD67,2024,
2024,pilot,Pink,2024-08-02,08/02,123941,329,123941,cumulative,PilotCounts.xlsx,Pink,AD68,2024,
2024,pilot,Pink,2024-08-03,08/03,124281,340,124281,cumulative,PilotCounts.xlsx,Pink,AD69,2024,
2024,pilot,Pink,2024-08-04,08/04,124602,321,124602,cumulative,PilotCounts.xlsx,Pink,AD70,2024,
2024,pilot,Pink,2024-08-05,08/05,124833,231,124833,cumulative,PilotCounts.xlsx,Pink,AD71,2024,
2024,pilot,Pink,2024-08-06,08/06,125041,208,125041,cumulative,PilotCounts.xlsx,Pink,AD72,2024,
2024,pilot,Pink,2024-08-07,08/07,125041,0,125041,cumulative,PilotCounts.xlsx,Pink,AD73,2024,
2024,pilot,Pink,2024-08-08,08/08,125520,479,125520,cumulative,PilotCounts.xlsx,Pink,AD74,2024,
2024,pilot,Pink,2024-08-09,08/09,126207,687,126207,cumulative,PilotCounts.xlsx,Pink,AD75,2024,
2024,pilot,Pink,2024-08-10,08/10,126207,0,126207,cumulative,PilotCounts.xlsx,Pink,AD76,2024,
2024,pilot,Pink,2024-08-11,08/11,126397,190,126397,cumulative,PilotCounts.xlsx,Pink,AD77,2024,
2024,pilot,Pink,2024-08-12,08/12,126514,117,126514,cumulative,PilotCounts.xlsx,Pink,AD78,2024,
2024,pilot,Pink,2024-08-13,08/13,126567,53,126567,cumulative,PilotCounts.xlsx,Pink,AD79,2024,
2024,pilot,Pink,2024-08-14,08/14,126782,215,126782,cumulative,PilotCounts.xlsx,Pink,AD80,2024,
2024,pilot,Pink,2024-08-15,08/15,127023,241,127023,cumulative,PilotCounts.xlsx,Pink,AD81,2024,
2024,pilot,Pink,2024-08-16,08/16,127143,120,127143,cumulative,PilotCounts.xlsx,Pink,AD82,2024,
2024,pilot,Pink,2024-08-17,08/17,127282,139,127282,cumulative,PilotCounts.xlsx,Pink,AD83,2024,
2024,pilot,Pink,2024-08-18,08/18,127372,90,127372,cumulative,PilotCounts.xlsx,Pink,AD84,2024,
2024,pilot,Pink,2024-08-19,08/19,127372,0,127372,cumulative,PilotCounts.xlsx,Pink,AD85,2024,
2024,pilot,Pink,2024-08-20,08/20,127372,0,127372,cumulative,PilotCounts.xlsx,Pink,AD86,2024,
2024,pilot,Pink,2024-08-21,08/21,127372,0,127372,cumulative,PilotCounts.xlsx,Pink,AD87,2024,
2024,pilot,Pink,2024-08-22,08/22,127372,0,127372,cumulative,PilotCounts.xlsx,Pink,AD88,2024,
2024,pilot,Pink,2024-08-23,08/23,127372,0,127372,cumulative,PilotCounts.xlsx,Pink,AD89,2024,
2024,pilot,Pink,2024-08-24,08/24,127372,0,127372,cumulative,PilotCounts.xlsx,Pink,AD90,2024,
2024,pilot,Pink,2024-08-25,08/25,127372,0,127372,cumulative,PilotCounts.xlsx,Pink,AD91,2024,
2024,pilot,Pink,2024-08-26,08/26,127372,0,127372,cumulative,PilotCounts.xlsx,Pink,AD92,2024,
2024,pilot,Pink,2024-08-27,08/27,127372,0,127372,cumulative,PilotCounts.xlsx,Pink,AD93,2024,
2024,pilot,Pink,2024-08-28,08/28,127372,0,127372,cumulative,PilotCounts.xlsx,Pink,AD94,2024,
2024,pilot,Pink,2024-08-29,08/29,127372,0,127372,cumulative,PilotCounts.xlsx,Pink,AD95,2024,
2024,pilot,Pink,2024-08-30,08/30,127372,0,127372,cumulative,PilotCounts.xlsx,Pink,AD96,2024,
2024,pilot,Pink,2024-08-31,08/31,127372,0,127372,cumulative,PilotCounts.xlsx,Pink,AD97,2024,
2024,pilot,Pink,2024-09-01,09/01,127372,0,127372,cumulative,PilotCounts.xlsx,Pink,AD98,2024,
2024,pilot,Pink,2024-09-02,09/02,127372,0,127372,cumulative,PilotCounts.xlsx,Pink,AD99,2024,
2024,pilot,Pink,2024-09-03,09/03,127372,0,127372,cumulative,PilotCounts.xlsx,Pink,AD100,2024,
2024,pilot,Pink,2024-09-04,09/04,127372,0,127372,cumulative,PilotCounts.xlsx,Pink,AD101,2024,
2024,pilot,Pink,2024-09-05,09/05,127372,0,127372,cumulative,PilotCounts.xlsx,Pink,AD102,2024,
2024,pilot,Pink,2024-09-06,09/06,127372,0,127372,cumulative,PilotCounts.xlsx,Pink,AD103,2024,
2024,pilot,Pink,2024-09-07,09/07,127372,0,127372,cumulative,PilotCounts.xlsx,Pink,AD104,2024,
2024,pilot,Pink,2024-09-08,09/08,127372,0,127372,cumulative,PilotCounts.xlsx,Pink,AD105,2024,
2025,Anvik,Pink,2025-06-16,06/16,0,,0,cumulative,Anvik_PinkCounts.xlsx,Sheet1,BA4,2025,
2025,Anvik,Pink,2025-06-17,06/17,0,0,0,cumulative,Anvik_PinkCounts.xlsx,Sheet1,BA5,2025,
2025,Anvik,Pink,2025-06-18,06/18,0,0,0,cumulative,Anvik_PinkCounts.xlsx,Sheet1,BA6,2025,
2025,Anvik,Pink,2025-06-19,06/19,0,0,0,cumulative,Anvik_PinkCounts.xlsx,Sheet1,BA7,2025,
2025,Anvik,Pink,2025-06-20,06/20,0,0,0,cumulative,Anvik_PinkCounts.xlsx,Sheet1,BA8,2025,
2025,Anvik,Pink,2025-06-21,06/21,0,0,0,cumulative,Anvik_PinkCounts.xlsx,Sheet1,BA9,2025,
2025,Anvik,Pink,2025-06-22,06/22,0,0,0,cumulative,Anvik_PinkCounts.xlsx,Sheet1,BA10,2025,
2025,Anvik,Pink,2025-06-23,06/23,0,0,0,cumulative,Anvik_PinkCounts.xlsx,Sheet1,BA11,2025,
2025,Anvik,Pink,2025-06-24,06/24,0,0,0,cumulative,Anvik_PinkCounts.xlsx,Sheet1,BA12,2025,
2025,Anvik,Pink,2025-06-25,06/25,0,0,0,cumulative,Anvik_PinkCounts.xlsx,Sheet1,BA13,2025,
2025,Anvik,Pink,2025-06-26,06/26,0,0,0,cumulative,Anvik_PinkCounts.xlsx,Sheet1,BA14,2025,
2025,Anvik,Pink,2025-06-27,06/27,0,0,0,cumulative,Anvik_PinkCounts.xlsx,Sheet1,BA15,2025,
2025,Anvik,Pink,2025-06-28,06/28,0,0,0,cumulative,Anvik_PinkCounts.xlsx,Sheet1,BA16,2025,
2025,Anvik,Pink,2025-06-29,06/29,0,0,0,cumulative,Anvik_PinkCounts.xlsx,Sheet1,BA17,2025,
2025,Anvik,Pink,2025-06-30,06/30,0,0,0,cumulative,Anvik_PinkCounts.xlsx,Sheet1,BA18,2025,
2025,Anvik,Pink,2025-07-01,07/01,0,0,0,cumulative,Anvik_PinkCounts.xlsx,Sheet1,BA19,2025,
2025,Anvik,Pink,2025-07-02,07/02,0,0,0,cumulative,Anvik_PinkCounts.xlsx,Sheet1,BA20,2025,
2025,Anvik,Pink,2025-07-03,07/03,0,0,0,cumulative,Anvik_PinkCounts.xlsx,Sheet1,BA21,2025,
2025,Anvik,Pink,2025-07-04,07/04,0,0,0,cumulative,Anvik_PinkCounts.xlsx,Sheet1,BA22,2025,
2025,Anvik,Pink,2025-07-05,07/05,0,0,0,cumulative,Anvik_PinkCounts.xlsx,Sheet1,BA23,2025,
2025,Anvik,Pink,2025-07-06,07/06,0,0,0,cumulative,Anvik_PinkCounts.xlsx,Sheet1,BA24,2025,
2025,Anvik,Pink,2025-07-07,07/07,0,0,0,cumulative,Anvik_PinkCounts.xlsx,Sheet1,BA25,2025,
2025,Anvik,Pink,2025-07-08,07/08,0,0,0,cumulative,Anvik_PinkCounts.xlsx,Sheet1,BA26,2025,
2025,Anvik,Pink,2025-07-09,07/09,32,32,32,cumulative,Anvik_PinkCounts.xlsx,Sheet1,BA27,2025,
2025,Anvik,Pink,2025-07-10,07/10,32,0,32,cumulative,Anvik_PinkCounts.xlsx,Sheet1,BA28,2025,
2025,Anvik,Pink,2025-07-11,07/11,32,0,32,cumulative,Anvik_PinkCounts.xlsx,Sheet1,BA29,2025,
2025,Anvik,Pink,2025-07-12,07/12,32,0,32,cumulative,Anvik_PinkCounts.xlsx,Sheet1,BA30,2025,
2025,Anvik,Pink,2025-07-13,07/13,32,0,32,cumulative,Anvik_PinkCounts.xlsx,Sheet1,BA31,2025,
2025,Anvik,Pink,2025-07-14,07/14,32,0,32,cumulative,Anvik_PinkCounts.xlsx,Sheet1,BA32,2025,
2025,Anvik,Pink,2025-07-15,07/15,32,0,32,cumulative,Anvik_PinkCounts.xlsx,Sheet1,BA33,2025,
2025,Anvik,Pink,2025-07-16,07/16,32,0,32,cumulative,Anvik_PinkCounts.xlsx,Sheet1,BA34,2025,
2025,Anvik,Pink,2025-07-17,07/17,32,0,32,cumulative,Anvik_PinkCounts.xlsx,Sheet1,BA35,2025,
2025,Anvik,Pink,2025-07-18,07/18,32,0,32,cumulative,Anvik_PinkCounts.xlsx,Sheet1,BA36,2025,
2025,Anvik,Pink,2025-07-19,07/19,32,0,32,cumulative,Anvik_PinkCounts.xlsx,Sheet1,BA37,2025,
2025,Anvik,Pink,2025-07-20,07/20,32,0,32,cumulative,Anvik_PinkCounts.xlsx,Sheet1,BA38,2025,
2025,Anvik,Pink,2025-07-21,07/21,32,0,32,cumulative,Anvik_PinkCounts.xlsx,Sheet1,BA39,2025,
2025,Anvik,Pink,2025-07-22,07/22,32,0,32,cumulative,Anvik_PinkCounts.xlsx,Sheet1,BA40,2025,
2025,Anvik,Pink,2025-07-23,07/23,32,0,32,cumulative,Anvik_PinkCounts.xlsx,Sheet1,BA41,2025,
2025,Anvik,Pink,2025-07-24,07/24,32,0,32,cumulative,Anvik_PinkCounts.xlsx,Sheet1,BA42,2025,
2025,Anvik,Pink,2025-07-25,07/25,32,0,32,cumulative,Anvik_PinkCounts.xlsx,Sheet1,BA43,2025,
2025,Anvik,Pink,2025-07-26,07/26,32,0,32,cumulative,Anvik_PinkCounts.xlsx,Sheet1,BA44,2025,
2025,Anvik,Pink,2025-07-27,07/27,32,0,32,cumulative,Anvik_PinkCounts.xlsx,Sheet1,BA45,2025,
2025,pilot,Chinook,2025-06-04,06/04,149,149,149,daily,PilotCounts.xlsx,AllChinook,AD9,2025,
2025,pilot,Chinook,2025-06-05,06/05,128,128,277,daily,PilotCounts.xlsx,AllChinook,AD10,2025,
2025,pilot,Chinook,2025-06-06,06/06,129,129,406,daily,PilotCounts.xlsx,AllChinook,AD11,2025,
2025,pilot,Chinook,2025-06-07,06/07,162,162,568,daily,PilotCounts.xlsx,AllChinook,AD12,2025,
2025,pilot,Chinook,2025-06-08,06/08,133,133,701,daily,PilotCounts.xlsx,AllChinook,AD13,2025,
2025,pilot,Chinook,2025-06-09,06/09,129,129,830,daily,PilotCounts.xlsx,AllChinook,AD14,2025,
2025,pilot,Chinook,2025-06-10,06/10,1186,1186,2016,daily,PilotCounts.xlsx,AllChinook,AD15,2025,
2025,pilot,Chinook,2025-06-11,06/11,437,437,2453,daily,PilotCounts.xlsx,AllChinook,AD16,2025,
2025,pilot,Chinook,2025-06-12,06/12,755,755,3208,daily,PilotCounts.xlsx,AllChinook,AD17,2025,
2025,pilot,Chinook,2025-06-13,06/13,733,733,3941,daily,PilotCounts.xlsx,AllChinook,AD18,2025,
2025,pilot,Chinook,2025-06-14,06/14,1856,1856,5797,daily,PilotCounts.xlsx,AllChinook,AD19,2025,
2025,pilot,Chinook,2025-06-15,06/15,1571,1571,7368,daily,PilotCounts.xlsx,AllChinook,AD20,2025,
2025,pilot,Chinook,2025-06-16,06/16,1060,1060,8428,daily,PilotCounts.xlsx,AllChinook,AD21,2025,
2025,pilot,Chinook,2025-06-17,06/17,1326,1326,9754,daily,PilotCounts.xlsx,AllChinook,AD22,2025,
2025,pilot,Chinook,2025-06-18,06/18,1892,1892,11646,daily,PilotCounts.xlsx,AllChinook,AD23,2025,
2025,pilot,Chinook,2025-06-19,06/19,645,645,12291,daily,PilotCounts.xlsx,AllChinook,AD24,2025,
2025,pilot,Chinook,2025-06-20,06/20,2101,2101,14392,daily,PilotCounts.xlsx,AllChinook,AD25,2025,
2025,pilot,Chinook,2025-06-21,06/21,3025,3025,17417,daily,PilotCounts.xlsx,AllChinook,AD26,2025,
2025,pilot,Chinook,2025-06-22,06/22,1661,1661,19078,daily,PilotCounts.xlsx,AllChinook,AD27,2025,
2025,pilot,Chinook,2025-06-23,06/23,1364,1364,20442,daily,PilotCounts.xlsx,AllChinook,AD28,2025,
2025,pilot,Chinook,2025-06-24,06/24,30,30,20472,daily,PilotCounts.xlsx,AllChinook,AD29,2025,
2025,pilot,Chinook,2025-06-25,06/25,1417,1417,21889,daily,PilotCounts.xlsx,AllChinook,AD30,2025,
2025,pilot,Chinook,2025-06-26,06/26,1621,1621,23510,daily,PilotCounts.xlsx,AllChinook,AD31,2025,
2025,pilot,Chinook,2025-06-27,06/27,1307,1307,24817,daily,PilotCounts.xlsx,AllChinook,AD32,2025,
2025,pilot,Chinook,2025-06-28,06/28,932,932,25749,daily,PilotCounts.xlsx,AllChinook,AD33,2025,
2025,pilot,Chinook,2025-06-29,06/29,1845,1845,27594,daily,PilotCounts.xlsx,AllChinook,AD34,2025,
2025,pilot,Chinook,2025-06-30,06/30,3599,3599,31193,daily,PilotCounts.xlsx,AllChinook,AD35,2025,
2025,pilot,Chinook,2025-07-01,07/01,6568,6568,37761,daily,PilotCounts.xlsx,AllChinook,AD36,2025,
2025,pilot,Chinook,2025-07-02,07/02,3080,3080,40841,daily,PilotCounts.xlsx,AllChinook,AD37,2025,
2025,pilot,Chinook,2025-07-03,07/03,2915,2915,43756,daily,PilotCounts.xlsx,AllChinook,AD38,2025,
2025,pilot,Chinook,2025-07-04,07/04,1801,1801,45557,daily,PilotCounts.xlsx,AllChinook,AD39,2025,
2025,pilot,Chinook,2025-07-05,07/05,1728,1728,47285,daily,PilotCounts.xlsx,AllChinook,AD40,2025,
2025,pilot,Chinook,2025-07-06,07/06,775,775,48060,daily,PilotCounts.xlsx,AllChinook,AD41,2025,
2025,pilot,Chinook,2025-07-07,07/07,717,717,48777,daily,PilotCounts.xlsx,AllChinook,AD42,2025,
2025,pilot,Chinook,2025-07-08,07/08,867,867,49644,daily,PilotCounts.xlsx,AllChinook,AD43,2025,
2025,pilot,Chinook,2025-07-09,07/09,1320,1320,50964,daily,PilotCounts.xlsx,AllChinook,AD44,2025,
2025,pilot,Chinook,2025-07-10,07/10,1112,1112,52076,daily,PilotCounts.xlsx,AllChinook,AD45,2025,
2025,pilot,Chinook,2025-07-11,07/11,1394,1394,53470,daily,PilotCounts.xlsx,AllChinook,AD46,2025,
2025,pilot,Chinook,2025-07-12,07/12,1450,1450,54920,daily,PilotCounts.xlsx,AllChinook,AD47,2025,
2025,pilot,Chinook,2025-07-13,07/13,1413,1413,56333,daily,PilotCounts.xlsx,AllChinook,AD48,2025,
2025,pilot,Chinook,2025-07-14,07/14,727,727,57060,daily,PilotCounts.xlsx,AllChinook,AD49,2025,
2025,pilot,Chinook,2025-07-15,07/15,947,947,58007,daily,PilotCounts.xlsx,AllChinook,AD50,2025,
2025,pilot,Chinook,2025-07-16,07/16,273,273,58280,daily,PilotCounts.xlsx,AllChinook,AD51,2025,
2025,pilot,Chinook,2025-07-17,07/17,53,53,58333,daily,PilotCounts.xlsx,AllChinook,AD52,2025,
2025,pilot,Chinook,2025-07-18,07/18,688,688,59021,daily,PilotCounts.xlsx,AllChinook,AD53,2025,
2025,pilot,Chinook,2025-07-19,07/19,0,0,59021,daily,PilotCounts.xlsx,AllChinook,AD54,2025,
2025,pilot,Chinook,2025-07-20,07/20,536,536,59557,daily,PilotCounts.xlsx,AllChinook,AD55,2025,
2025,pilot,Chinook,2025-07-21,07/21,28,28,59585,daily,PilotCounts.xlsx,AllChinook,AD56,2025,
2025,pilot,Chinook,2025-07-22,07/22,104,104,59689,daily,PilotCounts.xlsx,AllChinook,AD57,2025,
2025,pilot,Chinook,2025-07-23,07/23,5,5,59694,daily,PilotCounts.xlsx,AllChinook,AD58,2025,
2025,pilot,Chinook,2025-07-24,07/24,106,106,59800,daily,PilotCounts.xlsx,AllChinook,AD59,2025,
2025,pilot,Chinook,2025-07-25,07/25,0,0,59800,daily,PilotCounts.xlsx,AllChinook,AD60,2025,
2025,pilot,Chinook,2025-07-26,07/26,36,36,59836,daily,PilotCounts.xlsx,AllChinook,AD61,2025,
2025,pilot,Chinook,2025-07-27,07/27,28,28,59864,daily,PilotCounts.xlsx,AllChinook,AD62,2025,
2025,pilot,Chinook,2025-07-28,07/28,425,425,60289,daily,PilotCounts.xlsx,AllChinook,AD63,2025,
2025,pilot,Chinook,2025-07-29,07/29,0,0,60289,daily,PilotCounts.xlsx,AllChinook,AD64,2025,
2025,pilot,Chinook,2025-07-30,07/30,0,0,60289,daily,PilotCounts.xlsx,AllChinook,AD65,2025,
2025,pilot,Chinook,2025-07-31,07/31,0,0,60289,daily,PilotCounts.xlsx,AllChinook,AD66,2025,
2025,pilot,Chinook,2025-08-01,08/01,0,0,60289,daily,PilotCounts.xlsx,AllChinook,AD67,2025,
2025,pilot,Chinook,2025-08-02,08/02,0,0,60289,daily,PilotCounts.xlsx,AllChinook,AD68,2025,
2025,pilot,Chinook,2025-08-03,08/03,0,0,60289,daily,PilotCounts.xlsx,AllChinook,AD69,2025,
2025,pilot,Chinook,2025-08-04,08/04,0,0,60289,daily,PilotCounts.xlsx,AllChinook,AD70,2025,
2025,pilot,Chinook,2025-08-05,08/05,0,0,60289,daily,PilotCounts.xlsx,AllChinook,AD71,2025,
2025,pilot,Chinook,2025-08-06,08/06,0,0,60289,daily,PilotCounts.xlsx,AllChinook,AD72,2025,
2025,pilot,Chinook,2025-08-07,08/07,118,118,60407,daily,PilotCounts.xlsx,AllChinook,AD73,2025,
2025,pilot,Chinook,2025-08-08,08/08,0,0,60407,daily,PilotCounts.xlsx,AllChinook,AD74,2025,
2025,pilot,Chinook,2025-08-09,08/09,0,0,60407,daily,PilotCounts.xlsx,AllChinook,AD75,2025,
2025,pilot,Chinook,2025-08-10,08/10,0,0,60407,daily,PilotCounts.xlsx,AllChinook,AD76,2025,
2025,pilot,Chinook,2025-08-11,08/11,0,0,60407,daily,PilotCounts.xlsx,AllChinook,AD77,2025,
2025,pilot,Chinook,2025-08-12,08/12,0,0,60407,daily,PilotCounts.xlsx,AllChinook,AD78,2025,
2025,pilot,Chinook,2025-08-13,08/13,0,0,60407,daily,PilotCounts.xlsx,AllChinook,AD79,2025,
2025,pilot,Chinook,2025-08-14,08/14,0,0,60407,daily,PilotCounts.xlsx,AllChinook,AD80,2025,
2025,pilot,Chinook,2025-08-15,08/15,0,0,60407,daily,PilotCounts.xlsx,AllChinook,AD81,2025,
2025,pilot,Chinook,2025-08-16,08/16,0,0,60407,daily,PilotCounts.xlsx,AllChinook,AD82,2025,
2025,pilot,Chinook,2025-08-17,08/17,0,0,60407,daily,PilotCounts.xlsx,AllChinook,AD83,2025,
2025,pilot,Chinook,2025-08-18,08/18,0,0,60407,daily,PilotCounts.xlsx,AllChinook,AD84,2025,
2025,pilot,Chinook,2025-08-19,08/19,0,0,60407,daily,PilotCounts.xlsx,AllChinook,AD85,2025,
2025,pilot,Chinook,2025-08-20,08/20,0,0,60407,daily,PilotCounts.xlsx,AllChinook,AD86,2025,
2025,pilot,Chinook,2025-08-21,08/21,0,0,60407,daily,PilotCounts.xlsx,AllChinook,AD87,2025,
2025,pilot,Chinook,2025-08-22,08/22,0,0,60407,daily,PilotCounts.xlsx,AllChinook,AD88,2025,
2025,pilot,Chinook,2025-08-23,08/23,0,0,60407,daily,PilotCounts.xlsx,AllChinook,AD89,2025,
2025,pilot,Chinook,2025-08-24,08/24,0,0,60407,daily,PilotCounts.xlsx,AllChinook,AD90,2025,
2025,pilot,Chinook,2025-08-25,08/25,0,0,60407,daily,PilotCounts.xlsx,AllChinook,AD91,2025,
2025,pilot,Chinook,2025-08-26,08/26,0,0,60407,daily,PilotCounts.xlsx,AllChinook,AD92,2025,
2025,pilot,Chinook,2025-08-27,08/27,0,0,60407,daily,PilotCounts.xlsx,AllChinook,AD93,2025,
2025,pilot,Chinook,2025-08-28,08/28,0,0,60407,daily,PilotCounts.xlsx,AllChinook,AD94,2025,
2025,pilot,Chinook,2025-08-29,08/29,0,0,60407,daily,PilotCounts.xlsx,AllChinook,AD95,2025,
2025,pilot,Chinook,2025-08-30,08/30,0,0,60407,daily,PilotCounts.xlsx,AllChinook,AD96,2025,
2025,pilot,Chinook,2025-08-31,08/31,0,0,60407,daily,PilotCounts.xlsx,AllChinook,AD97,2025,
2025,pilot,Chinook,2025-09-01,09/01,0,0,60407,daily,PilotCounts.xlsx,AllChinook,AD98,2025,
2025,pilot,Chinook,2025-09-02,09/02,0,0,60407,daily,PilotCounts.xlsx,AllChinook,AD99,2025,
2025,pilot,Chinook,2025-09-03,09/03,0,0,60407,daily,PilotCounts.xlsx,AllChinook,AD100,2025,
2025,pilot,Chinook,2025-09-04,09/04,0,0,60407,daily,PilotCounts.xlsx,AllChinook,AD101,2025,
2025,pilot,Chinook,2025-09-05,09/05,0,0,60407,daily,PilotCounts.xlsx,AllChinook,AD102,2025,
2025,pilot,Chinook,2025-09-06,09/06,0,0,60407,daily,PilotCounts.xlsx,AllChinook,AD103,2025,
2025,pilot,Chum,2025-06-04,06/04,25,25,25,daily,PilotCounts.xlsx,AllChum,AE9,2025,
2025,pilot,Chum,2025-06-05,06/05,6,6,31,daily,PilotCounts.xlsx,AllChum,AE10,2025,
2025,pilot,Chum,2025-06-06,06/06,2,2,33,daily,PilotCounts.xlsx,AllChum,AE11,2025,
2025,pilot,Chum,2025-06-07,06/07,3,3,36,daily,PilotCounts.xlsx,AllChum,AE12,2025,
2025,pilot,Chum,2025-06-08,06/08,514,514,550,daily,PilotCounts.xlsx,AllChum,AE13,2025,
2025,pilot,Chum,2025-06-09,06/09,386,386,936,daily,PilotCounts.xlsx,AllChum,AE14,2025,
2025,pilot,Chum,2025-06-10,06/10,1199,1199,2135,daily,PilotCounts.xlsx,AllChum,AE15,2025,
2025,pilot,Chum,2025-06-11,06/11,1064,1064,3199,daily,PilotCounts.xlsx,AllChum,AE16,2025,
2025,pilot,Chum,2025-06-12,06/12,1776,1776,4975,daily,PilotCounts.xlsx,AllChum,AE17,2025,
2025,pilot,Chum,2025-06-13,06/13,1801,1801,6776,daily,PilotCounts.xlsx,AllChum,AE18,2025,
2025,pilot,Chum,2025-06-14,06/14,2213,2213,8989,daily,PilotCounts.xlsx,AllChum,AE19,2025,
2025,pilot,Chum,2025-06-15,06/15,6533,6533,15522,daily,PilotCounts.xlsx,AllChum,AE20,2025,
2025,pilot,Chum,2025-06-16,06/16,5330,5330,20852,daily,PilotCounts.xlsx,AllChum,AE21,2025,
2025,pilot,Chum,2025-06-17,06/17,7531,7531,28383,daily,PilotCounts.xlsx,AllChum,AE22,2025,
2025,pilot,Chum,2025-06-18,06/18,11041,11041,39424,daily,PilotCounts.xlsx,AllChum,AE23,2025,
2025,pilot,Chum,2025-06-19,06/19,11829,11829,51253,daily,PilotCounts.xlsx,AllChum,AE24,2025,
2025,pilot,Chum,2025-06-20,06/20,6328,6328,57581,daily,PilotCounts.xlsx,AllChum,AE25,2025,
2025,pilot,Chum,2025-06-21,06/21,4500,4500,62081,daily,PilotCounts.xlsx,AllChum,AE26,2025,
2025,pilot,Chum,2025-06-22,06/22,3912,3912,65993,daily,PilotCounts.xlsx,AllChum,AE27,2025,
2025,pilot,Chum,2025-06-23,06/23,4260,4260,70253,daily,PilotCounts.xlsx,AllChum,AE28,2025,
2025,pilot,Chum,2025-06-24,06/24,4253,4253,74506,daily,PilotCounts.xlsx,AllChum,AE29,2025,
2025,pilot,Chum,2025-06-25,06/25,3770,3770,78276,daily,PilotCounts.xlsx,AllChum,AE30,2025,
2025,pilot,Chum,2025-06-26,06/26,4762,4762,83038,daily,PilotCounts.xlsx,AllChum,AE31,2025,
2025,pilot,Chum,2025-06-27,06/27,3654,3654,86692,daily,PilotCounts.xlsx,AllChum,AE32,2025,
2025,pilot,Chum,2025-06-28,06/28,10063,10063,96755,daily,PilotCounts.xlsx,AllChum,AE33,2025,
2025,pilot,Chum,2025-06-29,06/29,8877,8877,105632,daily,PilotCounts.xlsx,AllChum,AE34,2025,
2025,pilot,Chum,2025-06-30,06/30,41575,41575,147207,daily,PilotCounts.xlsx,AllChum,AE35,2025,
2025,pilot,Chum,2025-07-01,07/01,52249,52249,199456,daily,PilotCounts.xlsx,AllChum,AE36,2025,
2025,pilot,Chum,2025-07-02,07/02,26274,26274,225730,daily,PilotCounts.xlsx,AllChum,AE37,2025,
2025,pilot,Chum,2025-07-03,07/03,12099,12099,237829,daily,PilotCounts.xlsx,AllChum,AE38,2025,
2025,pilot,Chum,2025-07-04,07/04,12311,12311,250140,daily,PilotCounts.xlsx,AllChum,AE39,2025,
2025,pilot,Chum,2025-07-05,07/05,7934,7934,258074,daily,PilotCounts.xlsx,AllChum,AE40,2025,
2025,pilot,Chum,2025-07-06,07/06,4425,4425,262499,daily,PilotCounts.xlsx,AllChum,AE41,2025,
2025,pilot,Chum,2025-07-07,07/07,4069,4069,266568,daily,PilotCounts.xlsx,AllChum,AE42,2025,
2025,pilot,Chum,2025-07-08,07/08,5152,5152,271720,daily,PilotCounts.xlsx,AllChum,AE43,2025,
2025,pilot,Chum,2025-07-09,07/09,6046,6046,277766,daily,PilotCounts.xlsx,AllChum,AE44,2025,
2025,pilot,Chum,2025-07-10,07/10,5874,5874,283640,daily,PilotCounts.xlsx,AllChum,AE45,2025,
2025,pilot,Chum,2025-07-11,07/11,12344,12344,295984,daily,PilotCounts.xlsx,AllChum,AE46,2025,
2025,pilot,Chum,2025-07-12,07/12,13087,13087,309071,daily,PilotCounts.xlsx,AllChum,AE47,2025,
2025,pilot,Chum,2025-07-13,07/13,8341,8341,317412,daily,PilotCounts.xlsx,AllChum,AE48,2025,
2025,pilot,Chum,2025-07-14,07/14,9053,9053,326465,daily,PilotCounts.xlsx,AllChum,AE49,2025,
2025,pilot,Chum,2025-07-15,07/15,5635,5635,332100,daily,PilotCounts.xlsx,AllChum,AE50,2025,
2025,pilot,Chum,2025-07-16,07/16,1390,1390,333490,daily,PilotCounts.xlsx,AllChum,AE51,2025,
2025,pilot,Chum,2025-07-17,07/17,1783,1783,335273,daily,PilotCounts.xlsx,AllChum,AE52,2025,
2025,pilot,Chum,2025-07-18,07/18,12256,12256,347529,daily,PilotCounts.xlsx,AllChum,AE53,2025,
2025,pilot,Chum,2025-07-19,07/19,11005,11005,358534,daily,PilotCounts.xlsx,AllChum,AE54,2025,
2025,pilot,Chum,2025-07-20,07/20,4557,4557,363091,daily,PilotCounts.xlsx,AllChum,AE55,2025,
2025,pilot,Chum,2025-07-21,07/21,1235,1235,364326,daily,PilotCounts.xlsx,AllChum,AE56,2025,
2025,pilot,Chum,2025-07-22,07/22,769,769,365095,daily,PilotCounts.xlsx,AllChum,AE57,2025,
2025,pilot,Chum,2025-07-23,07/23,1182,1182,366277,daily,PilotCounts.xlsx,AllChum,AE58,2025,
2025,pilot,Chum,2025-07-24,07/24,6017,6017,372294,daily,PilotCounts.xlsx,AllChum,AE59,2025,
2025,pilot,Chum,2025-07-25,07/25,9763,9763,382057,daily,PilotCounts.xlsx,AllChum,AE60,2025,
2025,pilot,Chum,2025-07-26,07/26,9126,9126,391183,daily,PilotCounts.xlsx,AllChum,AE61,2025,
2025,pilot,Chum,2025-07-27,07/27,4203,4203,395386,daily,PilotCounts.xlsx,AllChum,AE62,2025,
2025,pilot,Chum,2025-07-28,07/28,5596,5596,400982,daily,PilotCounts.xlsx,AllChum,AE63,2025,
2025,pilot,Chum,2025-07-29,07/29,6990,6990,407972,daily,PilotCounts.xlsx,AllChum,AE64,2025,
2025,pilot,Chum,2025-07-30,07/30,3852,3852,411824,daily,PilotCounts.xlsx,AllChum,AE65,2025,
2025,pilot,Chum,2025-07-31,07/31,1133,1133,412957,daily,PilotCounts.xlsx,AllChum,AE66,2025,
2025,pilot,Chum,2025-08-01,08/01,10723,10723,423680,daily,PilotCounts.xlsx,AllChum,AE67,2025,
2025,pilot,Chum,2025-08-02,08/02,10243,10243,433923,daily,PilotCounts.xlsx,AllChum,AE68,2025,
2025,pilot,Chum,2025-08-03,08/03,8715,8715,442638,daily,PilotCounts.xlsx,AllChum,AE69,2025,
2025,pilot,Chum,2025-08-04,08/04,5706,5706,448344,daily,PilotCounts.xlsx,AllChum,AE70,2025,
2025,pilot,Chum,2025-08-05,08/05,1392,1392,449736,daily,PilotCounts.xlsx,AllChum,AE71,2025,
2025,pilot,Chum,2025-08-06,08/06,311,311,450047,daily,PilotCounts.xlsx,AllChum,AE72,2025,
2025,pilot,Chum,2025-08-07,08/07,490,490,450537,daily,PilotCounts.xlsx,AllChum,AE73,2025,
2025,pilot,Chum,2025-08-08,08/08,270,270,450807,daily,PilotCounts.xlsx,AllChum,AE74,2025,
2025,pilot,Chum,2025-08-09,08/09,534,534,451341,daily,PilotCounts.xlsx,AllChum,AE75,2025,
2025,pilot,Chum,2025-08-10,08/10,704,704,452045,daily,PilotCounts.xlsx,AllChum,AE76,2025,
2025,pilot,Chum,2025-08-11,08/11,10149,10149,462194,daily,PilotCounts.xlsx,AllChum,AE77,2025,
2025,pilot,Chum,2025-08-12,08/12,40564,40564,502758,daily,PilotCounts.xlsx,AllChum,AE78,2025,
2025,pilot,Chum,2025-08-13,08/13,35654,35654,538412,daily,PilotCounts.xlsx,AllChum,AE79,2025,
2025,pilot,Chum,2025-08-14,08/14,14174,14174,552586,daily,PilotCounts.xlsx,AllChum,AE80,2025,
2025,pilot,Chum,2025-08-15,08/15,15787,15787,568373,daily,PilotCounts.xlsx,AllChum,AE81,2025,
2025,pilot,Chum,2025-08-16,08/16,14201,14201,582574,daily,PilotCounts.xlsx,AllChum,AE82,2025,
2025,pilot,Chum,2025-08-17,08/17,5598,5598,588172,daily,PilotCounts.xlsx,AllChum,AE83,2025,
2025,pilot,Chum,2025-08-18,08/18,6453,6453,594625,daily,PilotCounts.xlsx,AllChum,AE84,2025,
2025,pilot,Chum,2025-08-19,08/19,4314,4314,598939,daily,PilotCounts.xlsx,AllChum,AE85,2025,
2025,pilot,Chum,2025-08-20,08/20,2204,2204,601143,daily,PilotCounts.xlsx,AllChum,AE86,2025,
2025,pilot,Chum,2025-08-21,08/21,1202,1202,602345,daily,PilotCounts.xlsx,AllChum,AE87,2025,
2025,pilot,Chum,2025-08-22,08/22,6779,6779,609124,daily,PilotCounts.xlsx,AllChum,AE88,2025,
2025,pilot,Chum,2025-08-23,08/23,6510,6510,615634,daily,PilotCounts.xlsx,AllChum,AE89,2025,
2025,pilot,Chum,2025-08-24,08/24,20292,20292,635926,daily,PilotCounts.xlsx,AllChum,AE90,2025,
2025,pilot,Chum,2025-08-25,08/25,14294,14294,650220,daily,PilotCounts.xlsx,AllChum,AE91,2025,
2025,pilot,Chum,2025-08-26,08/26,6636,6636,656856,daily,PilotCounts.xlsx,AllChum,AE92,2025,
2025,pilot,Chum,2025-08-27,08/27,4171,4171,661027,daily,PilotCounts.xlsx,AllChum,AE93,2025,
2025,pilot,Chum,2025-08-28,08/28,3433,3433,664460,daily,PilotCounts.xlsx,AllChum,AE94,2025,
2025,pilot,Chum,2025-08-29,08/29,4149,4149,668609,daily,PilotCounts.xlsx,AllChum,AE95,2025,
2025,pilot,Chum,2025-08-30,08/30,7277,7277,675886,daily,PilotCounts.xlsx,AllChum,AE96,2025,
2025,pilot,Chum,2025-08-31,08/31,2989,2989,678875,daily,PilotCounts.xlsx,AllChum,AE97,2025,
2025,pilot,Chum,2025-09-01,09/01,3455,3455,682330,daily,PilotCounts.xlsx,AllChum,AE98,2025,
2025,pilot,Chum,2025-09-02,09/02,2224,2224,684554,daily,PilotCounts.xlsx,AllChum,AE99,2025,
2025,pilot,Chum,2025-09-03,09/03,1519,1519,686073,daily,PilotCounts.xlsx,AllChum,AE100,2025,
2025,pilot,Chum,2025-09-04,09/04,1708,1708,687781,daily,PilotCounts.xlsx,AllChum,AE101,2025,
2025,pilot,Chum,2025-09-05,09/05,1072,1072,688853,daily,PilotCounts.xlsx,AllChum,AE102,2025,
2025,pilot,Chum,2025-09-06,09/06,1130,1130,689983,daily,PilotCounts.xlsx,AllChum,AE103,2025,
2025,pilot,Chum,2025-09-07,09/07,972,972,690955,daily,PilotCounts.xlsx,AllChum,AE104,2025,
2025,pilot,Pink,2025-06-04,06/04,0,,0,cumulative,PilotCounts.xlsx,Pink,AE9,2025,
2025,pilot,Pink,2025-06-05,06/05,0,0,0,cumulative,PilotCounts.xlsx,Pink,AE10,2025,
2025,pilot,Pink,2025-06-06,06/06,0,0,0,cumulative,PilotCounts.xlsx,Pink,AE11,2025,
2025,pilot,Pink,2025-06-07,06/07,0,0,0,cumulative,PilotCounts.xlsx,Pink,AE12,2025,
2025,pilot,Pink,2025-06-08,06/08,0,0,0,cumulative,PilotCounts.xlsx,Pink,AE13,2025,
2025,pilot,Pink,2025-06-09,06/09,0,0,0,cumulative,PilotCounts.xlsx,Pink,AE14,2025,
2025,pilot,Pink,2025-06-10,06/10,0,0,0,cumulative,PilotCounts.xlsx,Pink,AE15,2025,
2025,pilot,Pink,2025-06-11,06/11,0,0,0,cumulative,PilotCounts.xlsx,Pink,AE16,2025,
2025,pilot,Pink,2025-06-12,06/12,0,0,0,cumulative,PilotCounts.xlsx,Pink,AE17,2025,
2025,pilot,Pink,2025-06-13,06/13,0,0,0,cumulative,PilotCounts.xlsx,Pink,AE18,2025,
2025,pilot,Pink,2025-06-14,06/14,0,0,0,cumulative,PilotCounts.xlsx,Pink,AE19,2025,
2025,pilot,Pink,2025-06-15,06/15,0,0,0,cumulative,PilotCounts.xlsx,Pink,AE20,2025,
2025,pilot,Pink,2025-06-16,06/16,0,0,0,cumulative,PilotCounts.xlsx,Pink,AE21,2025,
2025,pilot,Pink,2025-06-17,06/17,0,0,0,cumulative,PilotCounts.xlsx,Pink,AE22,2025,
2025,pilot,Pink,2025-06-18,06/18,0,0,0,cumulative,PilotCounts.xlsx,Pink,AE23,2025,
2025,pilot,Pink,2025-06-19,06/19,0,0,0,cumulative,PilotCounts.xlsx,Pink,AE24,2025,
2025,pilot,Pink,2025-06-20,06/20,0,0,0,cumulative,PilotCounts.xlsx,Pink,AE25,2025,
2025,pilot,Pink,2025-06-21,06/21,0,0,0,cumulative,PilotCounts.xlsx,Pink,AE26,2025,
2025,pilot,Pink,2025-06-22,06/22,0,0,0,cumulative,PilotCounts.xlsx,Pink,AE27,2025,
2025,pilot,Pink,2025-06-23,06/23,0,0,0,cumulative,PilotCounts.xlsx,Pink,AE28,2025,
2025,pilot,Pink,2025-06-24,06/24,0,0,0,cumulative,PilotCounts.xlsx,Pink,AE29,2025,
2025,pilot,Pink,2025-06-25,06/25,0,0,0,cumulative,PilotCounts.xlsx,Pink,AE30,2025,
2025,pilot,Pink,2025-06-26,06/26,0,0,0,cumulative,PilotCounts.xlsx,Pink,AE31,2025,
2025,pilot,Pink,2025-06-27,06/27,0,0,0,cumulative,PilotCounts.xlsx,Pink,AE32,2025,
2025,pilot,Pink,2025-06-28,06/28,0,0,0,cumulative,PilotCounts.xlsx,Pink,AE33,2025,
2025,pilot,Pink,2025-06-29,06/29,0,0,0,cumulative,PilotCounts.xlsx,Pink,AE34,2025,
2025,pilot,Pink,2025-06-30,06/30,0,0,0,cumulative,PilotCounts.xlsx,Pink,AE35,2025,
2025,pilot,Pink,2025-07-01,07/01,0,0,0,cumulative,PilotCounts.xlsx,Pink,AE36,2025,
2025,pilot,Pink,2025-07-02,07/02,0,0,0,cumulative,PilotCounts.xlsx,Pink,AE37,2025,
2025,pilot,Pink,2025-07-03,07/03,0,0,0,cumulative,PilotCounts.xlsx,Pink,AE38,2025,
2025,pilot,Pink,2025-07-04,07/04,0,0,0,cumulative,PilotCounts.xlsx,Pink,AE39,2025,
2025,pilot,Pink,2025-07-05,07/05,0,0,0,cumulative,PilotCounts.xlsx,Pink,AE40,2025,
2025,pilot,Pink,2025-07-06,07/06,0,0,0,cumulative,PilotCounts.xlsx,Pink,AE41,2025,
2025,pilot,Pink,2025-07-07,07/07,0,0,0,cumulative,PilotCounts.xlsx,Pink,AE42,2025,
2025,pilot,Pink,2025-07-08,07/08,0,0,0,cumulative,PilotCounts.xlsx,Pink,AE43,2025,
2025,pilot,Pink,2025-07-09,07/09,0,0,0,cumulative,PilotCounts.xlsx,Pink,AE44,2025,
2025,pilot,Pink,2025-07-10,07/10,0,0,0,cumulative,PilotCounts.xlsx,Pink,AE45,2025,
2025,pilot,Pink,2025-07-11,07/11,0,0,0,cumulative,PilotCounts.xlsx,Pink,AE46,2025,
2025,pilot,Pink,2025-07-12,07/12,0,0,0,cumulative,PilotCounts.xlsx,Pink,AE47,2025,
2025,pilot,Pink,2025-07-13,07/13,0,0,0,cumulative,PilotCounts.xlsx,Pink,AE48,2025,
2025,pilot,Pink,2025-07-14,07/14,0,0,0,cumulative,PilotCounts.xlsx,Pink,AE49,2025,
2025,pilot,Pink,2025-07-15,07/15,0,0,0,cumulative,PilotCounts.xlsx,Pink,AE50,2025,
2025,pilot,Pink,2025-07-16,07/16,523,523,523,cumulative,PilotCounts.xlsx,Pink,AE51,2025,
2025,pilot,Pink,2025-07-17,07/17,523,0,523,cumulative,PilotCounts.xlsx,Pink,AE52,2025,
2025,pilot,Pink,2025-07-18,07/18,523,0,523,cumulative,PilotCounts.xlsx,Pink,AE53,2025,
2025,pilot,Pink,2025-07-19,07/19,523,0,523,cumulative,PilotCounts.xlsx,Pink,AE54,2025,
2025,pilot,Pink,2025-07-20,07/20,833,310,833,cumulative,PilotCounts.xlsx,Pink,AE55,2025,
2025,pilot,Pink,2025-07-21,07/21,833,0,833,cumulative,PilotCounts.xlsx,Pink,AE56,2025,
2025,pilot,Pink,2025-07-22,07/22,833,0,833,cumulative,PilotCounts.xlsx,Pink,AE57,2025,
2025,pilot,Pink,2025-07-23,07/23,833,0,833,cumulative,PilotCounts.xlsx,Pink,AE58,2025,
2025,pilot,Pink,2025-07-24,07/24,833,0,833,cumulative,PilotCounts.xlsx,Pink,AE59,2025,
2025,pilot,Pink,2025-07-25,07/25,958,125,958,cumulative,PilotCounts.xlsx,Pink,AE60,2025,
2025,pilot,Pink,2025-07-26,07/26,958,0,958,cumulative,PilotCounts.xlsx,Pink,AE61,2025,
2025,pilot,Pink,2025-07-27,07/27,958,0,958,cumulative,PilotCounts.xlsx,Pink,AE62,2025,
2025,pilot,Pink,2025-07-28,07/28,1439,481,1439,cumulative,PilotCounts.xlsx,Pink,AE63,2025,
2025,pilot,Pink,2025-07-29,07/29,1439,0,1439,cumulative,PilotCounts.xlsx,Pink,AE64,2025,
2025,pilot,Pink,2025-07-30,07/30,1439,0,1439,cumulative,PilotCounts.xlsx,Pink,AE65,2025,
2025,pilot,Pink,2025-07-31,07/31,1439,0,1439,cumulative,PilotCounts.xlsx,Pink,AE66,2025,
2025,pilot,Pink,2025-08-01,08/01,1439,0,1439,cumulative,PilotCounts.xlsx,Pink,AE67,2025,
2025,pilot,Pink,2025-08-02,08/02,1439,0,1439,cumulative,PilotCounts.xlsx,Pink,AE68,2025,
2025,pilot,Pink,2025-08-03,08/03,1593,154,1593,cumulative,PilotCounts.xlsx,Pink,AE69,2025,
2025,pilot,Pink,2025-08-04,08/04,1593,0,1593,cumulative,PilotCounts.xlsx,Pink,AE70,2025,
2025,pilot,Pink,2025-08-05,08/05,1593,0,1593,cumulative,PilotCounts.xlsx,Pink,AE71,2025,
2025,pilot,Pink,2025-08-06,08/06,1593,0,1593,cumulative,PilotCounts.xlsx,Pink,AE72,2025,
2025,pilot,Pink,2025-08-07,08/07,1593,0,1593,cumulative,PilotCounts.xlsx,Pink,AE73,2025,
2025,pilot,Pink,2025-08-08,08/08,1593,0,1593,cumulative,PilotCounts.xlsx,Pink,AE74,2025,
2025,pilot,Pink,2025-08-09,08/09,1593,0,1593,cumulative,PilotCounts.xlsx,Pink,AE75,2025,
2025,pilot,Pink,2025-08-10,08/10,1593,0,1593,cumulative,PilotCounts.xlsx,Pink,AE76,2025,
2025,pilot,Pink,2025-08-11,08/11,1593,0,1593,cumulative,PilotCounts.xlsx,Pink,AE77,2025,
2025,pilot,Pink,2025-08-12,08/12,1593,0,1593,cumulative,PilotCounts.xlsx,Pink,AE78,2025,
2025,pilot,Pink,2025-08-13,08/13,1593,0,1593,cumulative,PilotCounts.xlsx,Pink,AE79,2025,
2025,pilot,Pink,2025-08-14,08/14,1593,0,1593,cumulative,PilotCounts.xlsx,Pink,AE80,2025,
2025,pilot,Pink,2025-08-15,08/15,1593,0,1593,cumulative,PilotCounts.xlsx,Pink,AE81,2025,
2025,pilot,Pink,2025-08-16,08/16,1593,0,1593,cumulative,PilotCounts.xlsx,Pink,AE82,2025,
2025,pilot,Pink,2025-08-17,08/17,1593,0,1593,cumulative,PilotCounts.xlsx,Pink,AE83,2025,
2025,pilot,Pink,2025-08-18,08/18,1593,0,1593,cumulative,PilotCounts.xlsx,Pink,AE84,2025,
2025,pilot,Pink,2025-08-19,08/19,1593,0,1593,cumulative,PilotCounts.xlsx,Pink,AE85,2025,
2025,pilot,Pink,2025-08-20,08/20,1593,0,1593,cumulative,PilotCounts.xlsx,Pink,AE86,2025,
2025,pilot,Pink,2025-08-21,08/21,1593,0,1593,cumulative,PilotCounts.xlsx,Pink,AE87,2025,
2025,pilot,Pink,2025-08-22,08/22,1593,0,1593,cumulative,PilotCounts.xlsx,Pink,AE88,2025,
2025,pilot,Pink,2025-08-23,08/23,1593,0,1593,cumulative,PilotCounts.xlsx,Pink,AE89,2025,
2025,pilot,Pink,2025-08-24,08/24,1593,0,1593,cumulative,PilotCounts.xlsx,Pink,AE90,2025,
2025,pilot,Pink,2025-08-25,08/25,1593,0,1593,cumulative,PilotCounts.xlsx,Pink,AE91,2025,
2025,pilot,Pink,2025-08-26,08/26,1593,0,1593,cumulative,PilotCounts.xlsx,Pink,AE92,2025,
2025,pilot,Pink,2025-08-27,08/27,1593,0,1593,cumulative,PilotCounts.xlsx,Pink,AE93,2025,
2025,pilot,Pink,2025-08-28,08/28,1593,0,1593,cumulative,PilotCounts.xlsx,Pink,AE94,2025,
2025,pilot,Pink,2025-08-29,08/29,1593,0,1593,cumulative,PilotCounts.xlsx,Pink,AE95,2025,
2025,pilot,Pink,2025-08-30,08/30,1593,0,1593,cumulative,PilotCounts.xlsx,Pink,AE96,2025,
2025,pilot,Pink,2025-08-31,08/31,1593,0,1593,cumulative,PilotCounts.xlsx,Pink,AE97,2025,
2025,pilot,Pink,2025-09-01,09/01,1593,0,1593,cumulative,PilotCounts.xlsx,Pink,AE98,2025,
2025,pilot,Pink,2025-09-02,09/02,1593,0,1593,cumulative,PilotCounts.xlsx,Pink,AE99,2025,
2025,pilot,Pink,2025-09-03,09/03,1593,0,1593,cumulative,PilotCounts.xlsx,Pink,AE100,2025,
2025,pilot,Pink,2025-09-04,09/04,1593,0,1593,cumulative,PilotCounts.xlsx,Pink,AE101,2025,
2025,pilot,Pink,2025-09-05,09/05,1593,0,1593,cumulative,PilotCounts.xlsx,Pink,AE102,2025,
2025,pilot,Pink,2025-09-06,09/06,1593,0,1593,cumulative,PilotCounts.xlsx,Pink,AE103,2025,
2025,pilot,Pink,2025-09-07,09/07,1593,0,1593,cumulative,PilotCounts.xlsx,Pink,AE104,2025,
,EF_Andreafsky,Pink,,06/14,0,,,cumulative,EF_Andreafsky_PinkCounts.xlsx,Sheet1,BL2,,
,EF_Andreafsky,Pink,,06/15,0,,,cumulative,EF_Andreafsky_PinkCounts.xlsx,Sheet1,BL3,,
